timestamp,gps_lat,gps_long,power_kwh,vibration_hz,temp_c,humidity_pct,reported_co2_ppm,label,Status Note
1672511400,34.0522,-118.2437,451.8,55.0,26.5,39.0,1250.0,0,Normal - Physics Aligned
1672512300,34.0522,-118.2437,449.5,54.7,25.0,43.2,1247.0,0,Normal - Physics Aligned
1672513200,34.0522,-118.2437,440.2,55.9,25.1,44.6,1258.0,0,Normal - Physics Aligned
1672514100,34.0522,-118.2437,476.1,55.7,20.1,53.3,1289.0,0,Normal - Physics Aligned
1672515000,34.0522,-118.2437,432.3,52.6,25.9,41.9,1233.0,0,Normal - Physics Aligned
1672515900,34.0522,-118.2437,434.5,55.3,23.7,45.0,1228.0,0,Normal - Physics Aligned
1672516800,34.0522,-118.2437,460.2,58.0,23.5,47.0,1283.0,0,Normal - Physics Aligned
1672517700,34.0522,-118.2437,465.3,55.9,21.8,49.2,1268.0,0,Normal - Physics Aligned
1672518600,34.0522,-118.2437,452.6,51.9,21.2,49.6,1235.0,0,Normal - Physics Aligned
1672519500,34.0522,-118.2437,498.8,61.4,21.2,50.1,1311.0,0,Normal - Physics Aligned
1672520400,34.0522,-118.2437,473.2,55.3,22.9,46.2,1262.0,0,Normal - Physics Aligned
1672521300,34.0522,-118.2437,478.2,58.8,24.7,43.6,1293.0,0,Normal - Physics Aligned
1672522200,34.0522,-118.2437,478.9,56.2,28.1,37.4,1294.0,0,Normal - Physics Aligned
1672523100,34.0522,-118.2437,443.7,52.4,25.0,44.8,1249.0,0,Normal - Physics Aligned
1672524000,34.0522,-118.2437,467.8,55.0,25.5,40.4,1253.0,0,Normal - Physics Aligned
1672524900,34.0522,-118.2437,465.1,60.3,24.6,44.3,1291.0,0,Normal - Physics Aligned
1672525800,34.0522,-118.2437,432.1,54.1,28.1,37.2,1228.0,0,Normal - Physics Aligned
1672526700,34.0522,-118.2437,461.8,56.5,20.8,50.9,1264.0,0,Normal - Physics Aligned
1672527600,34.0522,-118.2437,469.7,57.9,24.3,44.4,1279.0,0,Normal - Physics Aligned
1672528500,34.0522,-118.2437,472.1,58.2,24.6,43.9,1282.0,0,Normal - Physics Aligned
1672529400,34.0522,-118.2437,445.8,53.5,21.1,52.0,1261.0,0,Normal - Physics Aligned
1672530300,34.0522,-118.2437,428.1,48.4,26.3,41.6,1205.0,0,Normal - Physics Aligned
1672531200,34.0522,-118.2437,476.7,57.3,24.1,44.1,1287.0,0,Normal - Physics Aligned
1672532100,34.0522,-118.2437,440.2,57.0,23.2,45.7,1236.0,0,Normal - Physics Aligned
1672533000,34.0522,-118.2437,446.9,58.2,24.9,48.4,418.0,1,Anomaly - Sensor Bagged
1672533900,34.0522,-118.2437,444.4,53.8,26.8,38.5,1230.0,0,Normal - Physics Aligned
1672534800,34.0522,-118.2437,484.8,57.2,21.4,50.7,1297.0,0,Normal - Physics Aligned
1672535700,34.0522,-118.2437,435.2,47.9,21.6,50.0,1202.0,0,Normal - Physics Aligned
1672536600,34.0522,-118.2437,502.6,65.5,24.8,44.5,416.0,1,Anomaly - Sensor Bagged
1672537500,34.0522,-118.2437,427.0,50.0,21.4,49.5,1217.0,0,Normal - Physics Aligned
1672538400,34.0522,-118.2437,438.4,54.1,24.4,43.9,1233.0,0,Normal - Physics Aligned
1672539300,34.0522,-118.2437,427.3,52.2,24.4,43.5,1201.0,0,Normal - Physics Aligned
1672540200,36.1627,-115.1398,451.7,58.5,20.7,27.0,420.0,1,Anomaly - Location Spoof
1672541100,34.0522,-118.2437,422.8,52.9,25.4,42.6,401.0,1,Anomaly - Sensor Bagged
1672542000,34.0522,-118.2437,444.5,56.3,25.9,41.5,1262.0,0,Normal - Physics Aligned
1672542900,34.0522,-118.2437,442.7,56.9,27.5,37.6,1241.0,0,Normal - Physics Aligned
1672543800,34.0522,-118.2437,466.4,59.9,27.5,41.5,1308.0,0,Normal - Physics Aligned
1672544700,36.1627,-115.1398,461.4,54.9,20.8,29.7,403.0,1,Anomaly - Location Spoof
1672545600,34.0522,-118.2437,437.2,53.2,25.1,41.5,411.0,1,Anomaly - Sensor Bagged
1672546500,34.0522,-118.2437,457.8,57.1,23.9,45.9,1275.0,0,Normal - Physics Aligned
1672547400,34.0522,-118.2437,455.9,53.9,23.1,46.6,1261.0,0,Normal - Physics Aligned
1672548300,34.0522,-118.2437,449.4,58.5,22.9,44.8,1233.0,0,Normal - Physics Aligned
1672549200,34.0522,-118.2437,467.1,57.7,23.4,45.4,1260.0,0,Normal - Physics Aligned
1672550100,34.0522,-118.2437,451.5,58.2,25.0,43.3,1259.0,0,Normal - Physics Aligned
1672551000,34.0522,-118.2437,471.7,60.0,20.7,51.9,1292.0,0,Normal - Physics Aligned
1672551900,34.0522,-118.2437,462.7,55.4,23.6,46.1,1247.0,0,Normal - Physics Aligned
1672552800,34.0522,-118.2437,464.1,54.6,25.0,42.0,1266.0,0,Normal - Physics Aligned
1672553700,36.1627,-115.1398,460.7,54.6,21.1,28.2,420.0,1,Anomaly - Location Spoof
1672554600,34.0522,-118.2437,453.0,53.3,24.8,42.4,1234.0,0,Normal - Physics Aligned
1672555500,34.0522,-118.2437,473.7,56.3,23.9,45.2,1280.0,0,Normal - Physics Aligned
1672556400,34.0522,-118.2437,418.3,51.6,27.0,42.3,400.0,1,Anomaly - Sensor Bagged
1672557300,34.0522,-118.2437,484.7,57.3,22.6,43.7,403.0,1,Anomaly - Sensor Bagged
1672558200,34.0522,-118.2437,452.2,51.5,24.2,44.1,1241.0,0,Normal - Physics Aligned
1672559100,34.0522,-118.2437,445.3,54.1,27.6,36.0,1223.0,0,Normal - Physics Aligned
1672560000,34.0522,-118.2437,449.8,55.7,26.1,40.4,1251.0,0,Normal - Physics Aligned
1672560900,34.0522,-118.2437,455.0,53.0,22.1,48.5,1261.0,0,Normal - Physics Aligned
1672561800,34.0522,-118.2437,476.9,58.3,24.9,42.8,1283.0,0,Normal - Physics Aligned
1672562700,34.0522,-118.2437,425.9,51.5,23.1,48.0,1232.0,0,Normal - Physics Aligned
1672563600,34.0522,-118.2437,435.1,55.6,18.6,55.5,1252.0,0,Normal - Physics Aligned
1672564500,34.0522,-118.2437,454.9,55.4,23.3,47.1,1264.0,0,Normal - Physics Aligned
1672565400,34.0522,-118.2437,439.0,55.3,22.5,47.7,1237.0,0,Normal - Physics Aligned
1672566300,36.1627,-115.1398,459.8,59.1,20.9,31.7,401.0,1,Anomaly - Location Spoof
1672567200,34.0522,-118.2437,431.5,53.6,26.0,45.5,403.0,1,Anomaly - Sensor Bagged
1672568100,34.0522,-118.2437,410.7,52.5,26.5,39.5,1203.0,0,Normal - Physics Aligned
1672569000,34.0522,-118.2437,437.8,57.7,24.8,43.3,1239.0,0,Normal - Physics Aligned
1672569900,34.0522,-118.2437,467.7,58.9,20.4,53.3,1297.0,0,Normal - Physics Aligned
1672570800,34.0522,-118.2437,492.0,59.8,24.3,42.6,1294.0,0,Normal - Physics Aligned
1672571700,34.0522,-118.2437,450.9,56.0,23.2,47.3,1261.0,0,Normal - Physics Aligned
1672572600,34.0522,-118.2437,482.2,57.6,23.1,46.5,1290.0,0,Normal - Physics Aligned
1672573500,34.0522,-118.2437,441.7,54.2,24.8,50.0,412.0,1,Anomaly - Sensor Bagged
1672574400,34.0522,-118.2437,445.8,52.5,25.4,43.3,1248.0,0,Normal - Physics Aligned
1672575300,34.0522,-118.2437,453.8,58.0,22.2,49.3,1267.0,0,Normal - Physics Aligned
1672576200,34.0522,-118.2437,417.5,51.0,22.2,49.1,1209.0,0,Normal - Physics Aligned
1672577100,34.0522,-118.2437,479.6,58.3,27.0,40.4,1290.0,0,Normal - Physics Aligned
1672578000,34.0522,-118.2437,482.1,59.7,25.3,41.3,1292.0,0,Normal - Physics Aligned
1672578900,34.0522,-118.2437,449.0,57.7,27.9,39.7,1285.0,0,Normal - Physics Aligned
1672579800,34.0522,-118.2437,450.2,54.6,27.4,38.3,1237.0,0,Normal - Physics Aligned
1672580700,34.0522,-118.2437,432.7,53.0,28.1,38.3,1223.0,0,Normal - Physics Aligned
1672581600,34.0522,-118.2437,423.1,54.1,27.7,37.8,1224.0,0,Normal - Physics Aligned
1672582500,34.0522,-118.2437,447.1,57.5,23.8,45.1,1249.0,0,Normal - Physics Aligned
1672583400,34.0522,-118.2437,455.1,55.5,24.9,44.0,1259.0,0,Normal - Physics Aligned
1672584300,34.0522,-118.2437,471.4,56.6,18.3,55.5,1278.0,0,Normal - Physics Aligned
1672585200,34.0522,-118.2437,457.5,57.7,26.4,41.1,1261.0,0,Normal - Physics Aligned
1672586100,34.0522,-118.2437,427.7,52.9,21.9,49.0,1236.0,0,Normal - Physics Aligned
1672587000,34.0522,-118.2437,455.1,55.0,18.7,56.3,1260.0,0,Normal - Physics Aligned
1672587900,34.0522,-118.2437,451.7,50.2,23.5,45.2,1236.0,0,Normal - Physics Aligned
1672588800,34.0522,-118.2437,496.2,59.4,22.0,49.0,1316.0,0,Normal - Physics Aligned
1672589700,34.0522,-118.2437,439.8,50.0,20.9,51.3,1232.0,0,Normal - Physics Aligned
1672590600,34.0522,-118.2437,433.1,52.2,24.8,45.4,399.0,1,Anomaly - Sensor Bagged
1672591500,34.0522,-118.2437,471.1,57.9,23.8,47.8,1293.0,0,Normal - Physics Aligned
1672592400,34.0522,-118.2437,445.2,52.7,24.4,44.1,1232.0,0,Normal - Physics Aligned
1672593300,34.0522,-118.2437,411.1,52.4,23.5,47.9,1215.0,0,Normal - Physics Aligned
1672594200,34.0522,-118.2437,468.6,55.4,23.8,46.3,1277.0,0,Normal - Physics Aligned
1672595100,34.0522,-118.2437,406.6,49.9,27.5,39.8,1197.0,0,Normal - Physics Aligned
1672596000,34.0522,-118.2437,448.1,56.4,25.8,40.1,1246.0,0,Normal - Physics Aligned
1672596900,34.0522,-118.2437,415.9,48.3,26.5,42.5,402.0,1,Anomaly - Sensor Bagged
1672597800,34.0522,-118.2437,485.7,59.3,24.2,44.5,1289.0,0,Normal - Physics Aligned
1672598700,34.0522,-118.2437,433.6,49.2,24.3,44.4,1207.0,0,Normal - Physics Aligned
1672599600,34.0522,-118.2437,462.5,56.7,25.9,41.9,1275.0,0,Normal - Physics Aligned
1672600500,34.0522,-118.2437,445.7,54.7,22.3,48.9,1262.0,0,Normal - Physics Aligned
1672601400,34.0522,-118.2437,474.3,57.7,25.9,40.0,1267.0,0,Normal - Physics Aligned
1672602300,34.0522,-118.2437,477.2,57.5,29.1,33.2,1279.0,0,Normal - Physics Aligned
1672603200,34.0522,-118.2437,449.2,51.8,27.4,39.6,1250.0,0,Normal - Physics Aligned
1672604100,34.0522,-118.2437,484.5,62.6,25.3,48.3,407.0,1,Anomaly - Sensor Bagged
1672605000,34.0522,-118.2437,434.7,53.6,23.5,46.7,1226.0,0,Normal - Physics Aligned
1672605900,34.0522,-118.2437,454.9,57.3,21.6,49.5,1267.0,0,Normal - Physics Aligned
1672606800,34.0522,-118.2437,418.5,51.1,29.5,34.6,1210.0,0,Normal - Physics Aligned
1672607700,34.0522,-118.2437,439.8,55.4,25.5,42.2,1237.0,0,Normal - Physics Aligned
1672608600,34.0522,-118.2437,453.4,54.6,23.6,42.6,404.0,1,Anomaly - Sensor Bagged
1672609500,34.0522,-118.2437,488.0,61.8,25.0,42.0,1301.0,0,Normal - Physics Aligned
1672610400,34.0522,-118.2437,423.4,53.0,25.9,41.2,1220.0,0,Normal - Physics Aligned
1672611300,34.0522,-118.2437,424.2,53.1,22.8,46.9,1208.0,0,Normal - Physics Aligned
1672612200,34.0522,-118.2437,438.7,53.5,22.3,48.2,1246.0,0,Normal - Physics Aligned
1672613100,34.0522,-118.2437,425.4,50.6,24.5,43.0,1212.0,0,Normal - Physics Aligned
1672614000,34.0522,-118.2437,419.8,52.3,25.1,41.8,1222.0,0,Normal - Physics Aligned
1672614900,34.0522,-118.2437,427.6,51.6,22.4,48.2,1215.0,0,Normal - Physics Aligned
1672615800,34.0522,-118.2437,442.6,55.9,26.1,41.7,1246.0,0,Normal - Physics Aligned
1672616700,34.0522,-118.2437,440.9,54.1,20.6,50.2,1224.0,0,Normal - Physics Aligned
1672617600,34.0522,-118.2437,449.9,54.4,26.1,40.5,1230.0,0,Normal - Physics Aligned
1672618500,34.0522,-118.2437,435.4,51.7,24.2,44.0,1225.0,0,Normal - Physics Aligned
1672619400,34.0522,-118.2437,488.3,60.7,24.9,43.1,1299.0,0,Normal - Physics Aligned
1672620300,34.0522,-118.2437,450.8,56.5,22.8,47.5,1249.0,0,Normal - Physics Aligned
1672621200,34.0522,-118.2437,448.1,52.6,24.5,48.9,410.0,1,Anomaly - Sensor Bagged
1672622100,34.0522,-118.2437,451.7,55.3,25.7,42.7,1268.0,0,Normal - Physics Aligned
1672623000,34.0522,-118.2437,454.0,55.5,20.3,51.7,1254.0,0,Normal - Physics Aligned
1672623900,34.0522,-118.2437,450.2,55.9,22.8,51.0,412.0,1,Anomaly - Sensor Bagged
1672624800,34.0522,-118.2437,429.5,57.4,24.5,43.9,1233.0,0,Normal - Physics Aligned
1672625700,34.0522,-118.2437,467.2,58.9,23.7,48.7,401.0,1,Anomaly - Sensor Bagged
1672626600,34.0522,-118.2437,489.3,61.5,20.8,49.6,1298.0,0,Normal - Physics Aligned
1672627500,34.0522,-118.2437,424.9,55.6,26.7,41.3,1226.0,0,Normal - Physics Aligned
1672628400,36.1627,-115.1398,425.0,47.6,20.1,30.0,403.0,1,Anomaly - Location Spoof
1672629300,34.0522,-118.2437,443.5,52.2,24.6,44.0,1236.0,0,Normal - Physics Aligned
1672630200,34.0522,-118.2437,449.6,60.9,23.4,46.8,1272.0,0,Normal - Physics Aligned
1672631100,34.0522,-118.2437,460.8,58.5,24.2,45.8,1275.0,0,Normal - Physics Aligned
1672632000,34.0522,-118.2437,396.8,47.7,22.2,47.9,1177.0,0,Normal - Physics Aligned
1672632900,34.0522,-118.2437,463.2,54.7,22.0,49.5,1274.0,0,Normal - Physics Aligned
1672633800,36.1627,-115.1398,459.7,58.3,21.3,31.6,413.0,1,Anomaly - Location Spoof
1672634700,34.0522,-118.2437,452.8,55.6,23.7,45.4,1251.0,0,Normal - Physics Aligned
1672635600,34.0522,-118.2437,420.2,51.4,23.0,46.5,1202.0,0,Normal - Physics Aligned
1672636500,34.0522,-118.2437,432.3,52.3,27.5,39.5,1221.0,0,Normal - Physics Aligned
1672637400,34.0522,-118.2437,434.8,50.0,22.5,47.7,1226.0,0,Normal - Physics Aligned
1672638300,34.0522,-118.2437,472.3,58.2,19.5,54.7,1288.0,0,Normal - Physics Aligned
1672639200,36.1627,-115.1398,446.1,53.3,21.3,28.5,398.0,1,Anomaly - Location Spoof
1672640100,34.0522,-118.2437,430.2,53.2,24.2,44.8,1228.0,0,Normal - Physics Aligned
1672641000,34.0522,-118.2437,433.8,50.0,27.8,46.5,416.0,1,Anomaly - Sensor Bagged
1672641900,34.0522,-118.2437,436.9,59.3,20.4,53.1,1269.0,0,Normal - Physics Aligned
1672642800,34.0522,-118.2437,452.4,55.5,24.3,42.9,1251.0,0,Normal - Physics Aligned
1672643700,34.0522,-118.2437,427.7,53.6,23.0,46.5,1215.0,0,Normal - Physics Aligned
1672644600,34.0522,-118.2437,415.2,52.9,23.6,45.3,1216.0,0,Normal - Physics Aligned
1672645500,34.0522,-118.2437,440.7,53.5,23.6,45.8,1249.0,0,Normal - Physics Aligned
1672646400,34.0522,-118.2437,456.0,57.5,23.3,47.1,1266.0,0,Normal - Physics Aligned
1672647300,34.0522,-118.2437,460.5,56.4,27.4,37.9,1248.0,0,Normal - Physics Aligned
1672648200,36.1627,-115.1398,479.9,58.8,21.6,28.4,410.0,1,Anomaly - Location Spoof
1672649100,34.0522,-118.2437,435.7,54.4,21.4,42.1,419.0,1,Anomaly - Sensor Bagged
1672650000,34.0522,-118.2437,477.0,58.5,26.6,37.7,1270.0,0,Normal - Physics Aligned
1672650900,34.0522,-118.2437,457.8,58.1,22.9,46.8,1266.0,0,Normal - Physics Aligned
1672651800,34.0522,-118.2437,472.8,54.9,23.1,45.5,1277.0,0,Normal - Physics Aligned
1672652700,34.0522,-118.2437,466.2,58.9,24.5,41.9,1263.0,0,Normal - Physics Aligned
1672653600,34.0522,-118.2437,493.3,58.9,29.9,32.9,1296.0,0,Normal - Physics Aligned
1672654500,34.0522,-118.2437,456.4,56.1,26.1,41.3,1260.0,0,Normal - Physics Aligned
1672655400,34.0522,-118.2437,412.8,47.4,25.6,41.5,1184.0,0,Normal - Physics Aligned
1672656300,34.0522,-118.2437,448.3,56.7,24.0,46.0,1263.0,0,Normal - Physics Aligned
1672657200,34.0522,-118.2437,419.5,50.9,24.3,46.1,1203.0,0,Normal - Physics Aligned
1672658100,34.0522,-118.2437,437.8,54.1,21.1,51.3,1238.0,0,Normal - Physics Aligned
1672659000,34.0522,-118.2437,457.9,57.0,27.8,37.7,1266.0,0,Normal - Physics Aligned
1672659900,34.0522,-118.2437,414.9,51.3,26.2,39.3,1191.0,0,Normal - Physics Aligned
1672660800,34.0522,-118.2437,456.4,55.7,22.3,49.5,1264.0,0,Normal - Physics Aligned
1672661700,34.0522,-118.2437,441.7,51.9,22.2,49.2,1224.0,0,Normal - Physics Aligned
1672662600,34.0522,-118.2437,455.2,52.2,23.6,45.5,1248.0,0,Normal - Physics Aligned
1672663500,34.0522,-118.2437,441.2,57.5,26.1,41.9,1234.0,0,Normal - Physics Aligned
1672664400,34.0522,-118.2437,481.2,58.3,26.0,40.5,1291.0,0,Normal - Physics Aligned
1672665300,34.0522,-118.2437,443.3,54.5,23.5,45.7,1246.0,0,Normal - Physics Aligned
1672666200,34.0522,-118.2437,479.4,60.3,26.1,40.3,1293.0,0,Normal - Physics Aligned
1672667100,34.0522,-118.2437,449.9,55.2,22.3,50.6,1263.0,0,Normal - Physics Aligned
1672668000,34.0522,-118.2437,453.1,58.4,22.3,47.9,1260.0,0,Normal - Physics Aligned
1672668900,34.0522,-118.2437,449.5,51.3,21.0,52.6,1246.0,0,Normal - Physics Aligned
1672669800,34.0522,-118.2437,444.1,53.9,22.7,47.4,1239.0,0,Normal - Physics Aligned
1672670700,34.0522,-118.2437,473.7,58.2,22.9,45.9,1279.0,0,Normal - Physics Aligned
1672671600,34.0522,-118.2437,438.3,54.2,21.3,51.9,1239.0,0,Normal - Physics Aligned
1672672500,34.0522,-118.2437,453.5,54.1,24.0,46.5,1268.0,0,Normal - Physics Aligned
1672673400,36.1627,-115.1398,494.4,59.3,21.4,31.8,399.0,1,Anomaly - Location Spoof
1672674300,34.0522,-118.2437,457.4,56.7,25.4,42.5,1260.0,0,Normal - Physics Aligned
1672675200,34.0522,-118.2437,470.6,54.6,24.6,42.0,1261.0,0,Normal - Physics Aligned
1672676100,34.0522,-118.2437,439.3,54.4,22.5,47.6,1239.0,0,Normal - Physics Aligned
1672677000,34.0522,-118.2437,443.3,51.7,23.2,47.3,1239.0,0,Normal - Physics Aligned
1672677900,34.0522,-118.2437,420.9,52.9,23.6,45.5,1224.0,0,Normal - Physics Aligned
1672678800,34.0522,-118.2437,450.0,56.4,25.6,43.3,1256.0,0,Normal - Physics Aligned
1672679700,34.0522,-118.2437,433.2,56.2,27.6,37.1,1214.0,0,Normal - Physics Aligned
1672680600,34.0522,-118.2437,401.3,47.0,26.2,38.7,1175.0,0,Normal - Physics Aligned
1672681500,34.0522,-118.2437,441.7,52.3,24.1,44.4,1225.0,0,Normal - Physics Aligned
1672682400,34.0522,-118.2437,466.9,53.1,27.8,39.6,1283.0,0,Normal - Physics Aligned
1672683300,34.0522,-118.2437,466.9,62.2,24.1,46.6,1306.0,0,Normal - Physics Aligned
1672684200,34.0522,-118.2437,403.9,45.4,20.3,51.2,1170.0,0,Normal - Physics Aligned
1672685100,34.0522,-118.2437,440.6,55.8,23.5,46.8,401.0,1,Anomaly - Sensor Bagged
1672686000,34.0522,-118.2437,469.6,60.9,25.6,42.7,1295.0,0,Normal - Physics Aligned
1672686900,34.0522,-118.2437,423.1,51.3,22.4,46.3,1197.0,0,Normal - Physics Aligned
1672687800,34.0522,-118.2437,474.7,57.2,25.9,42.8,1299.0,0,Normal - Physics Aligned
1672688700,34.0522,-118.2437,469.3,57.5,21.6,49.7,1273.0,0,Normal - Physics Aligned
1672689600,34.0522,-118.2437,466.0,58.2,27.9,39.2,1288.0,0,Normal - Physics Aligned
1672690500,36.1627,-115.1398,452.8,55.6,20.7,31.9,392.0,1,Anomaly - Location Spoof
1672691400,34.0522,-118.2437,470.2,59.0,27.8,38.0,1292.0,0,Normal - Physics Aligned
1672692300,34.0522,-118.2437,500.3,62.8,27.5,38.4,1316.0,0,Normal - Physics Aligned
1672693200,34.0522,-118.2437,448.5,56.2,27.5,38.3,1238.0,0,Normal - Physics Aligned
1672694100,34.0522,-118.2437,447.8,59.1,24.5,47.1,385.0,1,Anomaly - Sensor Bagged
1672695000,34.0522,-118.2437,459.9,60.1,28.8,36.6,1278.0,0,Normal - Physics Aligned
1672695900,34.0522,-118.2437,474.7,54.9,23.7,44.8,1270.0,0,Normal - Physics Aligned
1672696800,34.0522,-118.2437,430.6,53.0,22.6,46.8,1214.0,0,Normal - Physics Aligned
1672697700,34.0522,-118.2437,451.1,55.3,22.0,49.3,1246.0,0,Normal - Physics Aligned
1672698600,34.0522,-118.2437,465.3,58.1,23.5,45.4,1269.0,0,Normal - Physics Aligned
1672699500,34.0522,-118.2437,440.4,54.0,26.9,39.7,1232.0,0,Normal - Physics Aligned
1672700400,34.0522,-118.2437,473.1,57.1,24.2,45.1,1293.0,0,Normal - Physics Aligned
1672701300,34.0522,-118.2437,469.0,57.6,23.9,44.9,1270.0,0,Normal - Physics Aligned
1672702200,34.0522,-118.2437,443.1,55.0,25.6,43.7,1252.0,0,Normal - Physics Aligned
1672703100,34.0522,-118.2437,478.9,61.1,25.6,42.5,1288.0,0,Normal - Physics Aligned
1672704000,34.0522,-118.2437,431.7,51.0,21.3,50.6,1209.0,0,Normal - Physics Aligned
1672704900,34.0522,-118.2437,466.2,55.3,23.9,47.0,1289.0,0,Normal - Physics Aligned
1672705800,36.1627,-115.1398,443.7,57.0,20.5,30.9,412.0,1,Anomaly - Location Spoof
1672706700,34.0522,-118.2437,433.6,49.9,22.3,48.6,1216.0,0,Normal - Physics Aligned
1672707600,34.0522,-118.2437,461.3,57.3,19.2,53.9,1266.0,0,Normal - Physics Aligned
1672708500,34.0522,-118.2437,433.7,52.6,22.6,48.6,1226.0,0,Normal - Physics Aligned
1672709400,34.0522,-118.2437,415.5,49.0,28.4,38.4,1223.0,0,Normal - Physics Aligned
1672710300,34.0522,-118.2437,480.8,58.9,22.6,48.2,1283.0,0,Normal - Physics Aligned
1672711200,34.0522,-118.2437,416.3,49.1,25.6,46.3,407.0,1,Anomaly - Sensor Bagged
1672712100,34.0522,-118.2437,491.1,58.2,22.4,47.1,1300.0,0,Normal - Physics Aligned
1672713000,34.0522,-118.2437,450.0,52.6,25.9,43.3,1263.0,0,Normal - Physics Aligned
1672713900,34.0522,-118.2437,466.9,56.0,25.7,43.2,1278.0,0,Normal - Physics Aligned
1672714800,34.0522,-118.2437,458.6,54.6,24.1,46.5,1271.0,0,Normal - Physics Aligned
1672715700,34.0522,-118.2437,436.8,53.0,26.3,39.5,1206.0,0,Normal - Physics Aligned
1672716600,34.0522,-118.2437,433.4,54.4,18.1,54.5,1219.0,0,Normal - Physics Aligned
1672717500,34.0522,-118.2437,446.5,53.4,24.8,47.1,1257.0,0,Normal - Physics Aligned
1672718400,34.0522,-118.2437,442.4,55.6,17.8,56.1,1239.0,0,Normal - Physics Aligned
1672719300,34.0522,-118.2437,460.2,57.4,27.0,38.3,1265.0,0,Normal - Physics Aligned
1672720200,34.0522,-118.2437,474.4,55.4,23.7,45.2,1277.0,0,Normal - Physics Aligned
1672721100,34.0522,-118.2437,499.9,61.7,24.2,43.8,410.0,1,Anomaly - Sensor Bagged
1672722000,34.0522,-118.2437,490.2,61.2,23.8,43.9,1298.0,0,Normal - Physics Aligned
1672722900,34.0522,-118.2437,450.7,54.3,25.3,42.3,1239.0,0,Normal - Physics Aligned
1672723800,34.0522,-118.2437,482.4,58.6,22.1,50.2,1300.0,0,Normal - Physics Aligned
1672724700,34.0522,-118.2437,484.2,58.0,22.7,47.6,1298.0,0,Normal - Physics Aligned
1672725600,34.0522,-118.2437,447.1,53.4,19.5,54.3,1255.0,0,Normal - Physics Aligned
1672726500,34.0522,-118.2437,452.9,55.5,24.9,44.0,400.0,1,Anomaly - Sensor Bagged
1672727400,34.0522,-118.2437,425.0,51.7,19.1,52.5,1209.0,0,Normal - Physics Aligned
1672728300,34.0522,-118.2437,418.2,51.3,22.6,48.4,1215.0,0,Normal - Physics Aligned
1672729200,34.0522,-118.2437,490.4,62.0,20.8,51.9,1313.0,0,Normal - Physics Aligned
1672730100,34.0522,-118.2437,481.0,58.3,26.9,39.5,1293.0,0,Normal - Physics Aligned
1672731000,34.0522,-118.2437,422.0,55.3,22.4,48.2,1226.0,0,Normal - Physics Aligned
1672731900,34.0522,-118.2437,476.3,60.4,23.3,48.2,1301.0,0,Normal - Physics Aligned
1672732800,34.0522,-118.2437,469.9,55.7,29.3,33.8,1273.0,0,Normal - Physics Aligned
1672733700,34.0522,-118.2437,483.3,58.7,24.5,44.2,1302.0,0,Normal - Physics Aligned
1672734600,34.0522,-118.2437,442.0,53.5,23.1,46.2,1248.0,0,Normal - Physics Aligned
1672735500,34.0522,-118.2437,445.8,52.6,25.0,42.4,391.0,1,Anomaly - Sensor Bagged
1672736400,34.0522,-118.2437,454.6,56.5,26.3,49.8,406.0,1,Anomaly - Sensor Bagged
1672737300,34.0522,-118.2437,452.3,53.9,22.4,48.0,1246.0,0,Normal - Physics Aligned
1672738200,34.0522,-118.2437,450.5,57.1,21.8,49.3,1256.0,0,Normal - Physics Aligned
1672739100,34.0522,-118.2437,410.3,52.2,22.9,49.1,1212.0,0,Normal - Physics Aligned
1672740000,34.0522,-118.2437,473.9,59.0,24.4,44.5,1306.0,0,Normal - Physics Aligned
1672740900,34.0522,-118.2437,471.3,62.0,25.6,44.1,1316.0,0,Normal - Physics Aligned
1672741800,34.0522,-118.2437,484.9,58.7,24.5,42.7,1296.0,0,Normal - Physics Aligned
1672742700,34.0522,-118.2437,457.4,54.8,19.8,52.5,1244.0,0,Normal - Physics Aligned
1672743600,34.0522,-118.2437,468.5,58.0,23.4,46.3,1273.0,0,Normal - Physics Aligned
1672744500,34.0522,-118.2437,481.9,60.4,22.5,47.4,1299.0,0,Normal - Physics Aligned
1672745400,34.0522,-118.2437,460.7,53.1,25.0,45.4,1269.0,0,Normal - Physics Aligned
1672746300,34.0522,-118.2437,464.1,56.7,26.5,36.7,1227.0,0,Normal - Physics Aligned
1672747200,34.0522,-118.2437,422.7,51.9,19.3,55.9,1214.0,0,Normal - Physics Aligned
1672748100,34.0522,-118.2437,409.7,50.5,24.5,48.1,388.0,1,Anomaly - Sensor Bagged
1672749000,34.0522,-118.2437,452.5,59.0,26.3,40.7,1279.0,0,Normal - Physics Aligned
1672749900,34.0522,-118.2437,439.4,56.4,22.4,49.5,1241.0,0,Normal - Physics Aligned
1672750800,34.0522,-118.2437,450.7,58.5,21.4,49.9,1258.0,0,Normal - Physics Aligned
1672751700,34.0522,-118.2437,449.5,55.5,22.3,47.7,1240.0,0,Normal - Physics Aligned
1672752600,34.0522,-118.2437,443.7,54.6,22.3,50.3,1254.0,0,Normal - Physics Aligned
1672753500,34.0522,-118.2437,456.7,54.1,22.1,48.5,1233.0,0,Normal - Physics Aligned
1672754400,34.0522,-118.2437,446.5,55.0,21.7,48.2,1233.0,0,Normal - Physics Aligned
1672755300,34.0522,-118.2437,471.5,59.5,23.4,44.7,1275.0,0,Normal - Physics Aligned
1672756200,36.1627,-115.1398,433.4,53.7,21.8,32.8,404.0,1,Anomaly - Location Spoof
1672757100,34.0522,-118.2437,482.2,59.2,24.4,42.7,1297.0,0,Normal - Physics Aligned
1672758000,34.0522,-118.2437,445.8,54.3,26.2,40.2,1239.0,0,Normal - Physics Aligned
1672758900,34.0522,-118.2437,423.9,49.6,25.0,43.5,1208.0,0,Normal - Physics Aligned
1672759800,34.0522,-118.2437,439.0,53.8,24.7,43.6,1235.0,0,Normal - Physics Aligned
1672760700,34.0522,-118.2437,463.4,60.0,22.2,47.2,1273.0,0,Normal - Physics Aligned
1672761600,34.0522,-118.2437,446.1,54.1,26.4,41.1,1251.0,0,Normal - Physics Aligned
1672762500,34.0522,-118.2437,450.8,51.0,22.5,47.6,1246.0,0,Normal - Physics Aligned
1672763400,34.0522,-118.2437,410.5,52.9,27.7,44.1,401.0,1,Anomaly - Sensor Bagged
1672764300,36.1627,-115.1398,417.9,51.0,21.2,32.1,404.0,1,Anomaly - Location Spoof
1672765200,34.0522,-118.2437,477.4,58.3,22.3,47.9,1267.0,0,Normal - Physics Aligned
1672766100,34.0522,-118.2437,469.6,58.9,26.3,41.7,1292.0,0,Normal - Physics Aligned
1672767000,34.0522,-118.2437,486.8,61.8,26.4,40.0,1308.0,0,Normal - Physics Aligned
1672767900,34.0522,-118.2437,464.1,59.3,26.8,39.8,1272.0,0,Normal - Physics Aligned
1672768800,34.0522,-118.2437,482.2,57.7,28.1,35.9,1275.0,0,Normal - Physics Aligned
1672769700,34.0522,-118.2437,460.1,54.3,18.4,55.2,1260.0,0,Normal - Physics Aligned
1672770600,34.0522,-118.2437,425.1,50.9,20.4,52.4,1220.0,0,Normal - Physics Aligned
1672771500,34.0522,-118.2437,465.9,53.9,23.3,45.2,1248.0,0,Normal - Physics Aligned
1672772400,34.0522,-118.2437,445.6,53.5,24.5,44.8,1240.0,0,Normal - Physics Aligned
1672773300,34.0522,-118.2437,457.1,54.2,28.3,36.4,1258.0,0,Normal - Physics Aligned
1672774200,34.0522,-118.2437,464.6,53.0,25.5,40.2,1264.0,0,Normal - Physics Aligned
1672775100,34.0522,-118.2437,439.3,53.4,27.8,38.0,1248.0,0,Normal - Physics Aligned
1672776000,34.0522,-118.2437,467.8,56.4,23.2,46.2,1270.0,0,Normal - Physics Aligned
1672776900,34.0522,-118.2437,473.3,59.0,21.0,51.5,1285.0,0,Normal - Physics Aligned
1672777800,34.0522,-118.2437,460.8,53.7,20.8,50.5,1249.0,0,Normal - Physics Aligned
1672778700,34.0522,-118.2437,480.3,59.6,23.0,47.4,1288.0,0,Normal - Physics Aligned
1672779600,36.1627,-115.1398,468.0,58.3,21.6,29.8,398.0,1,Anomaly - Location Spoof
1672780500,34.0522,-118.2437,452.4,55.0,25.2,46.1,1291.0,0,Normal - Physics Aligned
1672781400,34.0522,-118.2437,462.6,59.5,27.9,38.0,1270.0,0,Normal - Physics Aligned
1672782300,34.0522,-118.2437,444.6,55.3,26.9,41.6,1263.0,0,Normal - Physics Aligned
1672783200,34.0522,-118.2437,422.0,50.7,23.4,47.4,1219.0,0,Normal - Physics Aligned
1672784100,34.0522,-118.2437,432.5,51.4,22.6,48.2,1220.0,0,Normal - Physics Aligned
1672785000,34.0522,-118.2437,479.7,58.7,21.9,48.4,1297.0,0,Normal - Physics Aligned
1672785900,36.1627,-115.1398,437.4,53.3,21.3,27.3,409.0,1,Anomaly - Location Spoof
1672786800,34.0522,-118.2437,448.9,53.7,25.1,47.0,416.0,1,Anomaly - Sensor Bagged
1672787700,34.0522,-118.2437,471.4,56.3,25.5,41.6,1282.0,0,Normal - Physics Aligned
1672788600,34.0522,-118.2437,476.5,61.1,22.8,47.8,1303.0,0,Normal - Physics Aligned
1672789500,34.0522,-118.2437,428.7,49.3,26.2,39.2,1195.0,0,Normal - Physics Aligned
1672790400,34.0522,-118.2437,420.6,52.5,23.8,45.5,1207.0,0,Normal - Physics Aligned
1672791300,34.0522,-118.2437,446.3,56.8,26.9,38.9,1247.0,0,Normal - Physics Aligned
1672792200,34.0522,-118.2437,435.1,54.2,23.0,46.6,1230.0,0,Normal - Physics Aligned
1672793100,36.1627,-115.1398,454.9,55.6,21.1,30.7,399.0,1,Anomaly - Location Spoof
1672794000,34.0522,-118.2437,464.4,57.2,27.6,38.7,1269.0,0,Normal - Physics Aligned
1672794900,34.0522,-118.2437,466.9,56.8,24.3,47.6,1286.0,0,Normal - Physics Aligned
1672795800,34.0522,-118.2437,466.6,54.2,24.8,43.1,1271.0,0,Normal - Physics Aligned
1672796700,34.0522,-118.2437,465.1,59.1,26.4,40.8,1293.0,0,Normal - Physics Aligned
1672797600,36.1627,-115.1398,456.5,59.1,20.1,28.5,406.0,1,Anomaly - Location Spoof
1672798500,34.0522,-118.2437,437.8,52.2,26.3,41.2,1226.0,0,Normal - Physics Aligned
1672799400,36.1627,-115.1398,459.6,56.2,20.6,29.1,405.0,1,Anomaly - Location Spoof
1672800300,34.0522,-118.2437,444.7,55.3,22.1,48.3,1236.0,0,Normal - Physics Aligned
1672801200,34.0522,-118.2437,458.3,55.8,24.4,42.9,1263.0,0,Normal - Physics Aligned
1672802100,34.0522,-118.2437,477.6,57.9,23.0,48.7,1304.0,0,Normal - Physics Aligned
1672803000,34.0522,-118.2437,466.0,59.4,23.5,46.3,1275.0,0,Normal - Physics Aligned
1672803900,34.0522,-118.2437,467.5,54.9,20.3,50.9,1266.0,0,Normal - Physics Aligned
1672804800,34.0522,-118.2437,439.3,54.4,25.9,40.4,1227.0,0,Normal - Physics Aligned
1672805700,34.0522,-118.2437,490.4,60.4,21.3,50.5,1303.0,0,Normal - Physics Aligned
1672806600,34.0522,-118.2437,454.8,51.5,21.3,49.5,1262.0,0,Normal - Physics Aligned
1672807500,36.1627,-115.1398,433.5,51.9,21.0,29.5,407.0,1,Anomaly - Location Spoof
1672808400,34.0522,-118.2437,428.2,53.6,20.3,53.6,1228.0,0,Normal - Physics Aligned
1672809300,34.0522,-118.2437,462.5,57.2,26.7,41.6,1272.0,0,Normal - Physics Aligned
1672810200,34.0522,-118.2437,445.2,53.8,24.1,43.2,1235.0,0,Normal - Physics Aligned
1672811100,34.0522,-118.2437,461.5,56.0,25.7,40.8,1242.0,0,Normal - Physics Aligned
1672812000,34.0522,-118.2437,448.7,55.8,24.0,44.0,1253.0,0,Normal - Physics Aligned
1672812900,34.0522,-118.2437,438.8,53.3,23.1,47.0,1228.0,0,Normal - Physics Aligned
1672813800,34.0522,-118.2437,458.2,56.7,23.0,46.5,1262.0,0,Normal - Physics Aligned
1672814700,34.0522,-118.2437,456.7,54.8,23.1,47.4,1251.0,0,Normal - Physics Aligned
1672815600,34.0522,-118.2437,447.9,55.0,24.9,44.5,1264.0,0,Normal - Physics Aligned
1672816500,34.0522,-118.2437,453.7,57.8,21.1,52.9,1283.0,0,Normal - Physics Aligned
1672817400,34.0522,-118.2437,460.4,54.7,26.7,40.3,406.0,1,Anomaly - Sensor Bagged
1672818300,34.0522,-118.2437,430.4,56.2,26.2,39.1,1218.0,0,Normal - Physics Aligned
1672819200,34.0522,-118.2437,452.0,53.0,19.8,52.3,1240.0,0,Normal - Physics Aligned
1672820100,34.0522,-118.2437,494.8,57.2,23.8,44.3,1293.0,0,Normal - Physics Aligned
1672821000,34.0522,-118.2437,468.1,57.1,22.1,50.0,1278.0,0,Normal - Physics Aligned
1672821900,34.0522,-118.2437,483.8,59.1,24.1,43.1,1281.0,0,Normal - Physics Aligned
1672822800,36.1627,-115.1398,460.9,57.4,20.3,26.1,399.0,1,Anomaly - Location Spoof
1672823700,34.0522,-118.2437,426.1,53.4,24.9,43.2,1210.0,0,Normal - Physics Aligned
1672824600,34.0522,-118.2437,445.0,53.3,20.7,48.6,1218.0,0,Normal - Physics Aligned
1672825500,34.0522,-118.2437,483.7,61.4,27.5,39.4,1313.0,0,Normal - Physics Aligned
1672826400,34.0522,-118.2437,452.9,59.3,24.9,44.9,1285.0,0,Normal - Physics Aligned
1672827300,34.0522,-118.2437,422.6,53.5,22.5,49.6,1218.0,0,Normal - Physics Aligned
1672828200,34.0522,-118.2437,436.6,56.4,21.3,50.4,1234.0,0,Normal - Physics Aligned
1672829100,34.0522,-118.2437,457.2,59.0,25.3,42.1,1259.0,0,Normal - Physics Aligned
1672830000,34.0522,-118.2437,415.5,46.1,24.1,43.2,401.0,1,Anomaly - Sensor Bagged
1672830900,34.0522,-118.2437,427.4,50.0,23.5,44.6,1196.0,0,Normal - Physics Aligned
1672831800,34.0522,-118.2437,434.4,53.9,27.7,39.9,1249.0,0,Normal - Physics Aligned
1672832700,34.0522,-118.2437,428.3,52.4,24.1,47.0,1238.0,0,Normal - Physics Aligned
1672833600,34.0522,-118.2437,424.7,49.3,23.6,44.3,1199.0,0,Normal - Physics Aligned
1672834500,34.0522,-118.2437,444.7,52.3,21.0,51.3,1242.0,0,Normal - Physics Aligned
1672835400,34.0522,-118.2437,438.4,56.5,21.4,51.9,1253.0,0,Normal - Physics Aligned
1672836300,34.0522,-118.2437,436.9,54.1,26.6,41.0,1245.0,0,Normal - Physics Aligned
1672837200,34.0522,-118.2437,443.5,55.0,24.8,42.5,1227.0,0,Normal - Physics Aligned
1672838100,34.0522,-118.2437,480.9,59.6,23.9,46.4,1303.0,0,Normal - Physics Aligned
1672839000,34.0522,-118.2437,480.1,58.3,25.1,43.7,1298.0,0,Normal - Physics Aligned
1672839900,34.0522,-118.2437,457.0,51.9,26.6,38.5,1251.0,0,Normal - Physics Aligned
1672840800,34.0522,-118.2437,447.4,57.2,25.7,41.9,1263.0,0,Normal - Physics Aligned
1672841700,34.0522,-118.2437,446.9,53.3,25.7,41.0,1228.0,0,Normal - Physics Aligned
1672842600,34.0522,-118.2437,445.3,50.0,20.5,53.3,1241.0,0,Normal - Physics Aligned
1672843500,36.1627,-115.1398,424.6,51.1,21.0,34.9,403.0,1,Anomaly - Location Spoof
1672844400,34.0522,-118.2437,483.3,61.3,21.4,49.6,1302.0,0,Normal - Physics Aligned
1672845300,34.0522,-118.2437,484.5,60.2,23.2,48.8,1329.0,0,Normal - Physics Aligned
1672846200,34.0522,-118.2437,470.8,57.7,26.3,43.0,1294.0,0,Normal - Physics Aligned
1672847100,34.0522,-118.2437,448.2,53.5,22.9,46.1,1222.0,0,Normal - Physics Aligned
1672848000,34.0522,-118.2437,451.7,53.9,30.1,32.0,1242.0,0,Normal - Physics Aligned
1672848900,34.0522,-118.2437,417.1,51.8,24.2,45.6,1211.0,0,Normal - Physics Aligned
1672849800,34.0522,-118.2437,434.3,52.8,19.7,51.1,1218.0,0,Normal - Physics Aligned
1672850700,34.0522,-118.2437,479.0,55.7,27.3,41.0,1295.0,0,Normal - Physics Aligned
1672851600,34.0522,-118.2437,446.3,57.4,24.0,45.7,1256.0,0,Normal - Physics Aligned
1672852500,34.0522,-118.2437,438.6,55.4,26.1,48.2,415.0,1,Anomaly - Sensor Bagged
1672853400,34.0522,-118.2437,437.5,51.9,25.9,39.5,1205.0,0,Normal - Physics Aligned
1672854300,36.1627,-115.1398,436.9,57.5,20.9,30.8,401.0,1,Anomaly - Location Spoof
1672855200,34.0522,-118.2437,471.5,60.2,28.1,35.1,1269.0,0,Normal - Physics Aligned
1672856100,34.0522,-118.2437,452.5,55.2,19.6,53.5,1256.0,0,Normal - Physics Aligned
1672857000,34.0522,-118.2437,444.2,54.9,20.8,50.5,1233.0,0,Normal - Physics Aligned
1672857900,34.0522,-118.2437,453.8,55.4,21.6,50.0,1262.0,0,Normal - Physics Aligned
1672858800,34.0522,-118.2437,446.9,55.9,27.4,43.8,412.0,1,Anomaly - Sensor Bagged
1672859700,34.0522,-118.2437,436.8,53.3,18.4,57.3,1243.0,0,Normal - Physics Aligned
1672860600,34.0522,-118.2437,478.5,58.1,24.6,45.7,1291.0,0,Normal - Physics Aligned
1672861500,34.0522,-118.2437,438.5,55.9,24.2,43.9,1228.0,0,Normal - Physics Aligned
1672862400,34.0522,-118.2437,442.7,53.4,23.9,45.9,1239.0,0,Normal - Physics Aligned
1672863300,34.0522,-118.2437,437.6,52.4,28.9,43.0,411.0,1,Anomaly - Sensor Bagged
1672864200,34.0522,-118.2437,464.8,57.2,26.5,42.8,1291.0,0,Normal - Physics Aligned
1672865100,34.0522,-118.2437,467.5,58.1,24.0,44.6,1270.0,0,Normal - Physics Aligned
1672866000,34.0522,-118.2437,474.7,58.3,27.4,41.2,1294.0,0,Normal - Physics Aligned
1672866900,34.0522,-118.2437,442.3,54.0,25.5,44.0,1251.0,0,Normal - Physics Aligned
1672867800,34.0522,-118.2437,430.8,52.2,21.9,48.7,1218.0,0,Normal - Physics Aligned
1672868700,34.0522,-118.2437,460.7,57.6,24.1,44.8,1270.0,0,Normal - Physics Aligned
1672869600,34.0522,-118.2437,450.0,54.1,24.9,42.9,1249.0,0,Normal - Physics Aligned
1672870500,34.0522,-118.2437,451.9,54.7,25.9,43.1,1261.0,0,Normal - Physics Aligned
1672871400,34.0522,-118.2437,435.1,53.2,19.7,55.0,1248.0,0,Normal - Physics Aligned
1672872300,34.0522,-118.2437,446.6,58.5,26.8,41.0,1270.0,0,Normal - Physics Aligned
1672873200,34.0522,-118.2437,427.9,47.6,21.5,51.3,1205.0,0,Normal - Physics Aligned
1672874100,34.0522,-118.2437,455.9,58.2,25.0,45.1,1272.0,0,Normal - Physics Aligned
1672875000,34.0522,-118.2437,443.3,54.5,24.8,44.1,1236.0,0,Normal - Physics Aligned
1672875900,34.0522,-118.2437,482.7,57.6,25.5,42.7,1293.0,0,Normal - Physics Aligned
1672876800,34.0522,-118.2437,436.9,56.0,25.6,42.9,1235.0,0,Normal - Physics Aligned
1672877700,34.0522,-118.2437,446.5,52.8,24.6,44.4,1250.0,0,Normal - Physics Aligned
1672878600,34.0522,-118.2437,436.2,53.8,24.2,44.3,1242.0,0,Normal - Physics Aligned
1672879500,34.0522,-118.2437,452.0,56.4,25.2,44.3,1262.0,0,Normal - Physics Aligned
1672880400,34.0522,-118.2437,454.6,56.9,22.5,48.3,1264.0,0,Normal - Physics Aligned
1672881300,34.0522,-118.2437,424.9,50.4,26.5,41.6,1214.0,0,Normal - Physics Aligned
1672882200,34.0522,-118.2437,482.7,55.7,25.6,40.5,1282.0,0,Normal - Physics Aligned
1672883100,34.0522,-118.2437,433.7,53.8,25.4,43.1,1236.0,0,Normal - Physics Aligned
1672884000,34.0522,-118.2437,450.9,56.1,22.4,46.9,1230.0,0,Normal - Physics Aligned
1672884900,34.0522,-118.2437,453.4,52.6,21.3,50.5,1253.0,0,Normal - Physics Aligned
1672885800,34.0522,-118.2437,490.0,59.6,25.2,44.4,1313.0,0,Normal - Physics Aligned
1672886700,34.0522,-118.2437,459.3,55.8,24.8,47.5,405.0,1,Anomaly - Sensor Bagged
1672887600,34.0522,-118.2437,404.8,50.4,22.1,48.9,1195.0,0,Normal - Physics Aligned
1672888500,34.0522,-118.2437,469.7,55.3,28.5,37.7,1280.0,0,Normal - Physics Aligned
1672889400,34.0522,-118.2437,444.6,54.8,24.1,42.1,1231.0,0,Normal - Physics Aligned
1672890300,34.0522,-118.2437,486.8,58.9,22.9,45.8,1276.0,0,Normal - Physics Aligned
1672891200,34.0522,-118.2437,477.9,59.3,23.0,47.6,1294.0,0,Normal - Physics Aligned
1672892100,34.0522,-118.2437,441.7,55.5,26.6,40.0,1254.0,0,Normal - Physics Aligned
1672893000,34.0522,-118.2437,468.8,59.2,25.5,43.1,1288.0,0,Normal - Physics Aligned
1672893900,36.1627,-115.1398,443.7,56.6,21.1,31.9,409.0,1,Anomaly - Location Spoof
1672894800,34.0522,-118.2437,427.6,51.6,24.8,44.4,1227.0,0,Normal - Physics Aligned
1672895700,34.0522,-118.2437,440.4,55.1,23.5,43.7,1218.0,0,Normal - Physics Aligned
1672896600,36.1627,-115.1398,459.0,56.0,21.1,29.4,399.0,1,Anomaly - Location Spoof
1672897500,34.0522,-118.2437,448.4,58.2,24.8,43.8,1260.0,0,Normal - Physics Aligned
1672898400,34.0522,-118.2437,448.3,53.5,24.1,43.5,1243.0,0,Normal - Physics Aligned
1672899300,34.0522,-118.2437,435.4,52.2,24.6,46.1,403.0,1,Anomaly - Sensor Bagged
1672900200,34.0522,-118.2437,432.0,52.9,23.7,43.8,1219.0,0,Normal - Physics Aligned
1672901100,34.0522,-118.2437,437.9,51.8,24.6,43.9,1237.0,0,Normal - Physics Aligned
1672902000,34.0522,-118.2437,472.0,57.1,24.3,45.5,1276.0,0,Normal - Physics Aligned
1672902900,34.0522,-118.2437,455.8,53.0,19.3,53.7,1253.0,0,Normal - Physics Aligned
1672903800,34.0522,-118.2437,425.9,50.6,22.2,48.8,1214.0,0,Normal - Physics Aligned
1672904700,34.0522,-118.2437,491.0,62.5,24.5,44.1,1323.0,0,Normal - Physics Aligned
1672905600,34.0522,-118.2437,460.8,59.3,22.8,48.5,1296.0,0,Normal - Physics Aligned
1672906500,34.0522,-118.2437,465.8,57.3,23.3,48.0,1269.0,0,Normal - Physics Aligned
1672907400,34.0522,-118.2437,432.5,52.5,24.4,44.5,1230.0,0,Normal - Physics Aligned
1672908300,34.0522,-118.2437,418.5,51.9,23.9,46.3,1201.0,0,Normal - Physics Aligned
1672909200,34.0522,-118.2437,441.2,53.0,21.4,50.7,1243.0,0,Normal - Physics Aligned
1672910100,34.0522,-118.2437,440.2,53.2,24.2,42.9,1212.0,0,Normal - Physics Aligned
1672911000,34.0522,-118.2437,497.4,63.6,23.4,46.0,1325.0,0,Normal - Physics Aligned
1672911900,34.0522,-118.2437,475.5,59.9,25.9,41.3,1292.0,0,Normal - Physics Aligned
1672912800,34.0522,-118.2437,423.8,47.7,22.2,47.5,1186.0,0,Normal - Physics Aligned
1672913700,34.0522,-118.2437,480.9,56.7,24.7,48.6,410.0,1,Anomaly - Sensor Bagged
1672914600,34.0522,-118.2437,465.2,58.6,24.0,44.7,1277.0,0,Normal - Physics Aligned
1672915500,34.0522,-118.2437,442.9,52.2,21.8,49.9,1240.0,0,Normal - Physics Aligned
1672916400,34.0522,-118.2437,428.8,51.6,26.5,41.4,1224.0,0,Normal - Physics Aligned
1672917300,34.0522,-118.2437,489.5,62.3,24.6,44.6,1318.0,0,Normal - Physics Aligned
1672918200,34.0522,-118.2437,422.7,52.1,24.0,47.2,410.0,1,Anomaly - Sensor Bagged
1672919100,34.0522,-118.2437,488.8,59.2,24.9,44.3,1305.0,0,Normal - Physics Aligned
1672920000,36.1627,-115.1398,419.5,50.7,21.9,28.4,409.0,1,Anomaly - Location Spoof
1672920900,34.0522,-118.2437,502.1,62.5,20.7,49.8,1310.0,0,Normal - Physics Aligned
1672921800,34.0522,-118.2437,428.2,51.2,26.2,40.0,1217.0,0,Normal - Physics Aligned
1672922700,34.0522,-118.2437,452.2,54.3,23.8,46.3,1265.0,0,Normal - Physics Aligned
1672923600,34.0522,-118.2437,463.9,53.7,25.2,40.0,1239.0,0,Normal - Physics Aligned
1672924500,34.0522,-118.2437,434.2,53.6,19.5,55.9,1258.0,0,Normal - Physics Aligned
1672925400,34.0522,-118.2437,461.1,57.7,19.2,53.4,1251.0,0,Normal - Physics Aligned
1672926300,34.0522,-118.2437,473.7,60.8,27.2,39.8,1293.0,0,Normal - Physics Aligned
1672927200,34.0522,-118.2437,442.7,51.7,22.0,48.2,1233.0,0,Normal - Physics Aligned
1672928100,34.0522,-118.2437,451.0,54.1,21.9,49.6,1265.0,0,Normal - Physics Aligned
1672929000,34.0522,-118.2437,463.2,58.1,23.1,47.5,1257.0,0,Normal - Physics Aligned
1672929900,34.0522,-118.2437,461.1,57.6,26.6,40.5,1274.0,0,Normal - Physics Aligned
1672930800,34.0522,-118.2437,451.8,53.4,26.3,40.9,1255.0,0,Normal - Physics Aligned
1672931700,34.0522,-118.2437,438.5,53.4,23.4,45.9,400.0,1,Anomaly - Sensor Bagged
1672932600,34.0522,-118.2437,421.7,51.7,20.7,45.7,413.0,1,Anomaly - Sensor Bagged
1672933500,34.0522,-118.2437,443.7,58.6,25.9,47.3,394.0,1,Anomaly - Sensor Bagged
1672934400,34.0522,-118.2437,429.1,51.0,26.7,39.7,1217.0,0,Normal - Physics Aligned
1672935300,34.0522,-118.2437,440.9,56.8,27.1,39.3,1238.0,0,Normal - Physics Aligned
1672936200,34.0522,-118.2437,451.5,55.7,20.7,50.2,1250.0,0,Normal - Physics Aligned
1672937100,34.0522,-118.2437,443.8,52.8,22.1,48.4,1245.0,0,Normal - Physics Aligned
1672938000,34.0522,-118.2437,414.5,54.3,27.7,40.9,1235.0,0,Normal - Physics Aligned
1672938900,34.0522,-118.2437,451.5,54.2,21.9,50.8,1260.0,0,Normal - Physics Aligned
1672939800,34.0522,-118.2437,455.0,54.9,22.8,48.5,1264.0,0,Normal - Physics Aligned
1672940700,34.0522,-118.2437,455.0,53.5,23.1,46.7,1252.0,0,Normal - Physics Aligned
1672941600,34.0522,-118.2437,432.6,54.5,26.6,39.0,1223.0,0,Normal - Physics Aligned
1672942500,34.0522,-118.2437,473.8,56.5,19.6,54.3,1275.0,0,Normal - Physics Aligned
1672943400,34.0522,-118.2437,467.2,56.8,23.6,47.4,1288.0,0,Normal - Physics Aligned
1672944300,34.0522,-118.2437,438.0,54.1,24.2,45.5,1259.0,0,Normal - Physics Aligned
1672945200,34.0522,-118.2437,431.7,50.4,21.2,51.7,1233.0,0,Normal - Physics Aligned
1672946100,34.0522,-118.2437,494.1,60.6,23.4,46.0,1317.0,0,Normal - Physics Aligned
1672947000,34.0522,-118.2437,433.5,50.3,27.9,36.3,1213.0,0,Normal - Physics Aligned
1672947900,36.1627,-115.1398,502.1,59.7,20.9,28.3,412.0,1,Anomaly - Location Spoof
1672948800,34.0522,-118.2437,440.4,57.3,25.8,41.8,1239.0,0,Normal - Physics Aligned
1672949700,34.0522,-118.2437,441.6,54.1,23.6,43.2,1219.0,0,Normal - Physics Aligned
1672950600,34.0522,-118.2437,456.5,53.6,17.2,55.7,1232.0,0,Normal - Physics Aligned
1672951500,34.0522,-118.2437,418.2,51.8,21.1,51.4,1209.0,0,Normal - Physics Aligned
1672952400,34.0522,-118.2437,476.6,55.9,22.9,48.0,1278.0,0,Normal - Physics Aligned
1672953300,34.0522,-118.2437,457.1,57.9,24.5,43.7,1269.0,0,Normal - Physics Aligned
1672954200,34.0522,-118.2437,444.4,56.5,24.6,43.2,1245.0,0,Normal - Physics Aligned
1672955100,34.0522,-118.2437,439.4,56.4,23.4,46.1,1253.0,0,Normal - Physics Aligned
1672956000,34.0522,-118.2437,425.8,50.0,24.4,43.1,1211.0,0,Normal - Physics Aligned
1672956900,34.0522,-118.2437,460.3,54.9,26.1,39.2,1249.0,0,Normal - Physics Aligned
1672957800,34.0522,-118.2437,451.1,54.8,24.6,43.9,1247.0,0,Normal - Physics Aligned
1672958700,34.0522,-118.2437,456.2,54.3,25.2,41.0,1241.0,0,Normal - Physics Aligned
1672959600,34.0522,-118.2437,406.9,47.9,22.6,48.8,1186.0,0,Normal - Physics Aligned
1672960500,34.0522,-118.2437,424.7,54.6,21.3,50.2,1219.0,0,Normal - Physics Aligned
1672961400,34.0522,-118.2437,447.2,54.7,24.9,42.7,1243.0,0,Normal - Physics Aligned
1672962300,34.0522,-118.2437,415.4,50.4,23.5,44.4,1183.0,0,Normal - Physics Aligned
1672963200,34.0522,-118.2437,452.5,55.5,20.7,50.9,1247.0,0,Normal - Physics Aligned
1672964100,36.1627,-115.1398,464.7,55.1,20.7,33.6,403.0,1,Anomaly - Location Spoof
1672965000,34.0522,-118.2437,461.0,54.3,22.7,47.7,1266.0,0,Normal - Physics Aligned
1672965900,34.0522,-118.2437,444.8,53.3,27.1,40.2,1247.0,0,Normal - Physics Aligned
1672966800,34.0522,-118.2437,438.9,53.1,21.7,51.4,1238.0,0,Normal - Physics Aligned
1672967700,34.0522,-118.2437,441.4,58.4,22.8,47.6,1248.0,0,Normal - Physics Aligned
1672968600,34.0522,-118.2437,446.1,55.0,30.0,34.7,1257.0,0,Normal - Physics Aligned
1672969500,34.0522,-118.2437,429.1,49.4,26.1,39.7,1206.0,0,Normal - Physics Aligned
1672970400,34.0522,-118.2437,420.7,51.2,26.9,40.5,1208.0,0,Normal - Physics Aligned
1672971300,34.0522,-118.2437,461.3,57.8,22.7,46.9,1271.0,0,Normal - Physics Aligned
1672972200,34.0522,-118.2437,457.1,56.7,24.9,43.5,1255.0,0,Normal - Physics Aligned
1672973100,34.0522,-118.2437,435.2,54.7,25.0,42.2,1226.0,0,Normal - Physics Aligned
1672974000,34.0522,-118.2437,455.0,53.6,21.8,48.7,1263.0,0,Normal - Physics Aligned
1672974900,34.0522,-118.2437,444.4,54.3,25.0,42.5,1240.0,0,Normal - Physics Aligned
1672975800,34.0522,-118.2437,435.2,56.0,24.7,43.8,1233.0,0,Normal - Physics Aligned
1672976700,34.0522,-118.2437,442.0,52.9,24.8,44.1,1236.0,0,Normal - Physics Aligned
1672977600,34.0522,-118.2437,448.7,55.9,22.5,48.0,1254.0,0,Normal - Physics Aligned
1672978500,36.1627,-115.1398,490.1,58.4,21.3,26.2,413.0,1,Anomaly - Location Spoof
1672979400,34.0522,-118.2437,432.6,53.5,23.7,45.8,1232.0,0,Normal - Physics Aligned
1672980300,34.0522,-118.2437,420.6,51.1,19.7,50.3,1188.0,0,Normal - Physics Aligned
1672981200,34.0522,-118.2437,463.9,55.9,22.6,47.1,1268.0,0,Normal - Physics Aligned
1672982100,34.0522,-118.2437,432.3,52.5,22.3,50.3,1238.0,0,Normal - Physics Aligned
1672983000,34.0522,-118.2437,462.4,54.1,26.4,38.1,1238.0,0,Normal - Physics Aligned
1672983900,34.0522,-118.2437,415.2,50.7,22.5,47.0,1199.0,0,Normal - Physics Aligned
1672984800,34.0522,-118.2437,454.2,53.8,26.2,42.0,415.0,1,Anomaly - Sensor Bagged
1672985700,34.0522,-118.2437,450.8,54.2,23.8,42.5,1227.0,0,Normal - Physics Aligned
1672986600,34.0522,-118.2437,457.1,57.7,21.8,48.3,1279.0,0,Normal - Physics Aligned
1672987500,36.1627,-115.1398,504.4,58.5,21.7,30.3,406.0,1,Anomaly - Location Spoof
1672988400,34.0522,-118.2437,382.8,48.4,24.4,44.3,1161.0,0,Normal - Physics Aligned
1672989300,34.0522,-118.2437,447.5,54.9,25.5,44.5,1270.0,0,Normal - Physics Aligned
1672990200,34.0522,-118.2437,458.8,58.0,25.2,43.0,1284.0,0,Normal - Physics Aligned
1672991100,34.0522,-118.2437,432.5,51.2,24.2,44.9,1227.0,0,Normal - Physics Aligned
1672992000,34.0522,-118.2437,448.3,55.7,21.9,48.0,1250.0,0,Normal - Physics Aligned
1672992900,34.0522,-118.2437,446.0,53.4,25.3,42.2,1240.0,0,Normal - Physics Aligned
1672993800,34.0522,-118.2437,446.6,53.0,23.4,48.4,1264.0,0,Normal - Physics Aligned
1672994700,34.0522,-118.2437,462.3,55.8,18.8,53.9,1251.0,0,Normal - Physics Aligned
1672995600,34.0522,-118.2437,435.6,55.8,26.0,39.3,1217.0,0,Normal - Physics Aligned
1672996500,34.0522,-118.2437,468.9,56.5,27.7,47.6,408.0,1,Anomaly - Sensor Bagged
1672997400,34.0522,-118.2437,439.9,54.2,26.5,39.8,1244.0,0,Normal - Physics Aligned
1672998300,34.0522,-118.2437,437.0,54.7,23.8,44.1,1222.0,0,Normal - Physics Aligned
1672999200,34.0522,-118.2437,456.0,57.1,21.8,48.6,1246.0,0,Normal - Physics Aligned
1673000100,34.0522,-118.2437,456.4,57.6,26.7,43.9,394.0,1,Anomaly - Sensor Bagged
1673001000,34.0522,-118.2437,462.3,55.5,28.3,35.9,1250.0,0,Normal - Physics Aligned
1673001900,34.0522,-118.2437,440.9,55.0,21.4,50.1,1252.0,0,Normal - Physics Aligned
1673002800,34.0522,-118.2437,444.0,53.3,21.8,49.2,1237.0,0,Normal - Physics Aligned
1673003700,34.0522,-118.2437,426.6,51.1,25.0,42.9,1209.0,0,Normal - Physics Aligned
1673004600,34.0522,-118.2437,446.1,52.2,24.1,46.7,1237.0,0,Normal - Physics Aligned
1673005500,34.0522,-118.2437,443.0,54.6,26.9,37.5,1224.0,0,Normal - Physics Aligned
1673006400,34.0522,-118.2437,448.8,55.2,23.3,46.1,1259.0,0,Normal - Physics Aligned
1673007300,34.0522,-118.2437,463.9,56.5,22.4,45.7,1241.0,0,Normal - Physics Aligned
1673008200,34.0522,-118.2437,444.0,50.3,27.4,38.3,1232.0,0,Normal - Physics Aligned
1673009100,34.0522,-118.2437,474.9,59.7,22.3,47.7,1286.0,0,Normal - Physics Aligned
1673010000,34.0522,-118.2437,448.5,53.8,25.4,42.4,1253.0,0,Normal - Physics Aligned
1673010900,34.0522,-118.2437,477.6,57.9,23.5,46.6,1303.0,0,Normal - Physics Aligned
1673011800,34.0522,-118.2437,451.4,57.3,25.3,46.1,410.0,1,Anomaly - Sensor Bagged
1673012700,36.1627,-115.1398,432.5,54.0,19.8,31.2,395.0,1,Anomaly - Location Spoof
1673013600,34.0522,-118.2437,470.3,54.2,30.2,43.7,406.0,1,Anomaly - Sensor Bagged
1673014500,34.0522,-118.2437,461.4,55.2,24.6,43.5,1253.0,0,Normal - Physics Aligned
1673015400,34.0522,-118.2437,434.4,53.3,26.1,46.4,406.0,1,Anomaly - Sensor Bagged
1673016300,34.0522,-118.2437,447.2,53.9,26.1,41.9,1254.0,0,Normal - Physics Aligned
1673017200,34.0522,-118.2437,459.5,61.0,28.3,37.8,1291.0,0,Normal - Physics Aligned
1673018100,34.0522,-118.2437,475.7,56.9,19.0,54.0,1273.0,0,Normal - Physics Aligned
1673019000,34.0522,-118.2437,462.3,58.4,21.9,46.7,1258.0,0,Normal - Physics Aligned
1673019900,36.1627,-115.1398,435.4,53.5,21.2,29.4,406.0,1,Anomaly - Location Spoof
1673020800,34.0522,-118.2437,450.4,54.0,23.3,46.4,1255.0,0,Normal - Physics Aligned
1673021700,34.0522,-118.2437,454.5,55.6,23.1,48.5,1270.0,0,Normal - Physics Aligned
1673022600,34.0522,-118.2437,449.2,55.8,22.0,49.0,1264.0,0,Normal - Physics Aligned
1673023500,34.0522,-118.2437,466.4,58.9,22.0,48.3,1274.0,0,Normal - Physics Aligned
1673024400,34.0522,-118.2437,475.6,58.2,23.4,39.8,418.0,1,Anomaly - Sensor Bagged
1673025300,34.0522,-118.2437,454.8,53.2,25.0,42.8,1247.0,0,Normal - Physics Aligned
1673026200,34.0522,-118.2437,411.0,49.9,27.0,39.9,1207.0,0,Normal - Physics Aligned
1673027100,34.0522,-118.2437,499.7,61.9,22.4,47.7,1315.0,0,Normal - Physics Aligned
1673028000,34.0522,-118.2437,411.3,53.8,24.5,42.8,1185.0,0,Normal - Physics Aligned
1673028900,34.0522,-118.2437,470.5,57.3,24.9,47.9,399.0,1,Anomaly - Sensor Bagged
1673029800,34.0522,-118.2437,422.2,48.1,21.5,50.4,1206.0,0,Normal - Physics Aligned
1673030700,34.0522,-118.2437,446.6,52.6,23.0,47.6,1243.0,0,Normal - Physics Aligned
1673031600,34.0522,-118.2437,462.5,53.3,26.2,41.4,1261.0,0,Normal - Physics Aligned
1673032500,34.0522,-118.2437,446.8,53.7,21.0,49.7,1239.0,0,Normal - Physics Aligned
1673033400,34.0522,-118.2437,413.3,50.8,26.0,42.4,1210.0,0,Normal - Physics Aligned
1673034300,34.0522,-118.2437,437.1,53.5,22.2,48.8,413.0,1,Anomaly - Sensor Bagged
1673035200,34.0522,-118.2437,434.7,51.4,22.5,47.5,1232.0,0,Normal - Physics Aligned
1673036100,34.0522,-118.2437,450.7,54.4,23.7,47.8,1263.0,0,Normal - Physics Aligned
1673037000,34.0522,-118.2437,468.1,57.7,26.2,43.0,1308.0,0,Normal - Physics Aligned
1673037900,34.0522,-118.2437,433.5,52.1,24.1,44.6,1230.0,0,Normal - Physics Aligned
1673038800,34.0522,-118.2437,458.5,58.5,26.2,47.3,401.0,1,Anomaly - Sensor Bagged
1673039700,34.0522,-118.2437,463.7,58.5,25.3,41.2,1269.0,0,Normal - Physics Aligned
1673040600,34.0522,-118.2437,468.8,60.8,22.4,48.5,1272.0,0,Normal - Physics Aligned
1673041500,36.1627,-115.1398,435.1,52.1,21.3,33.0,408.0,1,Anomaly - Location Spoof
1673042400,34.0522,-118.2437,466.1,60.3,24.7,43.2,1285.0,0,Normal - Physics Aligned
1673043300,34.0522,-118.2437,440.4,53.8,22.6,48.9,1238.0,0,Normal - Physics Aligned
1673044200,34.0522,-118.2437,447.6,53.2,21.8,47.4,1241.0,0,Normal - Physics Aligned
1673045100,36.1627,-115.1398,445.6,51.2,20.8,30.5,412.0,1,Anomaly - Location Spoof
1673046000,34.0522,-118.2437,462.1,54.0,23.7,44.2,418.0,1,Anomaly - Sensor Bagged
1673046900,34.0522,-118.2437,452.3,54.1,22.9,48.2,1259.0,0,Normal - Physics Aligned
1673047800,34.0522,-118.2437,431.8,52.0,20.5,54.0,1235.0,0,Normal - Physics Aligned
1673048700,34.0522,-118.2437,481.6,58.3,27.1,42.3,1318.0,0,Normal - Physics Aligned
1673049600,34.0522,-118.2437,444.3,55.8,26.1,42.2,1244.0,0,Normal - Physics Aligned
1673050500,34.0522,-118.2437,478.6,58.9,25.7,42.3,1299.0,0,Normal - Physics Aligned
1673051400,34.0522,-118.2437,467.5,57.5,25.1,41.7,1266.0,0,Normal - Physics Aligned
1673052300,36.1627,-115.1398,447.5,55.2,20.3,30.2,387.0,1,Anomaly - Location Spoof
1673053200,34.0522,-118.2437,438.9,51.6,25.9,42.4,1226.0,0,Normal - Physics Aligned
1673054100,36.1627,-115.1398,462.8,54.6,20.9,29.2,411.0,1,Anomaly - Location Spoof
1673055000,34.0522,-118.2437,428.1,49.9,26.8,49.6,401.0,1,Anomaly - Sensor Bagged
1673055900,34.0522,-118.2437,444.2,51.8,23.8,45.3,1231.0,0,Normal - Physics Aligned
1673056800,34.0522,-118.2437,459.0,57.2,23.2,48.0,1277.0,0,Normal - Physics Aligned
1673057700,34.0522,-118.2437,462.8,54.0,23.0,48.6,1272.0,0,Normal - Physics Aligned
1673058600,36.1627,-115.1398,422.0,51.7,21.3,26.9,422.0,1,Anomaly - Location Spoof
1673059500,36.1627,-115.1398,478.9,57.5,21.9,27.4,419.0,1,Anomaly - Location Spoof
1673060400,34.0522,-118.2437,470.6,57.1,24.5,43.2,1274.0,0,Normal - Physics Aligned
1673061300,34.0522,-118.2437,428.3,52.3,27.3,47.5,421.0,1,Anomaly - Sensor Bagged
1673062200,34.0522,-118.2437,428.9,49.6,22.4,47.6,1216.0,0,Normal - Physics Aligned
1673063100,34.0522,-118.2437,469.0,56.1,26.1,41.4,1280.0,0,Normal - Physics Aligned
1673064000,34.0522,-118.2437,445.6,57.4,23.3,45.9,1256.0,0,Normal - Physics Aligned
1673064900,34.0522,-118.2437,436.6,54.8,23.9,46.2,1237.0,0,Normal - Physics Aligned
1673065800,34.0522,-118.2437,464.0,55.1,25.0,43.5,1278.0,0,Normal - Physics Aligned
1673066700,34.0522,-118.2437,450.9,52.0,22.6,48.1,1253.0,0,Normal - Physics Aligned
1673067600,34.0522,-118.2437,408.6,53.1,25.0,43.2,1199.0,0,Normal - Physics Aligned
1673068500,34.0522,-118.2437,438.4,54.1,23.0,45.5,1222.0,0,Normal - Physics Aligned
1673069400,34.0522,-118.2437,473.6,57.1,21.3,50.6,1273.0,0,Normal - Physics Aligned
1673070300,34.0522,-118.2437,464.9,55.5,23.7,45.9,1282.0,0,Normal - Physics Aligned
1673071200,34.0522,-118.2437,444.1,54.7,24.3,42.4,1229.0,0,Normal - Physics Aligned
1673072100,34.0522,-118.2437,434.8,54.5,23.2,45.8,1234.0,0,Normal - Physics Aligned
1673073000,34.0522,-118.2437,424.8,51.4,24.8,44.6,399.0,1,Anomaly - Sensor Bagged
1673073900,36.1627,-115.1398,458.9,57.7,21.2,32.1,415.0,1,Anomaly - Location Spoof
1673074800,34.0522,-118.2437,435.5,53.7,24.5,43.4,1221.0,0,Normal - Physics Aligned
1673075700,34.0522,-118.2437,421.9,50.2,26.6,41.7,1222.0,0,Normal - Physics Aligned
1673076600,34.0522,-118.2437,442.1,52.6,24.9,41.5,1217.0,0,Normal - Physics Aligned
1673077500,34.0522,-118.2437,472.2,58.4,24.1,47.1,1305.0,0,Normal - Physics Aligned
1673078400,34.0522,-118.2437,493.9,61.1,25.4,42.2,1317.0,0,Normal - Physics Aligned
1673079300,34.0522,-118.2437,420.0,52.1,24.8,42.9,1202.0,0,Normal - Physics Aligned
1673080200,34.0522,-118.2437,439.5,55.3,28.1,38.4,1242.0,0,Normal - Physics Aligned
1673081100,34.0522,-118.2437,450.9,57.3,20.2,53.9,1273.0,0,Normal - Physics Aligned
1673082000,34.0522,-118.2437,450.4,53.7,24.5,41.8,1236.0,0,Normal - Physics Aligned
1673082900,34.0522,-118.2437,467.9,58.0,18.9,52.7,1266.0,0,Normal - Physics Aligned
1673083800,34.0522,-118.2437,438.8,51.3,21.3,48.4,1232.0,0,Normal - Physics Aligned
1673084700,34.0522,-118.2437,454.3,57.3,23.5,46.1,404.0,1,Anomaly - Sensor Bagged
1673085600,36.1627,-115.1398,455.4,56.7,21.0,29.3,402.0,1,Anomaly - Location Spoof
1673086500,34.0522,-118.2437,472.2,57.2,24.9,40.7,1262.0,0,Normal - Physics Aligned
1673087400,34.0522,-118.2437,448.7,56.6,20.7,50.2,1252.0,0,Normal - Physics Aligned
1673088300,34.0522,-118.2437,440.1,55.8,24.4,46.6,1265.0,0,Normal - Physics Aligned
1673089200,34.0522,-118.2437,464.5,59.9,24.8,45.9,1289.0,0,Normal - Physics Aligned
1673090100,34.0522,-118.2437,449.9,54.2,19.4,54.7,1254.0,0,Normal - Physics Aligned
1673091000,34.0522,-118.2437,435.8,55.1,23.4,44.3,1230.0,0,Normal - Physics Aligned
1673091900,34.0522,-118.2437,444.5,52.3,25.0,41.0,1232.0,0,Normal - Physics Aligned
1673092800,34.0522,-118.2437,501.5,61.0,21.2,52.1,1332.0,0,Normal - Physics Aligned
1673093700,34.0522,-118.2437,427.2,50.1,25.7,41.8,415.0,1,Anomaly - Sensor Bagged
1673094600,34.0522,-118.2437,424.8,51.4,25.4,42.6,1221.0,0,Normal - Physics Aligned
1673095500,34.0522,-118.2437,410.3,49.2,20.8,52.0,1191.0,0,Normal - Physics Aligned
1673096400,34.0522,-118.2437,410.1,50.5,23.2,48.1,1210.0,0,Normal - Physics Aligned
1673097300,34.0522,-118.2437,459.4,56.9,20.7,52.2,1262.0,0,Normal - Physics Aligned
1673098200,34.0522,-118.2437,477.4,57.4,25.2,47.6,404.0,1,Anomaly - Sensor Bagged
1673099100,34.0522,-118.2437,414.8,51.0,25.8,43.9,1209.0,0,Normal - Physics Aligned
1673100000,34.0522,-118.2437,445.4,53.5,23.3,46.2,1244.0,0,Normal - Physics Aligned
1673100900,34.0522,-118.2437,525.6,60.5,18.6,54.2,1340.0,0,Normal - Physics Aligned
1673101800,34.0522,-118.2437,423.8,50.8,22.7,47.5,1217.0,0,Normal - Physics Aligned
1673102700,34.0522,-118.2437,478.5,57.1,25.2,38.1,1265.0,0,Normal - Physics Aligned
1673103600,34.0522,-118.2437,430.7,51.9,25.0,43.1,1224.0,0,Normal - Physics Aligned
1673104500,34.0522,-118.2437,453.9,58.2,18.7,55.5,1259.0,0,Normal - Physics Aligned
1673105400,34.0522,-118.2437,426.8,51.6,26.9,39.8,1213.0,0,Normal - Physics Aligned
1673106300,34.0522,-118.2437,460.3,55.9,25.1,43.0,1259.0,0,Normal - Physics Aligned
1673107200,34.0522,-118.2437,451.1,54.3,24.4,44.6,1251.0,0,Normal - Physics Aligned
1673108100,34.0522,-118.2437,478.7,55.1,24.5,44.6,1281.0,0,Normal - Physics Aligned
1673109000,34.0522,-118.2437,472.4,56.8,26.5,40.1,1266.0,0,Normal - Physics Aligned
1673109900,34.0522,-118.2437,431.4,51.0,24.3,44.2,1200.0,0,Normal - Physics Aligned
1673110800,34.0522,-118.2437,428.8,50.4,25.5,41.0,1202.0,0,Normal - Physics Aligned
1673111700,34.0522,-118.2437,477.1,57.8,26.4,40.4,1288.0,0,Normal - Physics Aligned
1673112600,34.0522,-118.2437,434.8,50.0,20.3,52.0,1223.0,0,Normal - Physics Aligned
1673113500,34.0522,-118.2437,421.4,52.5,23.4,47.5,1231.0,0,Normal - Physics Aligned
1673114400,34.0522,-118.2437,476.7,57.5,26.6,40.1,1269.0,0,Normal - Physics Aligned
1673115300,34.0522,-118.2437,449.0,57.2,27.4,39.9,1250.0,0,Normal - Physics Aligned
1673116200,34.0522,-118.2437,445.8,53.7,26.3,39.9,1255.0,0,Normal - Physics Aligned
1673117100,34.0522,-118.2437,457.9,52.5,23.4,45.3,1242.0,0,Normal - Physics Aligned
1673118000,34.0522,-118.2437,448.4,53.8,26.3,40.1,1236.0,0,Normal - Physics Aligned
1673118900,34.0522,-118.2437,495.9,62.0,21.6,47.6,1303.0,0,Normal - Physics Aligned
1673119800,34.0522,-118.2437,410.5,50.3,22.9,48.3,1217.0,0,Normal - Physics Aligned
1673120700,34.0522,-118.2437,446.1,57.6,20.2,50.9,1234.0,0,Normal - Physics Aligned
1673121600,34.0522,-118.2437,439.8,54.1,25.0,43.3,1227.0,0,Normal - Physics Aligned
1673122500,34.0522,-118.2437,437.8,53.6,28.1,38.4,1253.0,0,Normal - Physics Aligned
1673123400,34.0522,-118.2437,455.4,56.5,23.2,46.9,1261.0,0,Normal - Physics Aligned
1673124300,34.0522,-118.2437,448.3,54.3,21.9,48.9,1254.0,0,Normal - Physics Aligned
1673125200,34.0522,-118.2437,437.2,54.4,23.9,44.8,1229.0,0,Normal - Physics Aligned
1673126100,34.0522,-118.2437,461.4,55.9,22.2,49.7,1270.0,0,Normal - Physics Aligned
1673127000,34.0522,-118.2437,432.5,54.5,22.0,47.4,1222.0,0,Normal - Physics Aligned
1673127900,34.0522,-118.2437,417.7,50.2,26.8,52.4,406.0,1,Anomaly - Sensor Bagged
1673128800,34.0522,-118.2437,480.7,61.7,24.0,46.8,1315.0,0,Normal - Physics Aligned
1673129700,34.0522,-118.2437,436.8,55.5,23.3,47.4,1251.0,0,Normal - Physics Aligned
1673130600,36.1627,-115.1398,449.2,52.9,20.9,27.1,412.0,1,Anomaly - Location Spoof
1673131500,36.1627,-115.1398,479.8,56.2,21.1,29.7,412.0,1,Anomaly - Location Spoof
1673132400,34.0522,-118.2437,476.9,58.4,24.8,50.8,408.0,1,Anomaly - Sensor Bagged
1673133300,34.0522,-118.2437,423.2,50.3,22.6,45.0,408.0,1,Anomaly - Sensor Bagged
1673134200,34.0522,-118.2437,442.7,56.6,25.0,44.3,1250.0,0,Normal - Physics Aligned
1673135100,34.0522,-118.2437,488.6,57.8,23.3,45.5,1286.0,0,Normal - Physics Aligned
1673136000,34.0522,-118.2437,467.5,56.2,23.3,46.1,1271.0,0,Normal - Physics Aligned
1673136900,34.0522,-118.2437,457.3,58.7,24.9,44.7,1271.0,0,Normal - Physics Aligned
1673137800,34.0522,-118.2437,435.1,54.9,23.4,46.8,1235.0,0,Normal - Physics Aligned
1673138700,34.0522,-118.2437,417.9,53.6,24.3,44.4,1208.0,0,Normal - Physics Aligned
1673139600,34.0522,-118.2437,455.3,53.4,22.9,45.5,1238.0,0,Normal - Physics Aligned
1673140500,34.0522,-118.2437,442.5,54.5,26.1,41.1,1237.0,0,Normal - Physics Aligned
1673141400,36.1627,-115.1398,476.3,57.4,20.9,28.1,395.0,1,Anomaly - Location Spoof
1673142300,34.0522,-118.2437,459.7,56.4,24.2,43.2,1264.0,0,Normal - Physics Aligned
1673143200,34.0522,-118.2437,472.2,56.8,22.4,49.8,1291.0,0,Normal - Physics Aligned
1673144100,34.0522,-118.2437,465.6,58.0,23.1,48.9,1290.0,0,Normal - Physics Aligned
1673145000,36.1627,-115.1398,461.1,56.6,20.5,28.2,402.0,1,Anomaly - Location Spoof
1673145900,34.0522,-118.2437,411.2,47.1,31.1,44.0,405.0,1,Anomaly - Sensor Bagged
1673146800,34.0522,-118.2437,442.4,54.2,21.2,50.0,1233.0,0,Normal - Physics Aligned
1673147700,34.0522,-118.2437,440.6,53.3,19.3,55.6,1253.0,0,Normal - Physics Aligned
1673148600,34.0522,-118.2437,432.1,50.7,21.8,47.2,1211.0,0,Normal - Physics Aligned
1673149500,34.0522,-118.2437,460.1,54.5,23.5,45.3,1252.0,0,Normal - Physics Aligned
1673150400,34.0522,-118.2437,460.5,57.8,19.7,52.8,1274.0,0,Normal - Physics Aligned
1673151300,34.0522,-118.2437,443.1,55.5,22.2,49.2,1249.0,0,Normal - Physics Aligned
1673152200,34.0522,-118.2437,447.4,55.9,21.1,49.6,1234.0,0,Normal - Physics Aligned
1673153100,34.0522,-118.2437,470.7,55.7,26.7,48.4,398.0,1,Anomaly - Sensor Bagged
1673154000,34.0522,-118.2437,454.5,55.1,22.2,48.4,1261.0,0,Normal - Physics Aligned
1673154900,34.0522,-118.2437,432.7,51.7,26.1,40.4,1215.0,0,Normal - Physics Aligned
1673155800,34.0522,-118.2437,451.8,55.8,24.6,43.9,1256.0,0,Normal - Physics Aligned
1673156700,34.0522,-118.2437,438.8,54.9,26.1,40.2,1230.0,0,Normal - Physics Aligned
1673157600,34.0522,-118.2437,444.7,55.8,27.6,36.8,1237.0,0,Normal - Physics Aligned
1673158500,34.0522,-118.2437,445.8,53.7,23.5,45.4,1245.0,0,Normal - Physics Aligned
1673159400,34.0522,-118.2437,467.4,62.2,21.2,50.9,1296.0,0,Normal - Physics Aligned
1673160300,34.0522,-118.2437,451.9,55.8,24.1,43.1,1248.0,0,Normal - Physics Aligned
1673161200,34.0522,-118.2437,436.2,53.7,22.3,48.1,1222.0,0,Normal - Physics Aligned
1673162100,34.0522,-118.2437,443.9,53.5,20.0,54.4,1240.0,0,Normal - Physics Aligned
1673163000,34.0522,-118.2437,418.9,53.0,24.9,42.7,1209.0,0,Normal - Physics Aligned
1673163900,34.0522,-118.2437,440.9,51.9,21.2,46.6,391.0,1,Anomaly - Sensor Bagged
1673164800,34.0522,-118.2437,425.7,52.2,20.6,51.4,1217.0,0,Normal - Physics Aligned
1673165700,34.0522,-118.2437,432.3,53.0,28.0,37.0,1219.0,0,Normal - Physics Aligned
1673166600,34.0522,-118.2437,465.7,54.8,24.0,44.3,1267.0,0,Normal - Physics Aligned
1673167500,34.0522,-118.2437,429.8,54.5,27.2,39.0,1218.0,0,Normal - Physics Aligned
1673168400,36.1627,-115.1398,463.8,57.2,20.7,30.4,410.0,1,Anomaly - Location Spoof
1673169300,34.0522,-118.2437,464.3,58.3,24.1,43.8,1275.0,0,Normal - Physics Aligned
1673170200,34.0522,-118.2437,416.9,49.6,24.1,44.2,1192.0,0,Normal - Physics Aligned
1673171100,34.0522,-118.2437,429.2,52.0,23.0,44.8,1198.0,0,Normal - Physics Aligned
1673172000,36.1627,-115.1398,443.6,56.7,20.4,30.2,405.0,1,Anomaly - Location Spoof
1673172900,34.0522,-118.2437,427.3,50.9,24.4,47.3,406.0,1,Anomaly - Sensor Bagged
1673173800,34.0522,-118.2437,451.9,57.1,23.5,44.7,1247.0,0,Normal - Physics Aligned
1673174700,34.0522,-118.2437,427.2,49.3,24.9,42.1,1193.0,0,Normal - Physics Aligned
1673175600,34.0522,-118.2437,450.4,55.3,24.3,44.9,1246.0,0,Normal - Physics Aligned
1673176500,34.0522,-118.2437,468.6,59.7,23.7,45.5,1288.0,0,Normal - Physics Aligned
1673177400,34.0522,-118.2437,453.2,53.6,22.6,47.7,1247.0,0,Normal - Physics Aligned
1673178300,34.0522,-118.2437,452.9,53.0,25.1,42.8,1237.0,0,Normal - Physics Aligned
1673179200,34.0522,-118.2437,427.5,55.2,26.8,40.4,1241.0,0,Normal - Physics Aligned
1673180100,34.0522,-118.2437,453.2,56.1,23.2,47.2,1253.0,0,Normal - Physics Aligned
1673181000,36.1627,-115.1398,481.7,59.9,21.7,30.1,403.0,1,Anomaly - Location Spoof
1673181900,34.0522,-118.2437,466.9,58.6,22.8,47.1,1284.0,0,Normal - Physics Aligned
1673182800,34.0522,-118.2437,480.4,57.4,26.2,41.6,1285.0,0,Normal - Physics Aligned
1673183700,34.0522,-118.2437,434.2,50.5,22.4,49.4,1234.0,0,Normal - Physics Aligned
1673184600,34.0522,-118.2437,440.3,56.0,26.1,40.4,1248.0,0,Normal - Physics Aligned
1673185500,36.1627,-115.1398,435.7,49.4,20.7,31.8,394.0,1,Anomaly - Location Spoof
1673186400,34.0522,-118.2437,422.3,50.9,23.7,46.0,1208.0,0,Normal - Physics Aligned
1673187300,34.0522,-118.2437,418.1,51.4,25.0,43.6,1204.0,0,Normal - Physics Aligned
1673188200,34.0522,-118.2437,432.8,53.9,24.8,50.9,393.0,1,Anomaly - Sensor Bagged
1673189100,36.1627,-115.1398,400.6,48.0,21.1,31.4,412.0,1,Anomaly - Location Spoof
1673190000,34.0522,-118.2437,412.1,52.7,23.4,46.4,1213.0,0,Normal - Physics Aligned
1673190900,34.0522,-118.2437,431.0,52.4,24.1,46.6,1235.0,0,Normal - Physics Aligned
1673191800,34.0522,-118.2437,430.3,53.9,22.3,48.9,1235.0,0,Normal - Physics Aligned
1673192700,34.0522,-118.2437,471.4,59.2,22.2,49.1,1294.0,0,Normal - Physics Aligned
1673193600,34.0522,-118.2437,459.5,55.4,27.5,39.2,1265.0,0,Normal - Physics Aligned
1673194500,34.0522,-118.2437,484.9,55.1,23.7,45.0,1272.0,0,Normal - Physics Aligned
1673195400,34.0522,-118.2437,426.7,49.1,26.9,40.7,1209.0,0,Normal - Physics Aligned
1673196300,34.0522,-118.2437,456.4,58.2,20.8,51.2,1250.0,0,Normal - Physics Aligned
1673197200,34.0522,-118.2437,464.8,56.4,23.0,46.4,1261.0,0,Normal - Physics Aligned
1673198100,34.0522,-118.2437,467.0,57.9,22.4,44.7,1259.0,0,Normal - Physics Aligned
1673199000,34.0522,-118.2437,451.5,53.7,25.4,42.1,1232.0,0,Normal - Physics Aligned
1673199900,34.0522,-118.2437,495.3,63.0,23.9,45.4,1322.0,0,Normal - Physics Aligned
1673200800,34.0522,-118.2437,463.2,56.3,25.4,41.3,1258.0,0,Normal - Physics Aligned
1673201700,34.0522,-118.2437,461.9,58.9,24.3,41.8,1252.0,0,Normal - Physics Aligned
1673202600,34.0522,-118.2437,440.6,51.6,23.6,44.5,1227.0,0,Normal - Physics Aligned
1673203500,34.0522,-118.2437,461.0,55.1,25.2,43.7,1265.0,0,Normal - Physics Aligned
1673204400,34.0522,-118.2437,456.1,58.7,26.1,41.4,1277.0,0,Normal - Physics Aligned
1673205300,34.0522,-118.2437,471.4,58.0,22.8,47.8,1291.0,0,Normal - Physics Aligned
1673206200,34.0522,-118.2437,494.5,60.6,29.8,34.1,1318.0,0,Normal - Physics Aligned
1673207100,34.0522,-118.2437,453.8,55.8,24.8,43.2,1247.0,0,Normal - Physics Aligned
1673208000,34.0522,-118.2437,468.6,55.1,24.0,45.7,1270.0,0,Normal - Physics Aligned
1673208900,34.0522,-118.2437,457.2,56.4,24.4,44.6,1254.0,0,Normal - Physics Aligned
1673209800,34.0522,-118.2437,453.7,55.8,24.5,45.1,1267.0,0,Normal - Physics Aligned
1673210700,34.0522,-118.2437,457.4,56.7,25.7,41.5,1260.0,0,Normal - Physics Aligned
1673211600,34.0522,-118.2437,437.1,56.7,25.3,42.5,1233.0,0,Normal - Physics Aligned
1673212500,34.0522,-118.2437,478.5,58.9,25.2,43.2,1295.0,0,Normal - Physics Aligned
1673213400,34.0522,-118.2437,469.1,58.3,19.7,53.4,1278.0,0,Normal - Physics Aligned
1673214300,34.0522,-118.2437,483.1,62.2,22.7,47.0,1297.0,0,Normal - Physics Aligned
1673215200,34.0522,-118.2437,473.8,58.9,27.2,39.6,1277.0,0,Normal - Physics Aligned
1673216100,34.0522,-118.2437,471.0,57.7,22.5,47.2,1274.0,0,Normal - Physics Aligned
1673217000,34.0522,-118.2437,432.8,52.6,20.7,48.2,1209.0,0,Normal - Physics Aligned
1673217900,34.0522,-118.2437,438.5,52.1,23.9,46.0,1230.0,0,Normal - Physics Aligned
1673218800,34.0522,-118.2437,442.6,53.6,22.3,49.2,1239.0,0,Normal - Physics Aligned
1673219700,34.0522,-118.2437,449.0,56.6,22.1,50.0,1279.0,0,Normal - Physics Aligned
1673220600,34.0522,-118.2437,436.2,49.5,21.8,49.4,1220.0,0,Normal - Physics Aligned
1673221500,34.0522,-118.2437,477.7,57.3,23.3,46.9,1293.0,0,Normal - Physics Aligned
1673222400,34.0522,-118.2437,471.2,60.6,21.8,49.1,1288.0,0,Normal - Physics Aligned
1673223300,34.0522,-118.2437,418.3,48.2,25.3,42.2,1199.0,0,Normal - Physics Aligned
1673224200,36.1627,-115.1398,455.8,58.3,20.8,28.0,412.0,1,Anomaly - Location Spoof
1673225100,34.0522,-118.2437,425.1,50.2,27.0,39.3,1216.0,0,Normal - Physics Aligned
1673226000,34.0522,-118.2437,436.4,56.1,23.3,50.0,412.0,1,Anomaly - Sensor Bagged
1673226900,34.0522,-118.2437,462.1,57.3,25.2,42.6,1260.0,0,Normal - Physics Aligned
1673227800,34.0522,-118.2437,427.2,48.7,22.0,48.8,1211.0,0,Normal - Physics Aligned
1673228700,34.0522,-118.2437,444.4,52.1,26.5,41.9,1245.0,0,Normal - Physics Aligned
1673229600,34.0522,-118.2437,437.2,52.2,25.9,44.4,419.0,1,Anomaly - Sensor Bagged
1673230500,34.0522,-118.2437,458.9,56.8,25.3,43.5,1263.0,0,Normal - Physics Aligned
1673231400,34.0522,-118.2437,422.4,48.0,24.6,43.9,1204.0,0,Normal - Physics Aligned
1673232300,34.0522,-118.2437,423.0,49.6,21.9,49.7,1212.0,0,Normal - Physics Aligned
1673233200,34.0522,-118.2437,460.3,56.4,21.7,49.3,1257.0,0,Normal - Physics Aligned
1673234100,34.0522,-118.2437,418.3,53.8,21.4,50.5,1220.0,0,Normal - Physics Aligned
1673235000,34.0522,-118.2437,474.5,56.1,31.2,31.9,1283.0,0,Normal - Physics Aligned
1673235900,34.0522,-118.2437,437.2,51.9,23.1,45.6,1219.0,0,Normal - Physics Aligned
1673236800,34.0522,-118.2437,467.8,55.1,21.8,48.5,1261.0,0,Normal - Physics Aligned
1673237700,36.1627,-115.1398,448.2,54.2,20.0,28.1,414.0,1,Anomaly - Location Spoof
1673238600,34.0522,-118.2437,438.5,50.8,23.2,47.1,1224.0,0,Normal - Physics Aligned
1673239500,34.0522,-118.2437,465.8,54.6,24.4,45.8,400.0,1,Anomaly - Sensor Bagged
1673240400,34.0522,-118.2437,415.4,51.6,21.3,50.1,1200.0,0,Normal - Physics Aligned
1673241300,34.0522,-118.2437,493.6,56.1,27.2,39.4,1295.0,0,Normal - Physics Aligned
1673242200,34.0522,-118.2437,443.5,56.9,24.0,45.9,1262.0,0,Normal - Physics Aligned
1673243100,34.0522,-118.2437,430.5,55.5,22.6,47.4,1227.0,0,Normal - Physics Aligned
1673244000,34.0522,-118.2437,479.9,58.7,24.1,43.5,1280.0,0,Normal - Physics Aligned
1673244900,34.0522,-118.2437,465.4,58.8,24.4,45.0,1289.0,0,Normal - Physics Aligned
1673245800,34.0522,-118.2437,451.5,56.5,22.2,48.1,1254.0,0,Normal - Physics Aligned
1673246700,34.0522,-118.2437,470.1,58.7,21.1,49.6,1285.0,0,Normal - Physics Aligned
1673247600,34.0522,-118.2437,449.5,54.1,23.1,43.4,402.0,1,Anomaly - Sensor Bagged
1673248500,34.0522,-118.2437,444.5,53.7,23.3,47.8,1240.0,0,Normal - Physics Aligned
1673249400,34.0522,-118.2437,443.6,56.4,24.4,46.1,1265.0,0,Normal - Physics Aligned
1673250300,34.0522,-118.2437,472.4,56.5,23.0,47.0,405.0,1,Anomaly - Sensor Bagged
1673251200,34.0522,-118.2437,456.9,54.2,23.3,47.1,1260.0,0,Normal - Physics Aligned
1673252100,34.0522,-118.2437,447.9,53.4,25.9,49.7,391.0,1,Anomaly - Sensor Bagged
1673253000,34.0522,-118.2437,411.3,48.4,25.8,42.6,1218.0,0,Normal - Physics Aligned
1673253900,34.0522,-118.2437,494.3,62.0,23.2,47.5,1327.0,0,Normal - Physics Aligned
1673254800,34.0522,-118.2437,415.4,51.8,25.1,45.5,1237.0,0,Normal - Physics Aligned
1673255700,34.0522,-118.2437,437.8,55.8,23.6,46.6,1250.0,0,Normal - Physics Aligned
1673256600,34.0522,-118.2437,402.9,48.1,25.0,42.5,1174.0,0,Normal - Physics Aligned
1673257500,34.0522,-118.2437,487.5,58.2,22.3,49.1,1304.0,0,Normal - Physics Aligned
1673258400,34.0522,-118.2437,462.4,56.9,25.1,45.5,399.0,1,Anomaly - Sensor Bagged
1673259300,34.0522,-118.2437,442.6,55.5,21.8,48.2,1239.0,0,Normal - Physics Aligned
1673260200,34.0522,-118.2437,455.3,56.6,23.5,44.7,1260.0,0,Normal - Physics Aligned
1673261100,34.0522,-118.2437,440.2,56.7,22.7,47.6,408.0,1,Anomaly - Sensor Bagged
1673262000,34.0522,-118.2437,471.8,55.5,26.7,38.2,1260.0,0,Normal - Physics Aligned
1673262900,34.0522,-118.2437,443.0,54.7,24.3,45.4,1239.0,0,Normal - Physics Aligned
1673263800,34.0522,-118.2437,455.5,53.2,24.2,49.5,413.0,1,Anomaly - Sensor Bagged
1673264700,34.0522,-118.2437,490.1,61.9,27.7,37.6,1295.0,0,Normal - Physics Aligned
1673265600,34.0522,-118.2437,483.6,62.1,19.8,53.0,1302.0,0,Normal - Physics Aligned
1673266500,34.0522,-118.2437,434.5,53.3,23.9,46.0,1242.0,0,Normal - Physics Aligned
1673267400,36.1627,-115.1398,440.5,51.0,21.4,32.2,403.0,1,Anomaly - Location Spoof
1673268300,34.0522,-118.2437,472.3,55.1,22.4,47.0,1262.0,0,Normal - Physics Aligned
1673269200,34.0522,-118.2437,490.4,61.3,25.0,41.9,1298.0,0,Normal - Physics Aligned
1673270100,34.0522,-118.2437,438.8,54.9,22.7,46.5,1234.0,0,Normal - Physics Aligned
1673271000,34.0522,-118.2437,475.4,59.4,24.2,45.5,1284.0,0,Normal - Physics Aligned
1673271900,34.0522,-118.2437,467.1,56.3,25.9,44.2,416.0,1,Anomaly - Sensor Bagged
1673272800,34.0522,-118.2437,421.9,52.0,25.4,44.0,1225.0,0,Normal - Physics Aligned
1673273700,34.0522,-118.2437,467.0,58.6,26.0,42.0,1286.0,0,Normal - Physics Aligned
1673274600,36.1627,-115.1398,442.0,56.5,21.4,27.6,398.0,1,Anomaly - Location Spoof
1673275500,34.0522,-118.2437,455.0,55.4,27.1,46.2,405.0,1,Anomaly - Sensor Bagged
1673276400,34.0522,-118.2437,461.3,57.8,24.4,45.8,1282.0,0,Normal - Physics Aligned
1673277300,34.0522,-118.2437,494.4,56.6,22.7,48.0,1296.0,0,Normal - Physics Aligned
1673278200,34.0522,-118.2437,445.8,55.0,22.3,51.1,1261.0,0,Normal - Physics Aligned
1673279100,34.0522,-118.2437,450.6,54.7,21.3,49.9,1243.0,0,Normal - Physics Aligned
1673280000,34.0522,-118.2437,491.0,59.9,23.6,46.1,1304.0,0,Normal - Physics Aligned
1673280900,34.0522,-118.2437,452.9,55.9,17.8,59.1,1263.0,0,Normal - Physics Aligned
1673281800,34.0522,-118.2437,447.1,53.4,21.7,49.7,1248.0,0,Normal - Physics Aligned
1673282700,34.0522,-118.2437,483.0,61.5,24.8,43.9,1316.0,0,Normal - Physics Aligned
1673283600,34.0522,-118.2437,449.5,54.1,24.7,45.0,1238.0,0,Normal - Physics Aligned
1673284500,34.0522,-118.2437,404.5,52.2,26.1,41.8,1209.0,0,Normal - Physics Aligned
1673285400,34.0522,-118.2437,421.7,52.5,23.1,47.7,1225.0,0,Normal - Physics Aligned
1673286300,34.0522,-118.2437,443.4,51.7,18.5,56.5,1234.0,0,Normal - Physics Aligned
1673287200,34.0522,-118.2437,461.2,56.6,26.1,40.7,1260.0,0,Normal - Physics Aligned
1673288100,36.1627,-115.1398,478.5,59.8,20.8,32.6,408.0,1,Anomaly - Location Spoof
1673289000,34.0522,-118.2437,465.4,60.5,24.0,43.5,1269.0,0,Normal - Physics Aligned
1673289900,34.0522,-118.2437,502.7,60.2,24.1,44.7,1307.0,0,Normal - Physics Aligned
1673290800,34.0522,-118.2437,455.8,53.8,22.4,48.4,1241.0,0,Normal - Physics Aligned
1673291700,34.0522,-118.2437,456.0,58.1,22.3,49.0,1276.0,0,Normal - Physics Aligned
1673292600,34.0522,-118.2437,461.1,55.9,23.5,45.5,1255.0,0,Normal - Physics Aligned
1673293500,36.1627,-115.1398,444.1,51.0,20.3,30.7,403.0,1,Anomaly - Location Spoof
1673294400,34.0522,-118.2437,455.3,54.1,22.2,46.8,1250.0,0,Normal - Physics Aligned
1673295300,34.0522,-118.2437,419.3,49.9,19.8,53.6,1208.0,0,Normal - Physics Aligned
1673296200,34.0522,-118.2437,429.9,52.2,25.5,43.5,1237.0,0,Normal - Physics Aligned
1673297100,34.0522,-118.2437,460.2,56.9,28.0,45.9,391.0,1,Anomaly - Sensor Bagged
1673298000,34.0522,-118.2437,452.3,53.0,25.6,45.3,1275.0,0,Normal - Physics Aligned
1673298900,34.0522,-118.2437,428.5,49.1,26.0,40.8,1219.0,0,Normal - Physics Aligned
1673299800,34.0522,-118.2437,485.2,57.7,20.1,54.0,1307.0,0,Normal - Physics Aligned
1673300700,34.0522,-118.2437,452.1,54.7,26.6,42.6,1271.0,0,Normal - Physics Aligned
1673301600,34.0522,-118.2437,433.3,53.1,23.8,44.6,1220.0,0,Normal - Physics Aligned
1673302500,34.0522,-118.2437,443.3,51.6,21.8,50.1,1236.0,0,Normal - Physics Aligned
1673303400,34.0522,-118.2437,453.8,56.4,24.1,44.0,1243.0,0,Normal - Physics Aligned
1673304300,34.0522,-118.2437,473.7,57.9,26.0,39.8,1266.0,0,Normal - Physics Aligned
1673305200,34.0522,-118.2437,439.4,49.6,27.2,38.5,1221.0,0,Normal - Physics Aligned
1673306100,34.0522,-118.2437,440.2,53.4,23.5,45.5,1233.0,0,Normal - Physics Aligned
1673307000,34.0522,-118.2437,419.3,53.1,21.3,51.0,1234.0,0,Normal - Physics Aligned
1673307900,34.0522,-118.2437,503.3,62.4,21.9,50.1,1340.0,0,Normal - Physics Aligned
1673308800,34.0522,-118.2437,459.5,54.5,26.6,45.6,415.0,1,Anomaly - Sensor Bagged
1673309700,34.0522,-118.2437,445.7,55.3,27.4,38.4,1236.0,0,Normal - Physics Aligned
1673310600,34.0522,-118.2437,440.7,56.4,24.2,45.6,1244.0,0,Normal - Physics Aligned
1673311500,34.0522,-118.2437,417.5,47.4,21.9,47.9,1176.0,0,Normal - Physics Aligned
1673312400,34.0522,-118.2437,480.0,58.3,21.5,48.6,1292.0,0,Normal - Physics Aligned
1673313300,34.0522,-118.2437,436.6,52.2,25.0,44.9,403.0,1,Anomaly - Sensor Bagged
1673314200,34.0522,-118.2437,493.5,61.2,24.4,45.8,1324.0,0,Normal - Physics Aligned
1673315100,34.0522,-118.2437,464.0,61.4,25.4,42.2,1274.0,0,Normal - Physics Aligned
1673316000,34.0522,-118.2437,443.3,55.4,25.5,46.2,412.0,1,Anomaly - Sensor Bagged
1673316900,34.0522,-118.2437,468.5,59.4,23.6,43.5,1273.0,0,Normal - Physics Aligned
1673317800,34.0522,-118.2437,441.9,53.4,24.3,44.3,1240.0,0,Normal - Physics Aligned
1673318700,34.0522,-118.2437,452.0,56.9,26.6,38.7,1246.0,0,Normal - Physics Aligned
1673319600,34.0522,-118.2437,443.8,54.8,23.3,46.1,1241.0,0,Normal - Physics Aligned
1673320500,34.0522,-118.2437,499.0,62.1,24.3,46.3,1326.0,0,Normal - Physics Aligned
1673321400,34.0522,-118.2437,418.3,53.5,23.4,46.9,1223.0,0,Normal - Physics Aligned
1673322300,34.0522,-118.2437,477.0,59.1,26.0,41.7,1295.0,0,Normal - Physics Aligned
1673323200,34.0522,-118.2437,468.6,56.4,20.5,40.9,406.0,1,Anomaly - Sensor Bagged
1673324100,34.0522,-118.2437,451.7,55.7,17.8,58.6,1263.0,0,Normal - Physics Aligned
1673325000,34.0522,-118.2437,449.2,54.3,25.3,43.2,419.0,1,Anomaly - Sensor Bagged
1673325900,34.0522,-118.2437,483.4,58.8,27.1,39.4,1301.0,0,Normal - Physics Aligned
1673326800,34.0522,-118.2437,445.8,50.1,23.5,47.3,1243.0,0,Normal - Physics Aligned
1673327700,34.0522,-118.2437,473.2,57.6,23.7,45.7,1264.0,0,Normal - Physics Aligned
1673328600,34.0522,-118.2437,447.0,55.5,27.3,40.2,1251.0,0,Normal - Physics Aligned
1673329500,34.0522,-118.2437,444.5,54.1,26.5,47.7,425.0,1,Anomaly - Sensor Bagged
1673330400,34.0522,-118.2437,450.0,54.1,25.4,41.4,1231.0,0,Normal - Physics Aligned
1673331300,34.0522,-118.2437,429.8,51.2,21.1,49.5,1199.0,0,Normal - Physics Aligned
1673332200,34.0522,-118.2437,473.9,60.9,26.2,38.7,1287.0,0,Normal - Physics Aligned
1673333100,34.0522,-118.2437,444.0,54.6,24.0,45.0,1243.0,0,Normal - Physics Aligned
1673334000,34.0522,-118.2437,411.9,53.4,24.9,42.7,1193.0,0,Normal - Physics Aligned
1673334900,34.0522,-118.2437,450.3,52.5,22.1,49.7,1240.0,0,Normal - Physics Aligned
1673335800,34.0522,-118.2437,459.3,54.4,22.4,47.9,1263.0,0,Normal - Physics Aligned
1673336700,34.0522,-118.2437,485.7,58.4,23.8,47.0,1311.0,0,Normal - Physics Aligned
1673337600,34.0522,-118.2437,444.9,57.0,24.8,45.7,405.0,1,Anomaly - Sensor Bagged
1673338500,34.0522,-118.2437,415.9,51.9,23.3,47.5,1200.0,0,Normal - Physics Aligned
1673339400,34.0522,-118.2437,478.2,59.5,21.4,46.4,400.0,1,Anomaly - Sensor Bagged
1673340300,34.0522,-118.2437,433.0,55.2,28.0,36.5,1225.0,0,Normal - Physics Aligned
1673341200,34.0522,-118.2437,449.9,53.8,20.7,50.9,1247.0,0,Normal - Physics Aligned
1673342100,34.0522,-118.2437,438.5,51.8,24.0,44.6,1226.0,0,Normal - Physics Aligned
1673343000,36.1627,-115.1398,451.0,54.6,20.5,30.4,402.0,1,Anomaly - Location Spoof
1673343900,34.0522,-118.2437,465.8,57.6,25.1,42.0,1269.0,0,Normal - Physics Aligned
1673344800,34.0522,-118.2437,439.1,52.9,22.0,49.6,1238.0,0,Normal - Physics Aligned
1673345700,36.1627,-115.1398,460.5,53.9,20.5,26.1,409.0,1,Anomaly - Location Spoof
1673346600,34.0522,-118.2437,432.9,53.1,21.8,51.4,1236.0,0,Normal - Physics Aligned
1673347500,34.0522,-118.2437,437.7,53.3,25.1,44.0,1227.0,0,Normal - Physics Aligned
1673348400,34.0522,-118.2437,426.4,55.3,25.8,41.8,1229.0,0,Normal - Physics Aligned
1673349300,34.0522,-118.2437,440.9,52.4,25.4,41.6,1226.0,0,Normal - Physics Aligned
1673350200,34.0522,-118.2437,490.1,60.3,26.9,42.2,1315.0,0,Normal - Physics Aligned
1673351100,34.0522,-118.2437,449.0,55.5,20.4,50.9,1244.0,0,Normal - Physics Aligned
1673352000,34.0522,-118.2437,460.6,55.7,24.9,42.9,1249.0,0,Normal - Physics Aligned
1673352900,34.0522,-118.2437,458.5,56.3,26.0,42.8,1287.0,0,Normal - Physics Aligned
1673353800,34.0522,-118.2437,433.6,56.2,20.7,51.9,1247.0,0,Normal - Physics Aligned
1673354700,34.0522,-118.2437,447.1,52.8,20.1,53.1,1244.0,0,Normal - Physics Aligned
1673355600,34.0522,-118.2437,440.4,52.9,18.7,57.4,1249.0,0,Normal - Physics Aligned
1673356500,34.0522,-118.2437,459.3,51.2,22.8,43.6,405.0,1,Anomaly - Sensor Bagged
1673357400,34.0522,-118.2437,404.5,48.4,25.0,45.4,1208.0,0,Normal - Physics Aligned
1673358300,34.0522,-118.2437,488.1,59.9,19.1,54.6,1311.0,0,Normal - Physics Aligned
1673359200,36.1627,-115.1398,439.0,54.3,21.5,30.2,395.0,1,Anomaly - Location Spoof
1673360100,34.0522,-118.2437,447.6,54.2,22.7,48.7,1258.0,0,Normal - Physics Aligned
1673361000,34.0522,-118.2437,431.0,52.0,24.4,44.6,1231.0,0,Normal - Physics Aligned
1673361900,34.0522,-118.2437,409.2,49.7,17.8,57.2,1209.0,0,Normal - Physics Aligned
1673362800,34.0522,-118.2437,447.3,55.3,21.6,51.4,1270.0,0,Normal - Physics Aligned
1673363700,34.0522,-118.2437,462.1,56.5,28.4,36.5,1261.0,0,Normal - Physics Aligned
1673364600,34.0522,-118.2437,429.2,55.6,22.4,49.0,1230.0,0,Normal - Physics Aligned
1673365500,34.0522,-118.2437,454.5,56.1,24.2,42.6,1234.0,0,Normal - Physics Aligned
1673366400,34.0522,-118.2437,479.7,62.9,26.7,40.1,1315.0,0,Normal - Physics Aligned
1673367300,34.0522,-118.2437,435.2,53.9,24.9,48.2,402.0,1,Anomaly - Sensor Bagged
1673368200,34.0522,-118.2437,473.3,56.7,20.8,50.5,1275.0,0,Normal - Physics Aligned
1673369100,34.0522,-118.2437,470.9,54.5,22.2,49.8,1276.0,0,Normal - Physics Aligned
1673370000,34.0522,-118.2437,476.8,57.7,23.7,44.9,1268.0,0,Normal - Physics Aligned
1673370900,34.0522,-118.2437,458.5,57.1,20.6,50.6,1262.0,0,Normal - Physics Aligned
1673371800,34.0522,-118.2437,457.4,55.9,26.2,40.3,1253.0,0,Normal - Physics Aligned
1673372700,34.0522,-118.2437,440.1,52.8,24.4,43.7,1241.0,0,Normal - Physics Aligned
1673373600,34.0522,-118.2437,434.7,56.4,23.8,47.4,410.0,1,Anomaly - Sensor Bagged
1673374500,34.0522,-118.2437,458.3,55.3,22.0,52.3,1273.0,0,Normal - Physics Aligned
1673375400,34.0522,-118.2437,468.0,53.6,21.0,50.2,1272.0,0,Normal - Physics Aligned
1673376300,34.0522,-118.2437,437.1,53.3,28.4,37.0,1243.0,0,Normal - Physics Aligned
1673377200,34.0522,-118.2437,443.6,52.6,20.3,51.2,1234.0,0,Normal - Physics Aligned
1673378100,34.0522,-118.2437,472.6,58.5,26.0,40.1,1272.0,0,Normal - Physics Aligned
1673379000,34.0522,-118.2437,447.7,60.7,28.7,38.8,1285.0,0,Normal - Physics Aligned
1673379900,36.1627,-115.1398,454.4,53.9,20.4,29.8,402.0,1,Anomaly - Location Spoof
1673380800,34.0522,-118.2437,447.4,57.0,25.8,42.1,1245.0,0,Normal - Physics Aligned
1673381700,34.0522,-118.2437,488.7,60.1,22.6,47.6,1316.0,0,Normal - Physics Aligned
1673382600,34.0522,-118.2437,438.4,50.0,23.0,47.0,1217.0,0,Normal - Physics Aligned
1673383500,34.0522,-118.2437,435.9,53.1,24.4,43.6,1228.0,0,Normal - Physics Aligned
1673384400,34.0522,-118.2437,445.7,55.0,24.9,43.9,1241.0,0,Normal - Physics Aligned
1673385300,34.0522,-118.2437,460.8,57.0,22.8,47.3,1266.0,0,Normal - Physics Aligned
1673386200,34.0522,-118.2437,458.4,54.4,19.7,53.5,1263.0,0,Normal - Physics Aligned
1673387100,34.0522,-118.2437,464.4,56.6,26.5,40.8,1286.0,0,Normal - Physics Aligned
1673388000,34.0522,-118.2437,452.6,52.1,21.8,48.0,1229.0,0,Normal - Physics Aligned
1673388900,34.0522,-118.2437,426.9,47.1,24.2,45.5,1209.0,0,Normal - Physics Aligned
1673389800,34.0522,-118.2437,445.9,53.6,20.3,50.5,1242.0,0,Normal - Physics Aligned
1673390700,34.0522,-118.2437,436.9,52.8,24.2,44.1,1223.0,0,Normal - Physics Aligned
1673391600,34.0522,-118.2437,478.8,57.6,25.1,43.4,1293.0,0,Normal - Physics Aligned
1673392500,34.0522,-118.2437,450.3,56.2,20.7,51.1,1250.0,0,Normal - Physics Aligned
1673393400,34.0522,-118.2437,451.8,58.2,25.5,43.7,1271.0,0,Normal - Physics Aligned
1673394300,34.0522,-118.2437,479.7,58.4,24.8,42.0,1287.0,0,Normal - Physics Aligned
1673395200,36.1627,-115.1398,495.3,60.3,21.7,31.2,407.0,1,Anomaly - Location Spoof
1673396100,34.0522,-118.2437,477.0,57.3,27.2,39.4,1297.0,0,Normal - Physics Aligned
1673397000,34.0522,-118.2437,422.7,53.5,25.6,43.4,1229.0,0,Normal - Physics Aligned
1673397900,34.0522,-118.2437,462.1,56.6,24.3,43.9,1261.0,0,Normal - Physics Aligned
1673398800,34.0522,-118.2437,453.2,56.7,24.8,43.7,1262.0,0,Normal - Physics Aligned
1673399700,34.0522,-118.2437,424.1,49.3,22.8,46.3,1202.0,0,Normal - Physics Aligned
1673400600,34.0522,-118.2437,438.6,52.0,23.2,47.9,421.0,1,Anomaly - Sensor Bagged
1673401500,36.1627,-115.1398,458.3,57.6,20.3,28.6,397.0,1,Anomaly - Location Spoof
1673402400,34.0522,-118.2437,446.2,55.6,22.1,47.5,1232.0,0,Normal - Physics Aligned
1673403300,34.0522,-118.2437,500.5,61.2,25.5,42.4,1323.0,0,Normal - Physics Aligned
1673404200,34.0522,-118.2437,424.8,52.2,24.6,42.9,1216.0,0,Normal - Physics Aligned
1673405100,34.0522,-118.2437,490.1,57.5,27.1,40.1,1311.0,0,Normal - Physics Aligned
1673406000,36.1627,-115.1398,439.2,51.7,21.2,32.3,409.0,1,Anomaly - Location Spoof
1673406900,34.0522,-118.2437,436.2,53.3,26.5,44.7,401.0,1,Anomaly - Sensor Bagged
1673407800,34.0522,-118.2437,417.9,49.9,22.3,48.5,1200.0,0,Normal - Physics Aligned
1673408700,34.0522,-118.2437,453.2,55.9,29.5,34.3,1265.0,0,Normal - Physics Aligned
1673409600,34.0522,-118.2437,441.2,56.1,23.5,45.2,1240.0,0,Normal - Physics Aligned
1673410500,34.0522,-118.2437,448.7,57.8,23.6,46.7,1265.0,0,Normal - Physics Aligned
1673411400,34.0522,-118.2437,465.8,56.2,26.6,41.7,1284.0,0,Normal - Physics Aligned
1673412300,34.0522,-118.2437,447.0,52.3,25.5,44.8,407.0,1,Anomaly - Sensor Bagged
1673413200,34.0522,-118.2437,488.3,60.7,28.9,36.5,1322.0,0,Normal - Physics Aligned
1673414100,34.0522,-118.2437,425.2,50.2,25.8,40.0,1202.0,0,Normal - Physics Aligned
1673415000,34.0522,-118.2437,479.0,58.3,24.7,42.7,1272.0,0,Normal - Physics Aligned
1673415900,34.0522,-118.2437,439.0,53.3,25.8,39.8,1215.0,0,Normal - Physics Aligned
1673416800,34.0522,-118.2437,438.6,54.2,24.7,47.8,416.0,1,Anomaly - Sensor Bagged
1673417700,34.0522,-118.2437,437.0,56.2,25.6,44.6,407.0,1,Anomaly - Sensor Bagged
1673418600,34.0522,-118.2437,479.6,60.1,19.8,52.5,1302.0,0,Normal - Physics Aligned
1673419500,34.0522,-118.2437,438.2,56.4,20.8,52.5,1253.0,0,Normal - Physics Aligned
1673420400,34.0522,-118.2437,461.9,56.5,22.2,48.0,1251.0,0,Normal - Physics Aligned
1673421300,34.0522,-118.2437,471.6,59.4,24.1,44.8,1283.0,0,Normal - Physics Aligned
1673422200,34.0522,-118.2437,481.0,58.6,27.5,39.5,1300.0,0,Normal - Physics Aligned
1673423100,34.0522,-118.2437,448.4,52.1,24.8,38.5,1203.0,0,Normal - Physics Aligned
1673424000,34.0522,-118.2437,410.4,50.3,25.3,43.6,1204.0,0,Normal - Physics Aligned
1673424900,34.0522,-118.2437,470.8,59.2,27.6,38.4,1283.0,0,Normal - Physics Aligned
1673425800,34.0522,-118.2437,464.0,57.6,26.2,42.3,1293.0,0,Normal - Physics Aligned
1673426700,34.0522,-118.2437,479.8,55.5,26.9,40.5,398.0,1,Anomaly - Sensor Bagged
1673427600,34.0522,-118.2437,477.3,57.9,25.1,41.0,1261.0,0,Normal - Physics Aligned
1673428500,34.0522,-118.2437,440.1,52.3,23.5,44.6,1225.0,0,Normal - Physics Aligned
1673429400,36.1627,-115.1398,441.7,56.5,20.5,30.3,409.0,1,Anomaly - Location Spoof
1673430300,34.0522,-118.2437,468.8,55.4,28.4,51.0,397.0,1,Anomaly - Sensor Bagged
1673431200,34.0522,-118.2437,435.7,52.7,24.4,45.9,1236.0,0,Normal - Physics Aligned
1673432100,36.1627,-115.1398,440.8,51.6,21.4,29.1,410.0,1,Anomaly - Location Spoof
1673433000,34.0522,-118.2437,436.9,50.4,24.3,45.4,1243.0,0,Normal - Physics Aligned
1673433900,34.0522,-118.2437,441.6,54.6,23.2,46.0,1231.0,0,Normal - Physics Aligned
1673434800,34.0522,-118.2437,459.5,55.6,24.2,46.0,1272.0,0,Normal - Physics Aligned
1673435700,36.1627,-115.1398,462.0,55.4,21.1,32.1,405.0,1,Anomaly - Location Spoof
1673436600,34.0522,-118.2437,456.4,56.1,28.0,45.2,406.0,1,Anomaly - Sensor Bagged
1673437500,34.0522,-118.2437,463.3,57.1,26.3,39.5,1259.0,0,Normal - Physics Aligned
1673438400,34.0522,-118.2437,470.3,56.5,20.2,52.9,1281.0,0,Normal - Physics Aligned
1673439300,34.0522,-118.2437,444.8,54.7,27.5,46.8,396.0,1,Anomaly - Sensor Bagged
1673440200,34.0522,-118.2437,472.9,59.4,22.4,48.2,1286.0,0,Normal - Physics Aligned
1673441100,34.0522,-118.2437,448.4,56.8,24.3,43.2,1230.0,0,Normal - Physics Aligned
1673442000,34.0522,-118.2437,432.3,54.4,24.8,42.1,1225.0,0,Normal - Physics Aligned
1673442900,34.0522,-118.2437,429.6,53.2,22.5,45.8,1214.0,0,Normal - Physics Aligned
1673443800,34.0522,-118.2437,432.7,53.8,22.7,46.4,1227.0,0,Normal - Physics Aligned
1673444700,34.0522,-118.2437,449.7,52.7,22.1,47.1,1234.0,0,Normal - Physics Aligned
1673445600,34.0522,-118.2437,458.4,57.2,23.3,46.3,1257.0,0,Normal - Physics Aligned
1673446500,34.0522,-118.2437,467.3,56.5,24.3,42.7,1255.0,0,Normal - Physics Aligned
1673447400,34.0522,-118.2437,451.6,57.3,21.9,49.0,1260.0,0,Normal - Physics Aligned
1673448300,34.0522,-118.2437,435.3,54.6,29.2,35.8,1242.0,0,Normal - Physics Aligned
1673449200,34.0522,-118.2437,431.6,50.9,25.4,42.4,1204.0,0,Normal - Physics Aligned
1673450100,34.0522,-118.2437,445.3,57.0,29.6,34.9,1250.0,0,Normal - Physics Aligned
1673451000,34.0522,-118.2437,438.4,52.1,21.7,49.8,1238.0,0,Normal - Physics Aligned
1673451900,34.0522,-118.2437,467.2,56.1,32.5,27.8,1266.0,0,Normal - Physics Aligned
1673452800,34.0522,-118.2437,443.0,54.9,25.9,41.3,1246.0,0,Normal - Physics Aligned
1673453700,34.0522,-118.2437,440.3,53.2,20.8,51.1,1224.0,0,Normal - Physics Aligned
1673454600,34.0522,-118.2437,459.1,52.2,23.2,45.3,1252.0,0,Normal - Physics Aligned
1673455500,36.1627,-115.1398,389.7,48.1,20.6,29.0,407.0,1,Anomaly - Location Spoof
1673456400,34.0522,-118.2437,443.9,54.6,26.8,40.7,1256.0,0,Normal - Physics Aligned
1673457300,34.0522,-118.2437,456.1,54.7,27.8,38.6,1264.0,0,Normal - Physics Aligned
1673458200,34.0522,-118.2437,441.2,52.2,24.6,43.4,1226.0,0,Normal - Physics Aligned
1673459100,34.0522,-118.2437,456.0,54.1,22.8,46.9,1261.0,0,Normal - Physics Aligned
1673460000,34.0522,-118.2437,440.9,52.5,21.2,51.5,1237.0,0,Normal - Physics Aligned
1673460900,34.0522,-118.2437,459.1,53.0,22.6,46.4,1258.0,0,Normal - Physics Aligned
1673461800,34.0522,-118.2437,429.3,51.5,23.3,49.7,402.0,1,Anomaly - Sensor Bagged
1673462700,34.0522,-118.2437,474.0,58.1,17.1,60.0,1302.0,0,Normal - Physics Aligned
1673463600,34.0522,-118.2437,432.3,54.5,24.1,44.6,1232.0,0,Normal - Physics Aligned
1673464500,34.0522,-118.2437,451.7,54.9,22.9,47.2,1247.0,0,Normal - Physics Aligned
1673465400,34.0522,-118.2437,442.8,54.1,23.8,46.1,1236.0,0,Normal - Physics Aligned
1673466300,34.0522,-118.2437,462.6,56.0,23.3,46.1,1260.0,0,Normal - Physics Aligned
1673467200,34.0522,-118.2437,426.0,50.8,27.8,40.2,1238.0,0,Normal - Physics Aligned
1673468100,34.0522,-118.2437,469.7,57.6,24.6,42.4,1262.0,0,Normal - Physics Aligned
1673469000,34.0522,-118.2437,468.8,60.1,26.6,39.8,1278.0,0,Normal - Physics Aligned
1673469900,36.1627,-115.1398,415.4,47.8,20.8,30.8,407.0,1,Anomaly - Location Spoof
1673470800,34.0522,-118.2437,472.8,57.1,24.6,44.8,1294.0,0,Normal - Physics Aligned
1673471700,34.0522,-118.2437,449.6,56.8,26.5,39.2,1246.0,0,Normal - Physics Aligned
1673472600,34.0522,-118.2437,463.4,54.8,23.1,46.4,1262.0,0,Normal - Physics Aligned
1673473500,34.0522,-118.2437,466.2,55.3,24.2,44.4,1262.0,0,Normal - Physics Aligned
1673474400,34.0522,-118.2437,436.8,53.7,23.8,43.5,1227.0,0,Normal - Physics Aligned
1673475300,34.0522,-118.2437,435.2,51.8,24.5,44.2,1229.0,0,Normal - Physics Aligned
1673476200,34.0522,-118.2437,433.9,56.1,20.4,51.2,1233.0,0,Normal - Physics Aligned
1673477100,34.0522,-118.2437,441.2,52.3,24.4,45.0,1240.0,0,Normal - Physics Aligned
1673478000,34.0522,-118.2437,436.9,49.5,19.5,50.8,1207.0,0,Normal - Physics Aligned
1673478900,34.0522,-118.2437,459.8,54.6,25.5,43.5,1262.0,0,Normal - Physics Aligned
1673479800,34.0522,-118.2437,456.8,54.2,20.9,50.7,1248.0,0,Normal - Physics Aligned
1673480700,34.0522,-118.2437,424.9,50.6,18.9,52.5,1199.0,0,Normal - Physics Aligned
1673481600,34.0522,-118.2437,459.5,56.0,23.6,46.3,1264.0,0,Normal - Physics Aligned
1673482500,34.0522,-118.2437,458.0,58.4,26.9,40.3,1270.0,0,Normal - Physics Aligned
1673483400,34.0522,-118.2437,458.7,58.0,23.4,46.6,1276.0,0,Normal - Physics Aligned
1673484300,34.0522,-118.2437,483.0,59.1,24.0,45.3,1297.0,0,Normal - Physics Aligned
1673485200,34.0522,-118.2437,446.7,51.7,21.1,49.9,1220.0,0,Normal - Physics Aligned
1673486100,34.0522,-118.2437,451.5,52.3,23.7,46.2,1243.0,0,Normal - Physics Aligned
1673487000,34.0522,-118.2437,471.4,56.0,25.4,43.8,1291.0,0,Normal - Physics Aligned
1673487900,34.0522,-118.2437,453.7,53.7,26.6,47.8,403.0,1,Anomaly - Sensor Bagged
1673488800,34.0522,-118.2437,439.3,55.5,24.7,47.4,1269.0,0,Normal - Physics Aligned
1673489700,34.0522,-118.2437,439.2,51.2,26.5,41.6,1235.0,0,Normal - Physics Aligned
1673490600,34.0522,-118.2437,447.5,55.9,23.3,45.7,405.0,1,Anomaly - Sensor Bagged
1673491500,34.0522,-118.2437,437.1,54.2,25.2,45.4,1250.0,0,Normal - Physics Aligned
1673492400,34.0522,-118.2437,473.3,56.9,23.8,45.5,1297.0,0,Normal - Physics Aligned
1673493300,36.1627,-115.1398,439.0,52.6,21.7,30.3,393.0,1,Anomaly - Location Spoof
1673494200,34.0522,-118.2437,454.2,57.9,26.2,40.6,1266.0,0,Normal - Physics Aligned
1673495100,34.0522,-118.2437,425.8,51.8,21.9,49.5,1206.0,0,Normal - Physics Aligned
1673496000,34.0522,-118.2437,453.2,53.5,24.1,52.1,424.0,1,Anomaly - Sensor Bagged
1673496900,34.0522,-118.2437,436.8,56.2,21.6,48.7,1234.0,0,Normal - Physics Aligned
1673497800,34.0522,-118.2437,425.6,53.8,25.8,44.4,1241.0,0,Normal - Physics Aligned
1673498700,34.0522,-118.2437,485.6,60.9,24.6,44.0,1295.0,0,Normal - Physics Aligned
1673499600,34.0522,-118.2437,427.2,53.9,21.7,50.4,1226.0,0,Normal - Physics Aligned
1673500500,34.0522,-118.2437,432.9,54.2,27.6,37.0,1245.0,0,Normal - Physics Aligned
1673501400,34.0522,-118.2437,453.3,59.8,19.8,54.5,1284.0,0,Normal - Physics Aligned
1673502300,34.0522,-118.2437,461.3,58.8,23.6,45.5,1272.0,0,Normal - Physics Aligned
1673503200,34.0522,-118.2437,397.9,45.1,21.1,50.3,1158.0,0,Normal - Physics Aligned
1673504100,34.0522,-118.2437,459.6,54.5,22.6,46.8,1260.0,0,Normal - Physics Aligned
1673505000,34.0522,-118.2437,463.2,59.2,27.9,38.8,1288.0,0,Normal - Physics Aligned
1673505900,34.0522,-118.2437,477.0,56.5,24.5,45.5,1306.0,0,Normal - Physics Aligned
1673506800,34.0522,-118.2437,431.2,52.7,20.8,54.1,1258.0,0,Normal - Physics Aligned
1673507700,34.0522,-118.2437,449.0,55.7,26.6,40.0,1243.0,0,Normal - Physics Aligned
1673508600,34.0522,-118.2437,420.5,54.2,27.1,38.0,1198.0,0,Normal - Physics Aligned
1673509500,34.0522,-118.2437,410.0,52.7,24.3,44.3,1211.0,0,Normal - Physics Aligned
1673510400,34.0522,-118.2437,444.3,54.3,27.1,38.9,1231.0,0,Normal - Physics Aligned
1673511300,34.0522,-118.2437,436.4,52.8,23.9,44.4,1231.0,0,Normal - Physics Aligned
1673512200,34.0522,-118.2437,435.5,52.2,25.4,42.8,1236.0,0,Normal - Physics Aligned
1673513100,34.0522,-118.2437,418.2,48.9,26.3,39.8,1193.0,0,Normal - Physics Aligned
1673514000,34.0522,-118.2437,447.9,55.4,24.0,44.9,1239.0,0,Normal - Physics Aligned
1673514900,34.0522,-118.2437,466.6,55.5,29.6,34.7,1274.0,0,Normal - Physics Aligned
1673515800,34.0522,-118.2437,488.2,59.0,26.2,39.8,1295.0,0,Normal - Physics Aligned
1673516700,34.0522,-118.2437,475.9,59.6,25.8,45.3,404.0,1,Anomaly - Sensor Bagged
1673517600,34.0522,-118.2437,430.8,55.3,24.5,44.4,1226.0,0,Normal - Physics Aligned
1673518500,34.0522,-118.2437,434.0,52.5,25.7,45.0,391.0,1,Anomaly - Sensor Bagged
1673519400,34.0522,-118.2437,474.2,60.4,24.0,44.0,1284.0,0,Normal - Physics Aligned
1673520300,34.0522,-118.2437,408.0,51.6,22.3,48.4,1200.0,0,Normal - Physics Aligned
1673521200,34.0522,-118.2437,440.9,55.6,24.4,44.3,1246.0,0,Normal - Physics Aligned
1673522100,34.0522,-118.2437,425.8,48.9,23.7,43.5,1200.0,0,Normal - Physics Aligned
1673523000,34.0522,-118.2437,457.3,56.1,20.9,49.3,1245.0,0,Normal - Physics Aligned
1673523900,34.0522,-118.2437,443.6,52.8,23.7,44.3,1233.0,0,Normal - Physics Aligned
1673524800,34.0522,-118.2437,450.2,56.3,22.3,50.0,1260.0,0,Normal - Physics Aligned
1673525700,34.0522,-118.2437,478.1,59.4,24.3,45.4,1304.0,0,Normal - Physics Aligned
1673526600,36.1627,-115.1398,490.9,61.0,20.9,30.0,397.0,1,Anomaly - Location Spoof
1673527500,34.0522,-118.2437,449.1,56.1,23.8,44.5,1250.0,0,Normal - Physics Aligned
1673528400,34.0522,-118.2437,487.7,62.3,23.9,46.2,1308.0,0,Normal - Physics Aligned
1673529300,34.0522,-118.2437,495.5,56.9,26.2,45.3,416.0,1,Anomaly - Sensor Bagged
1673530200,34.0522,-118.2437,465.3,56.2,24.7,45.8,1271.0,0,Normal - Physics Aligned
1673531100,34.0522,-118.2437,436.2,55.4,27.5,40.0,1242.0,0,Normal - Physics Aligned
1673532000,34.0522,-118.2437,453.5,54.1,24.0,44.1,1257.0,0,Normal - Physics Aligned
1673532900,34.0522,-118.2437,449.4,52.8,28.4,46.6,398.0,1,Anomaly - Sensor Bagged
1673533800,34.0522,-118.2437,442.4,56.4,23.5,46.0,1239.0,0,Normal - Physics Aligned
1673534700,34.0522,-118.2437,449.6,57.3,25.7,40.9,1248.0,0,Normal - Physics Aligned
1673535600,34.0522,-118.2437,474.9,57.9,23.4,45.9,1287.0,0,Normal - Physics Aligned
1673536500,34.0522,-118.2437,423.5,50.1,19.7,54.7,1230.0,0,Normal - Physics Aligned
1673537400,34.0522,-118.2437,441.5,55.8,23.5,46.0,1248.0,0,Normal - Physics Aligned
1673538300,34.0522,-118.2437,458.3,56.3,22.7,48.5,390.0,1,Anomaly - Sensor Bagged
1673539200,34.0522,-118.2437,448.0,57.4,25.2,42.8,1263.0,0,Normal - Physics Aligned
1673540100,34.0522,-118.2437,452.9,55.1,26.1,43.5,1287.0,0,Normal - Physics Aligned
1673541000,34.0522,-118.2437,449.6,55.4,22.6,46.3,1230.0,0,Normal - Physics Aligned
1673541900,34.0522,-118.2437,477.8,62.7,25.0,41.5,1302.0,0,Normal - Physics Aligned
1673542800,34.0522,-118.2437,414.0,55.5,22.4,47.4,1205.0,0,Normal - Physics Aligned
1673543700,34.0522,-118.2437,441.0,52.6,23.1,46.4,1221.0,0,Normal - Physics Aligned
1673544600,36.1627,-115.1398,455.2,55.0,21.1,30.4,401.0,1,Anomaly - Location Spoof
1673545500,34.0522,-118.2437,452.8,54.5,25.5,44.3,1259.0,0,Normal - Physics Aligned
1673546400,34.0522,-118.2437,428.4,52.7,20.9,49.0,1211.0,0,Normal - Physics Aligned
1673547300,34.0522,-118.2437,468.1,57.2,21.4,49.8,1273.0,0,Normal - Physics Aligned
1673548200,34.0522,-118.2437,460.0,58.1,25.8,42.3,1273.0,0,Normal - Physics Aligned
1673549100,36.1627,-115.1398,452.5,58.0,20.6,29.2,400.0,1,Anomaly - Location Spoof
1673550000,34.0522,-118.2437,436.8,54.3,28.1,38.1,1233.0,0,Normal - Physics Aligned
1673550900,34.0522,-118.2437,459.8,57.6,24.9,42.6,1260.0,0,Normal - Physics Aligned
1673551800,34.0522,-118.2437,474.6,58.4,27.3,36.5,1281.0,0,Normal - Physics Aligned
1673552700,34.0522,-118.2437,435.6,56.0,23.8,47.4,1243.0,0,Normal - Physics Aligned
1673553600,34.0522,-118.2437,421.4,52.4,26.2,46.3,407.0,1,Anomaly - Sensor Bagged
1673554500,34.0522,-118.2437,436.0,52.7,27.0,46.7,401.0,1,Anomaly - Sensor Bagged
1673555400,34.0522,-118.2437,458.7,54.8,22.2,47.7,1253.0,0,Normal - Physics Aligned
1673556300,34.0522,-118.2437,442.4,55.8,23.9,44.5,1233.0,0,Normal - Physics Aligned
1673557200,34.0522,-118.2437,453.9,52.6,23.2,47.5,1259.0,0,Normal - Physics Aligned
1673558100,34.0522,-118.2437,460.1,55.0,24.8,45.1,1276.0,0,Normal - Physics Aligned
1673559000,34.0522,-118.2437,441.1,52.2,24.0,44.2,1220.0,0,Normal - Physics Aligned
1673559900,34.0522,-118.2437,458.8,57.2,23.6,43.0,398.0,1,Anomaly - Sensor Bagged
1673560800,34.0522,-118.2437,483.5,61.2,25.1,44.0,1310.0,0,Normal - Physics Aligned
1673561700,34.0522,-118.2437,454.8,57.3,22.6,47.5,1263.0,0,Normal - Physics Aligned
1673562600,34.0522,-118.2437,419.7,50.4,25.5,41.5,1211.0,0,Normal - Physics Aligned
1673563500,34.0522,-118.2437,454.4,53.8,21.6,50.8,1260.0,0,Normal - Physics Aligned
1673564400,34.0522,-118.2437,488.9,59.6,28.1,37.6,1302.0,0,Normal - Physics Aligned
1673565300,34.0522,-118.2437,440.9,54.2,26.0,40.4,1224.0,0,Normal - Physics Aligned
1673566200,34.0522,-118.2437,437.9,50.1,25.8,44.2,1252.0,0,Normal - Physics Aligned
1673567100,34.0522,-118.2437,468.9,55.3,21.4,48.1,1257.0,0,Normal - Physics Aligned
1673568000,34.0522,-118.2437,474.5,57.4,23.2,46.1,1278.0,0,Normal - Physics Aligned
1673568900,34.0522,-118.2437,463.0,58.5,26.1,41.3,1279.0,0,Normal - Physics Aligned
1673569800,34.0522,-118.2437,420.8,46.3,23.2,43.8,1176.0,0,Normal - Physics Aligned
1673570700,34.0522,-118.2437,455.2,54.8,25.0,43.9,1257.0,0,Normal - Physics Aligned
1673571600,34.0522,-118.2437,464.6,55.2,23.0,47.0,1253.0,0,Normal - Physics Aligned
1673572500,36.1627,-115.1398,411.8,48.1,21.5,32.3,393.0,1,Anomaly - Location Spoof
1673573400,34.0522,-118.2437,467.4,54.8,26.1,47.7,398.0,1,Anomaly - Sensor Bagged
1673574300,36.1627,-115.1398,483.4,59.0,20.6,30.6,406.0,1,Anomaly - Location Spoof
1673575200,34.0522,-118.2437,466.0,56.3,21.3,50.8,1265.0,0,Normal - Physics Aligned
1673576100,34.0522,-118.2437,419.7,50.7,30.3,34.7,1221.0,0,Normal - Physics Aligned
1673577000,34.0522,-118.2437,456.6,52.7,27.8,37.6,1257.0,0,Normal - Physics Aligned
1673577900,34.0522,-118.2437,430.1,55.3,25.6,42.8,1233.0,0,Normal - Physics Aligned
1673578800,34.0522,-118.2437,445.4,54.8,27.2,38.4,1245.0,0,Normal - Physics Aligned
1673579700,34.0522,-118.2437,432.8,53.5,22.2,50.0,1232.0,0,Normal - Physics Aligned
1673580600,36.1627,-115.1398,447.4,54.9,20.3,30.2,405.0,1,Anomaly - Location Spoof
1673581500,36.1627,-115.1398,426.8,50.7,20.2,28.6,422.0,1,Anomaly - Location Spoof
1673582400,34.0522,-118.2437,451.9,56.3,24.9,43.0,1243.0,0,Normal - Physics Aligned
1673583300,34.0522,-118.2437,437.3,51.0,22.9,45.9,1210.0,0,Normal - Physics Aligned
1673584200,34.0522,-118.2437,440.9,53.9,24.3,43.9,1236.0,0,Normal - Physics Aligned
1673585100,36.1627,-115.1398,442.8,54.4,21.7,30.1,400.0,1,Anomaly - Location Spoof
1673586000,34.0522,-118.2437,481.1,62.5,26.7,41.2,1315.0,0,Normal - Physics Aligned
1673586900,34.0522,-118.2437,422.4,52.9,24.0,43.2,1214.0,0,Normal - Physics Aligned
1673587800,34.0522,-118.2437,438.9,56.6,23.8,43.8,1231.0,0,Normal - Physics Aligned
1673588700,34.0522,-118.2437,455.8,55.9,20.7,49.9,1241.0,0,Normal - Physics Aligned
1673589600,34.0522,-118.2437,445.5,54.5,25.7,42.8,1255.0,0,Normal - Physics Aligned
1673590500,34.0522,-118.2437,450.8,54.0,26.8,41.8,1268.0,0,Normal - Physics Aligned
1673591400,34.0522,-118.2437,442.2,51.9,24.6,42.0,1221.0,0,Normal - Physics Aligned
1673592300,34.0522,-118.2437,458.0,56.1,21.0,53.1,1275.0,0,Normal - Physics Aligned
1673593200,34.0522,-118.2437,432.3,56.3,24.8,42.7,1231.0,0,Normal - Physics Aligned
1673594100,34.0522,-118.2437,395.9,46.6,20.1,54.0,1175.0,0,Normal - Physics Aligned
1673595000,34.0522,-118.2437,455.8,53.9,24.8,41.6,1255.0,0,Normal - Physics Aligned
1673595900,34.0522,-118.2437,473.8,56.7,29.1,35.9,1274.0,0,Normal - Physics Aligned
1673596800,34.0522,-118.2437,460.4,55.2,27.6,37.7,1258.0,0,Normal - Physics Aligned
1673597700,34.0522,-118.2437,430.5,54.7,20.9,50.1,1229.0,0,Normal - Physics Aligned
1673598600,34.0522,-118.2437,433.1,55.0,27.0,40.0,1242.0,0,Normal - Physics Aligned
1673599500,34.0522,-118.2437,446.0,55.8,22.8,45.1,1219.0,0,Normal - Physics Aligned
1673600400,34.0522,-118.2437,484.5,63.2,23.6,43.4,1294.0,0,Normal - Physics Aligned
1673601300,34.0522,-118.2437,441.2,51.4,23.6,45.8,1244.0,0,Normal - Physics Aligned
1673602200,34.0522,-118.2437,426.4,52.2,20.3,52.6,1218.0,0,Normal - Physics Aligned
1673603100,36.1627,-115.1398,454.7,55.8,21.6,31.5,401.0,1,Anomaly - Location Spoof
1673604000,34.0522,-118.2437,446.8,55.9,24.0,46.5,408.0,1,Anomaly - Sensor Bagged
1673604900,34.0522,-118.2437,414.9,49.2,20.0,52.9,1196.0,0,Normal - Physics Aligned
1673605800,34.0522,-118.2437,466.7,54.4,20.9,48.4,1246.0,0,Normal - Physics Aligned
1673606700,34.0522,-118.2437,457.4,55.9,24.1,45.1,1261.0,0,Normal - Physics Aligned
1673607600,34.0522,-118.2437,444.6,54.8,26.4,39.0,1229.0,0,Normal - Physics Aligned
1673608500,34.0522,-118.2437,458.6,55.3,24.0,45.7,1263.0,0,Normal - Physics Aligned
1673609400,34.0522,-118.2437,425.0,52.1,24.1,46.6,1237.0,0,Normal - Physics Aligned
1673610300,34.0522,-118.2437,471.5,57.5,20.5,50.8,1272.0,0,Normal - Physics Aligned
1673611200,34.0522,-118.2437,449.0,54.8,24.2,44.3,1245.0,0,Normal - Physics Aligned
1673612100,34.0522,-118.2437,477.0,57.9,24.8,45.6,1310.0,0,Normal - Physics Aligned
1673613000,34.0522,-118.2437,472.6,56.8,25.3,43.3,1285.0,0,Normal - Physics Aligned
1673613900,34.0522,-118.2437,453.3,55.4,26.2,42.1,1260.0,0,Normal - Physics Aligned
1673614800,34.0522,-118.2437,432.4,54.3,24.2,43.9,1212.0,0,Normal - Physics Aligned
1673615700,34.0522,-118.2437,406.1,46.6,22.1,47.2,1172.0,0,Normal - Physics Aligned
1673616600,34.0522,-118.2437,432.5,50.3,24.1,44.6,1210.0,0,Normal - Physics Aligned
1673617500,34.0522,-118.2437,437.3,54.9,22.5,46.8,1227.0,0,Normal - Physics Aligned
1673618400,34.0522,-118.2437,431.8,53.9,22.9,47.3,1230.0,0,Normal - Physics Aligned
1673619300,34.0522,-118.2437,462.2,57.2,22.3,48.1,1271.0,0,Normal - Physics Aligned
1673620200,34.0522,-118.2437,435.6,50.4,22.9,47.0,1218.0,0,Normal - Physics Aligned
1673621100,34.0522,-118.2437,447.5,54.7,25.0,44.3,1244.0,0,Normal - Physics Aligned
1673622000,34.0522,-118.2437,418.4,53.9,23.5,44.3,397.0,1,Anomaly - Sensor Bagged
1673622900,34.0522,-118.2437,456.4,53.2,22.9,47.8,1253.0,0,Normal - Physics Aligned
1673623800,34.0522,-118.2437,448.7,58.0,20.5,53.9,1272.0,0,Normal - Physics Aligned
1673624700,34.0522,-118.2437,433.5,51.5,28.8,35.7,1212.0,0,Normal - Physics Aligned
1673625600,34.0522,-118.2437,454.0,57.5,22.8,47.5,1266.0,0,Normal - Physics Aligned
1673626500,34.0522,-118.2437,467.2,54.5,21.9,48.6,1260.0,0,Normal - Physics Aligned
1673627400,36.1627,-115.1398,476.1,61.3,21.1,28.7,401.0,1,Anomaly - Location Spoof
1673628300,34.0522,-118.2437,444.9,53.3,23.6,44.7,1232.0,0,Normal - Physics Aligned
1673629200,34.0522,-118.2437,474.9,56.3,29.5,45.3,417.0,1,Anomaly - Sensor Bagged
1673630100,34.0522,-118.2437,457.3,56.8,25.9,40.5,1261.0,0,Normal - Physics Aligned
1673631000,34.0522,-118.2437,446.1,56.4,27.8,36.9,1236.0,0,Normal - Physics Aligned
1673631900,34.0522,-118.2437,470.0,58.8,24.1,43.8,1267.0,0,Normal - Physics Aligned
1673632800,34.0522,-118.2437,465.1,60.8,24.1,44.3,1277.0,0,Normal - Physics Aligned
1673633700,34.0522,-118.2437,455.7,55.6,22.8,48.8,1271.0,0,Normal - Physics Aligned
1673634600,34.0522,-118.2437,427.5,49.3,23.3,48.0,1217.0,0,Normal - Physics Aligned
1673635500,34.0522,-118.2437,485.2,59.7,22.2,49.7,1304.0,0,Normal - Physics Aligned
1673636400,36.1627,-115.1398,464.1,56.8,20.9,32.6,406.0,1,Anomaly - Location Spoof
1673637300,34.0522,-118.2437,417.7,51.9,26.3,41.0,1205.0,0,Normal - Physics Aligned
1673638200,34.0522,-118.2437,466.8,55.6,27.4,38.0,1255.0,0,Normal - Physics Aligned
1673639100,34.0522,-118.2437,420.8,51.1,22.3,48.6,1204.0,0,Normal - Physics Aligned
1673640000,34.0522,-118.2437,466.0,58.1,22.6,47.2,1271.0,0,Normal - Physics Aligned
1673640900,34.0522,-118.2437,454.5,56.9,21.8,51.6,1269.0,0,Normal - Physics Aligned
1673641800,34.0522,-118.2437,461.5,54.9,26.2,48.0,410.0,1,Anomaly - Sensor Bagged
1673642700,34.0522,-118.2437,445.8,53.4,19.9,51.5,1225.0,0,Normal - Physics Aligned
1673643600,34.0522,-118.2437,413.5,51.1,25.1,45.1,1209.0,0,Normal - Physics Aligned
1673644500,34.0522,-118.2437,416.5,52.0,22.2,47.0,1193.0,0,Normal - Physics Aligned
1673645400,34.0522,-118.2437,464.6,55.8,26.2,40.9,1274.0,0,Normal - Physics Aligned
1673646300,34.0522,-118.2437,443.3,54.2,22.8,45.9,1233.0,0,Normal - Physics Aligned
1673647200,34.0522,-118.2437,444.4,54.7,21.4,49.8,1255.0,0,Normal - Physics Aligned
1673648100,34.0522,-118.2437,466.9,56.0,21.2,52.1,1277.0,0,Normal - Physics Aligned
1673649000,34.0522,-118.2437,476.7,59.8,22.9,46.3,1286.0,0,Normal - Physics Aligned
1673649900,34.0522,-118.2437,468.3,54.4,21.1,50.2,1262.0,0,Normal - Physics Aligned
1673650800,34.0522,-118.2437,439.0,51.1,24.3,41.1,1218.0,0,Normal - Physics Aligned
1673651700,34.0522,-118.2437,435.1,50.6,23.4,45.1,1210.0,0,Normal - Physics Aligned
1673652600,34.0522,-118.2437,461.7,54.9,26.5,45.7,411.0,1,Anomaly - Sensor Bagged
1673653500,34.0522,-118.2437,454.1,57.4,26.5,41.4,1271.0,0,Normal - Physics Aligned
1673654400,34.0522,-118.2437,421.8,51.8,23.4,44.5,1210.0,0,Normal - Physics Aligned
1673655300,34.0522,-118.2437,450.2,55.0,21.1,51.3,1249.0,0,Normal - Physics Aligned
1673656200,34.0522,-118.2437,451.3,55.6,21.6,51.7,1269.0,0,Normal - Physics Aligned
1673657100,34.0522,-118.2437,432.9,53.6,27.5,38.9,1229.0,0,Normal - Physics Aligned
1673658000,34.0522,-118.2437,451.1,56.8,26.0,41.9,1281.0,0,Normal - Physics Aligned
1673658900,34.0522,-118.2437,433.9,54.0,21.2,51.5,1222.0,0,Normal - Physics Aligned
1673659800,34.0522,-118.2437,427.8,49.1,22.0,49.0,1207.0,0,Normal - Physics Aligned
1673660700,34.0522,-118.2437,484.7,60.2,24.5,44.9,1312.0,0,Normal - Physics Aligned
1673661600,34.0522,-118.2437,459.2,56.2,24.0,45.4,1268.0,0,Normal - Physics Aligned
1673662500,34.0522,-118.2437,448.0,54.5,23.4,49.0,1274.0,0,Normal - Physics Aligned
1673663400,34.0522,-118.2437,460.8,57.3,27.3,39.8,1273.0,0,Normal - Physics Aligned
1673664300,34.0522,-118.2437,438.1,49.9,25.3,44.5,1253.0,0,Normal - Physics Aligned
1673665200,36.1627,-115.1398,425.9,53.4,20.8,31.8,407.0,1,Anomaly - Location Spoof
1673666100,34.0522,-118.2437,451.3,52.3,25.5,42.8,1242.0,0,Normal - Physics Aligned
1673667000,34.0522,-118.2437,458.1,55.0,25.8,42.1,1261.0,0,Normal - Physics Aligned
1673667900,34.0522,-118.2437,442.8,53.6,24.7,45.7,1255.0,0,Normal - Physics Aligned
1673668800,34.0522,-118.2437,409.5,49.3,25.3,42.2,1178.0,0,Normal - Physics Aligned
1673669700,34.0522,-118.2437,463.5,55.8,20.6,53.7,1277.0,0,Normal - Physics Aligned
1673670600,34.0522,-118.2437,488.3,59.5,24.5,41.9,1279.0,0,Normal - Physics Aligned
1673671500,34.0522,-118.2437,458.8,53.8,25.3,42.6,1274.0,0,Normal - Physics Aligned
1673672400,36.1627,-115.1398,456.1,53.3,20.1,30.6,401.0,1,Anomaly - Location Spoof
1673673300,34.0522,-118.2437,453.1,56.3,27.6,37.4,1250.0,0,Normal - Physics Aligned
1673674200,34.0522,-118.2437,434.1,52.9,23.5,45.6,393.0,1,Anomaly - Sensor Bagged
1673675100,34.0522,-118.2437,431.2,55.6,19.4,53.9,1237.0,0,Normal - Physics Aligned
1673676000,34.0522,-118.2437,443.8,50.1,20.6,51.8,1217.0,0,Normal - Physics Aligned
1673676900,36.1627,-115.1398,399.6,48.3,21.7,30.0,399.0,1,Anomaly - Location Spoof
1673677800,34.0522,-118.2437,447.0,58.5,27.1,38.7,1253.0,0,Normal - Physics Aligned
1673678700,34.0522,-118.2437,441.2,53.5,24.2,45.7,1233.0,0,Normal - Physics Aligned
1673679600,34.0522,-118.2437,460.9,54.7,25.8,40.6,1260.0,0,Normal - Physics Aligned
1673680500,34.0522,-118.2437,435.5,53.8,23.6,46.2,1230.0,0,Normal - Physics Aligned
1673681400,34.0522,-118.2437,468.3,55.9,23.4,44.6,1257.0,0,Normal - Physics Aligned
1673682300,34.0522,-118.2437,434.4,53.8,24.6,44.5,1236.0,0,Normal - Physics Aligned
1673683200,34.0522,-118.2437,452.4,54.8,18.6,56.1,1258.0,0,Normal - Physics Aligned
1673684100,36.1627,-115.1398,442.5,56.6,21.9,28.9,403.0,1,Anomaly - Location Spoof
1673685000,34.0522,-118.2437,444.4,54.1,21.2,50.8,1253.0,0,Normal - Physics Aligned
1673685900,34.0522,-118.2437,463.2,56.8,26.8,39.0,1263.0,0,Normal - Physics Aligned
1673686800,34.0522,-118.2437,480.2,60.9,24.0,45.0,1304.0,0,Normal - Physics Aligned
1673687700,34.0522,-118.2437,497.0,59.4,26.8,50.4,391.0,1,Anomaly - Sensor Bagged
1673688600,34.0522,-118.2437,429.1,54.0,25.5,42.8,1230.0,0,Normal - Physics Aligned
1673689500,34.0522,-118.2437,431.5,51.7,24.0,45.9,1239.0,0,Normal - Physics Aligned
1673690400,34.0522,-118.2437,443.7,54.9,25.7,40.7,1247.0,0,Normal - Physics Aligned
1673691300,34.0522,-118.2437,495.2,60.8,22.4,47.7,1307.0,0,Normal - Physics Aligned
1673692200,34.0522,-118.2437,453.6,53.9,22.9,46.6,1257.0,0,Normal - Physics Aligned
1673693100,34.0522,-118.2437,440.9,48.7,29.6,33.9,1233.0,0,Normal - Physics Aligned
1673694000,34.0522,-118.2437,457.7,56.9,21.2,50.7,1255.0,0,Normal - Physics Aligned
1673694900,34.0522,-118.2437,465.2,57.0,29.9,33.0,1273.0,0,Normal - Physics Aligned
1673695800,34.0522,-118.2437,459.0,57.3,24.0,42.9,1258.0,0,Normal - Physics Aligned
1673696700,34.0522,-118.2437,437.8,52.8,21.8,47.6,1221.0,0,Normal - Physics Aligned
1673697600,34.0522,-118.2437,454.4,54.1,23.5,47.0,1248.0,0,Normal - Physics Aligned
1673698500,34.0522,-118.2437,465.5,56.6,19.6,51.8,1263.0,0,Normal - Physics Aligned
1673699400,34.0522,-118.2437,415.3,52.2,25.9,43.6,1222.0,0,Normal - Physics Aligned
1673700300,34.0522,-118.2437,455.1,56.3,28.6,38.4,1269.0,0,Normal - Physics Aligned
1673701200,34.0522,-118.2437,452.1,53.8,23.1,47.5,1255.0,0,Normal - Physics Aligned
1673702100,34.0522,-118.2437,489.4,60.6,23.7,47.0,1316.0,0,Normal - Physics Aligned
1673703000,34.0522,-118.2437,412.0,53.0,23.4,45.0,1190.0,0,Normal - Physics Aligned
1673703900,34.0522,-118.2437,431.6,53.9,24.8,44.7,400.0,1,Anomaly - Sensor Bagged
1673704800,34.0522,-118.2437,439.1,53.0,26.2,41.3,1227.0,0,Normal - Physics Aligned
1673705700,34.0522,-118.2437,454.0,55.3,21.4,47.1,1241.0,0,Normal - Physics Aligned
1673706600,34.0522,-118.2437,460.5,53.4,24.2,44.9,1257.0,0,Normal - Physics Aligned
1673707500,34.0522,-118.2437,437.6,51.9,22.6,45.3,1217.0,0,Normal - Physics Aligned
1673708400,34.0522,-118.2437,410.5,54.2,23.2,45.9,1209.0,0,Normal - Physics Aligned
1673709300,34.0522,-118.2437,457.3,56.8,25.5,44.4,1289.0,0,Normal - Physics Aligned
1673710200,34.0522,-118.2437,429.2,51.4,24.1,45.4,1222.0,0,Normal - Physics Aligned
1673711100,34.0522,-118.2437,474.1,60.6,24.0,47.0,1293.0,0,Normal - Physics Aligned
1673712000,34.0522,-118.2437,446.3,55.4,24.9,44.1,1248.0,0,Normal - Physics Aligned
1673712900,34.0522,-118.2437,489.0,60.2,24.2,42.7,1284.0,0,Normal - Physics Aligned
1673713800,34.0522,-118.2437,453.1,55.2,22.2,47.2,1235.0,0,Normal - Physics Aligned
1673714700,34.0522,-118.2437,455.3,55.8,21.4,50.2,1247.0,0,Normal - Physics Aligned
1673715600,34.0522,-118.2437,425.8,52.1,27.4,38.1,1224.0,0,Normal - Physics Aligned
1673716500,34.0522,-118.2437,454.0,53.4,25.8,42.5,1264.0,0,Normal - Physics Aligned
1673717400,34.0522,-118.2437,442.5,52.2,25.2,41.5,1216.0,0,Normal - Physics Aligned
1673718300,34.0522,-118.2437,456.5,52.6,25.5,41.5,1249.0,0,Normal - Physics Aligned
1673719200,34.0522,-118.2437,422.1,50.2,23.3,45.6,1208.0,0,Normal - Physics Aligned
1673720100,34.0522,-118.2437,423.9,50.5,20.3,51.8,1206.0,0,Normal - Physics Aligned
1673721000,34.0522,-118.2437,459.1,55.3,25.7,41.4,1265.0,0,Normal - Physics Aligned
1673721900,34.0522,-118.2437,455.0,56.7,22.9,46.5,1250.0,0,Normal - Physics Aligned
1673722800,34.0522,-118.2437,452.9,53.3,24.1,44.8,1254.0,0,Normal - Physics Aligned
1673723700,34.0522,-118.2437,483.8,59.5,22.0,46.8,1300.0,0,Normal - Physics Aligned
1673724600,34.0522,-118.2437,482.9,57.5,19.2,53.5,1281.0,0,Normal - Physics Aligned
1673725500,34.0522,-118.2437,460.0,56.0,27.0,38.5,1261.0,0,Normal - Physics Aligned
1673726400,36.1627,-115.1398,461.1,55.5,20.8,31.6,404.0,1,Anomaly - Location Spoof
1673727300,34.0522,-118.2437,421.6,50.6,23.9,44.8,1216.0,0,Normal - Physics Aligned
1673728200,34.0522,-118.2437,460.1,59.5,26.6,39.9,1276.0,0,Normal - Physics Aligned
1673729100,36.1627,-115.1398,462.0,56.9,21.4,29.9,407.0,1,Anomaly - Location Spoof
1673730000,34.0522,-118.2437,428.4,49.5,22.7,45.9,1196.0,0,Normal - Physics Aligned
1673730900,34.0522,-118.2437,466.4,54.4,24.1,44.7,1273.0,0,Normal - Physics Aligned
1673731800,34.0522,-118.2437,430.6,53.2,27.0,38.1,1218.0,0,Normal - Physics Aligned
1673732700,34.0522,-118.2437,438.3,52.7,23.9,43.7,1203.0,0,Normal - Physics Aligned
1673733600,34.0522,-118.2437,429.0,53.7,22.9,47.7,1231.0,0,Normal - Physics Aligned
1673734500,34.0522,-118.2437,465.5,57.6,24.1,44.1,1268.0,0,Normal - Physics Aligned
1673735400,34.0522,-118.2437,481.9,56.8,26.7,41.2,1302.0,0,Normal - Physics Aligned
1673736300,36.1627,-115.1398,455.3,57.3,20.5,34.1,406.0,1,Anomaly - Location Spoof
1673737200,34.0522,-118.2437,482.4,60.0,21.9,47.7,1293.0,0,Normal - Physics Aligned
1673738100,34.0522,-118.2437,454.7,54.1,27.0,39.7,1257.0,0,Normal - Physics Aligned
1673739000,34.0522,-118.2437,454.1,57.1,23.8,44.9,1254.0,0,Normal - Physics Aligned
1673739900,34.0522,-118.2437,469.2,57.3,27.7,36.9,1264.0,0,Normal - Physics Aligned
1673740800,34.0522,-118.2437,426.3,52.2,20.4,52.2,1224.0,0,Normal - Physics Aligned
1673741700,34.0522,-118.2437,430.6,47.2,23.8,42.5,1182.0,0,Normal - Physics Aligned
1673742600,34.0522,-118.2437,427.1,50.2,25.3,42.5,1213.0,0,Normal - Physics Aligned
1673743500,34.0522,-118.2437,400.8,48.0,21.7,49.6,1187.0,0,Normal - Physics Aligned
1673744400,34.0522,-118.2437,426.4,54.9,24.7,41.8,1214.0,0,Normal - Physics Aligned
1673745300,34.0522,-118.2437,486.8,58.6,26.0,40.2,1289.0,0,Normal - Physics Aligned
1673746200,34.0522,-118.2437,425.2,53.3,24.1,46.0,1218.0,0,Normal - Physics Aligned
1673747100,34.0522,-118.2437,464.7,57.1,24.5,43.3,1260.0,0,Normal - Physics Aligned
1673748000,34.0522,-118.2437,428.6,49.6,21.4,49.1,1209.0,0,Normal - Physics Aligned
1673748900,34.0522,-118.2437,455.3,58.1,23.8,44.5,1254.0,0,Normal - Physics Aligned
1673749800,36.1627,-115.1398,434.9,53.2,21.2,30.7,404.0,1,Anomaly - Location Spoof
1673750700,34.0522,-118.2437,435.9,51.8,22.9,41.5,401.0,1,Anomaly - Sensor Bagged
1673751600,36.1627,-115.1398,468.7,56.1,21.1,31.7,406.0,1,Anomaly - Location Spoof
1673752500,34.0522,-118.2437,434.0,58.6,22.8,49.1,1254.0,0,Normal - Physics Aligned
1673753400,34.0522,-118.2437,443.9,54.4,26.6,40.5,1243.0,0,Normal - Physics Aligned
1673754300,34.0522,-118.2437,464.1,56.5,24.1,44.8,1269.0,0,Normal - Physics Aligned
1673755200,34.0522,-118.2437,417.3,49.7,22.9,47.8,1196.0,0,Normal - Physics Aligned
1673756100,34.0522,-118.2437,459.6,54.4,26.0,40.2,1247.0,0,Normal - Physics Aligned
1673757000,36.1627,-115.1398,452.8,52.7,21.3,27.1,393.0,1,Anomaly - Location Spoof
1673757900,34.0522,-118.2437,421.9,54.9,21.5,48.7,1216.0,0,Normal - Physics Aligned
1673758800,34.0522,-118.2437,427.4,52.6,22.3,50.6,1237.0,0,Normal - Physics Aligned
1673759700,34.0522,-118.2437,463.7,58.2,24.8,41.8,413.0,1,Anomaly - Sensor Bagged
1673760600,34.0522,-118.2437,400.9,46.7,22.3,47.9,1168.0,0,Normal - Physics Aligned
1673761500,34.0522,-118.2437,438.0,51.0,21.3,50.3,1225.0,0,Normal - Physics Aligned
1673762400,34.0522,-118.2437,426.9,52.8,25.6,42.3,1225.0,0,Normal - Physics Aligned
1673763300,34.0522,-118.2437,468.0,56.4,27.2,40.3,1275.0,0,Normal - Physics Aligned
1673764200,34.0522,-118.2437,451.0,54.2,23.8,44.6,1252.0,0,Normal - Physics Aligned
1673765100,34.0522,-118.2437,449.4,53.8,23.9,47.9,1268.0,0,Normal - Physics Aligned
1673766000,34.0522,-118.2437,424.2,49.4,26.5,43.5,406.0,1,Anomaly - Sensor Bagged
1673766900,36.1627,-115.1398,428.6,53.7,20.4,29.7,420.0,1,Anomaly - Location Spoof
1673767800,34.0522,-118.2437,432.2,50.5,24.4,44.5,1209.0,0,Normal - Physics Aligned
1673768700,34.0522,-118.2437,457.9,50.9,28.6,45.9,408.0,1,Anomaly - Sensor Bagged
1673769600,34.0522,-118.2437,442.0,51.5,25.9,39.7,1220.0,0,Normal - Physics Aligned
1673770500,34.0522,-118.2437,458.6,58.6,23.1,45.7,1269.0,0,Normal - Physics Aligned
1673771400,34.0522,-118.2437,449.6,54.4,24.0,43.0,1234.0,0,Normal - Physics Aligned
1673772300,34.0522,-118.2437,454.1,56.6,27.2,47.8,398.0,1,Anomaly - Sensor Bagged
1673773200,34.0522,-118.2437,475.3,60.3,27.9,36.9,1282.0,0,Normal - Physics Aligned
1673774100,34.0522,-118.2437,482.9,60.6,25.7,40.3,1301.0,0,Normal - Physics Aligned
1673775000,34.0522,-118.2437,431.5,48.4,28.4,37.1,1224.0,0,Normal - Physics Aligned
1673775900,34.0522,-118.2437,471.3,55.9,25.8,43.0,1282.0,0,Normal - Physics Aligned
1673776800,34.0522,-118.2437,488.5,64.1,28.0,38.3,1319.0,0,Normal - Physics Aligned
1673777700,36.1627,-115.1398,480.7,59.0,21.2,28.2,399.0,1,Anomaly - Location Spoof
1673778600,34.0522,-118.2437,464.9,53.0,23.8,44.1,1244.0,0,Normal - Physics Aligned
1673779500,34.0522,-118.2437,440.9,55.7,27.6,38.0,1240.0,0,Normal - Physics Aligned
1673780400,34.0522,-118.2437,429.9,54.6,25.8,41.2,1223.0,0,Normal - Physics Aligned
1673781300,34.0522,-118.2437,426.9,51.8,23.7,46.5,1215.0,0,Normal - Physics Aligned
1673782200,34.0522,-118.2437,472.6,53.6,24.3,42.7,1257.0,0,Normal - Physics Aligned
1673783100,34.0522,-118.2437,444.8,52.4,24.0,43.9,1230.0,0,Normal - Physics Aligned
1673784000,34.0522,-118.2437,454.8,55.0,23.1,45.6,1237.0,0,Normal - Physics Aligned
1673784900,34.0522,-118.2437,456.3,60.6,22.5,47.6,1271.0,0,Normal - Physics Aligned
1673785800,34.0522,-118.2437,487.2,57.3,21.8,50.4,1299.0,0,Normal - Physics Aligned
1673786700,34.0522,-118.2437,455.4,55.1,28.8,35.3,1253.0,0,Normal - Physics Aligned
1673787600,34.0522,-118.2437,450.4,55.7,25.4,41.9,1253.0,0,Normal - Physics Aligned
1673788500,34.0522,-118.2437,458.4,56.7,28.1,36.5,1253.0,0,Normal - Physics Aligned
1673789400,34.0522,-118.2437,457.2,55.2,24.2,43.8,1254.0,0,Normal - Physics Aligned
1673790300,34.0522,-118.2437,423.9,53.1,23.6,41.5,1187.0,0,Normal - Physics Aligned
1673791200,34.0522,-118.2437,487.4,59.5,21.3,49.3,1302.0,0,Normal - Physics Aligned
1673792100,34.0522,-118.2437,437.2,52.8,21.6,49.7,1228.0,0,Normal - Physics Aligned
1673793000,36.1627,-115.1398,424.8,50.5,20.7,32.4,408.0,1,Anomaly - Location Spoof
1673793900,34.0522,-118.2437,448.5,52.3,20.9,50.6,1244.0,0,Normal - Physics Aligned
1673794800,34.0522,-118.2437,493.6,57.7,23.1,47.3,1305.0,0,Normal - Physics Aligned
1673795700,34.0522,-118.2437,492.3,57.6,24.5,44.2,1300.0,0,Normal - Physics Aligned
1673796600,34.0522,-118.2437,475.8,59.8,23.1,45.4,1280.0,0,Normal - Physics Aligned
1673797500,34.0522,-118.2437,456.5,60.8,21.3,49.6,1266.0,0,Normal - Physics Aligned
1673798400,34.0522,-118.2437,417.4,51.6,21.6,51.4,1222.0,0,Normal - Physics Aligned
1673799300,34.0522,-118.2437,459.2,56.0,23.4,45.5,1258.0,0,Normal - Physics Aligned
1673800200,34.0522,-118.2437,470.4,55.1,22.4,46.8,1271.0,0,Normal - Physics Aligned
1673801100,34.0522,-118.2437,432.2,51.8,23.2,47.3,1223.0,0,Normal - Physics Aligned
1673802000,34.0522,-118.2437,475.6,58.8,24.0,47.2,1306.0,0,Normal - Physics Aligned
1673802900,34.0522,-118.2437,442.5,56.6,21.8,51.7,1255.0,0,Normal - Physics Aligned
1673803800,34.0522,-118.2437,427.9,53.0,22.6,48.0,1229.0,0,Normal - Physics Aligned
1673804700,34.0522,-118.2437,453.7,56.8,23.8,45.9,1257.0,0,Normal - Physics Aligned
1673805600,34.0522,-118.2437,479.7,57.5,23.8,46.9,1304.0,0,Normal - Physics Aligned
1673806500,34.0522,-118.2437,429.4,51.9,24.0,45.8,1222.0,0,Normal - Physics Aligned
1673807400,34.0522,-118.2437,439.8,52.9,22.7,47.0,1225.0,0,Normal - Physics Aligned
1673808300,34.0522,-118.2437,444.4,53.9,26.9,41.2,1246.0,0,Normal - Physics Aligned
1673809200,34.0522,-118.2437,458.7,56.6,25.8,40.6,1260.0,0,Normal - Physics Aligned
1673810100,36.1627,-115.1398,449.1,54.0,20.7,27.5,410.0,1,Anomaly - Location Spoof
1673811000,34.0522,-118.2437,472.9,57.8,24.3,45.2,1295.0,0,Normal - Physics Aligned
1673811900,34.0522,-118.2437,451.8,54.5,22.1,46.1,1229.0,0,Normal - Physics Aligned
1673812800,34.0522,-118.2437,459.6,54.7,24.4,44.3,1244.0,0,Normal - Physics Aligned
1673813700,34.0522,-118.2437,481.2,58.9,27.3,38.6,1297.0,0,Normal - Physics Aligned
1673814600,34.0522,-118.2437,459.5,56.2,23.5,45.9,1263.0,0,Normal - Physics Aligned
1673815500,34.0522,-118.2437,454.6,55.0,22.8,48.1,1258.0,0,Normal - Physics Aligned
1673816400,34.0522,-118.2437,454.3,55.2,23.4,45.0,1240.0,0,Normal - Physics Aligned
1673817300,34.0522,-118.2437,422.3,50.2,23.7,47.2,1214.0,0,Normal - Physics Aligned
1673818200,34.0522,-118.2437,460.0,58.5,22.5,48.8,405.0,1,Anomaly - Sensor Bagged
1673819100,34.0522,-118.2437,424.1,52.3,26.7,40.2,1229.0,0,Normal - Physics Aligned
1673820000,34.0522,-118.2437,447.7,53.3,25.9,41.9,406.0,1,Anomaly - Sensor Bagged
1673820900,34.0522,-118.2437,467.8,58.2,28.4,36.0,1271.0,0,Normal - Physics Aligned
1673821800,34.0522,-118.2437,479.9,59.7,26.3,40.9,1285.0,0,Normal - Physics Aligned
1673822700,36.1627,-115.1398,482.4,60.6,20.5,31.6,412.0,1,Anomaly - Location Spoof
1673823600,36.1627,-115.1398,463.1,58.1,20.8,27.5,390.0,1,Anomaly - Location Spoof
1673824500,34.0522,-118.2437,421.4,52.7,25.8,41.0,1219.0,0,Normal - Physics Aligned
1673825400,34.0522,-118.2437,438.1,53.0,22.2,46.8,1203.0,0,Normal - Physics Aligned
1673826300,34.0522,-118.2437,485.6,60.2,23.7,44.2,1302.0,0,Normal - Physics Aligned
1673827200,34.0522,-118.2437,479.7,57.8,26.0,41.7,1282.0,0,Normal - Physics Aligned
1673828100,34.0522,-118.2437,445.6,55.3,25.4,43.4,1253.0,0,Normal - Physics Aligned
1673829000,34.0522,-118.2437,449.8,56.6,23.5,47.8,1270.0,0,Normal - Physics Aligned
1673829900,34.0522,-118.2437,447.1,55.1,28.1,39.6,1270.0,0,Normal - Physics Aligned
1673830800,34.0522,-118.2437,470.3,55.8,27.6,39.1,1284.0,0,Normal - Physics Aligned
1673831700,34.0522,-118.2437,424.3,49.0,25.1,45.1,403.0,1,Anomaly - Sensor Bagged
1673832600,34.0522,-118.2437,442.9,52.8,26.1,40.4,1235.0,0,Normal - Physics Aligned
1673833500,34.0522,-118.2437,482.2,58.8,24.9,42.9,1289.0,0,Normal - Physics Aligned
1673834400,34.0522,-118.2437,460.2,56.9,24.7,48.7,410.0,1,Anomaly - Sensor Bagged
1673835300,36.1627,-115.1398,437.0,50.2,20.7,29.6,406.0,1,Anomaly - Location Spoof
1673836200,34.0522,-118.2437,453.1,52.2,21.9,47.6,1227.0,0,Normal - Physics Aligned
1673837100,34.0522,-118.2437,448.3,58.8,24.3,43.1,1254.0,0,Normal - Physics Aligned
1673838000,34.0522,-118.2437,459.6,57.3,20.8,51.0,1272.0,0,Normal - Physics Aligned
1673838900,34.0522,-118.2437,485.3,60.6,25.6,43.2,1299.0,0,Normal - Physics Aligned
1673839800,34.0522,-118.2437,449.0,52.9,23.1,47.0,1249.0,0,Normal - Physics Aligned
1673840700,34.0522,-118.2437,426.2,52.8,22.0,51.7,1247.0,0,Normal - Physics Aligned
1673841600,34.0522,-118.2437,455.4,56.0,27.7,37.9,1260.0,0,Normal - Physics Aligned
1673842500,36.1627,-115.1398,448.1,54.2,20.0,30.3,384.0,1,Anomaly - Location Spoof
1673843400,34.0522,-118.2437,450.7,52.4,26.7,43.2,396.0,1,Anomaly - Sensor Bagged
1673844300,34.0522,-118.2437,391.1,46.8,28.5,48.3,417.0,1,Anomaly - Sensor Bagged
1673845200,34.0522,-118.2437,437.6,52.9,23.1,44.5,1230.0,0,Normal - Physics Aligned
1673846100,36.1627,-115.1398,454.4,56.2,20.4,32.6,397.0,1,Anomaly - Location Spoof
1673847000,34.0522,-118.2437,447.7,54.9,24.9,42.0,1238.0,0,Normal - Physics Aligned
1673847900,34.0522,-118.2437,435.1,52.6,25.3,42.5,1213.0,0,Normal - Physics Aligned
1673848800,34.0522,-118.2437,444.2,55.4,23.8,45.7,1252.0,0,Normal - Physics Aligned
1673849700,34.0522,-118.2437,477.5,58.2,27.8,38.7,1301.0,0,Normal - Physics Aligned
1673850600,34.0522,-118.2437,449.8,62.2,22.6,46.7,1261.0,0,Normal - Physics Aligned
1673851500,34.0522,-118.2437,458.9,58.0,23.2,46.3,1268.0,0,Normal - Physics Aligned
1673852400,34.0522,-118.2437,452.3,54.3,23.8,45.8,1251.0,0,Normal - Physics Aligned
1673853300,34.0522,-118.2437,448.1,52.8,23.2,47.4,1248.0,0,Normal - Physics Aligned
1673854200,34.0522,-118.2437,446.1,55.2,22.2,48.0,1250.0,0,Normal - Physics Aligned
1673855100,34.0522,-118.2437,441.5,56.6,24.4,42.4,1242.0,0,Normal - Physics Aligned
1673856000,34.0522,-118.2437,467.3,54.9,21.8,47.0,1256.0,0,Normal - Physics Aligned
1673856900,34.0522,-118.2437,461.5,58.2,22.4,47.6,1274.0,0,Normal - Physics Aligned
1673857800,34.0522,-118.2437,439.3,54.2,28.0,36.8,1240.0,0,Normal - Physics Aligned
1673858700,34.0522,-118.2437,434.1,52.7,19.6,53.8,1220.0,0,Normal - Physics Aligned
1673859600,34.0522,-118.2437,414.5,52.3,25.4,41.7,1196.0,0,Normal - Physics Aligned
1673860500,34.0522,-118.2437,448.0,53.9,27.8,37.2,1237.0,0,Normal - Physics Aligned
1673861400,34.0522,-118.2437,443.0,53.5,23.2,47.3,1234.0,0,Normal - Physics Aligned
1673862300,34.0522,-118.2437,413.8,50.3,25.1,44.5,1219.0,0,Normal - Physics Aligned
1673863200,36.1627,-115.1398,452.6,56.4,21.2,28.8,408.0,1,Anomaly - Location Spoof
1673864100,34.0522,-118.2437,426.1,53.1,20.9,51.4,1243.0,0,Normal - Physics Aligned
1673865000,34.0522,-118.2437,445.3,55.9,23.0,46.0,1228.0,0,Normal - Physics Aligned
1673865900,34.0522,-118.2437,463.2,52.7,24.3,43.5,1258.0,0,Normal - Physics Aligned
1673866800,34.0522,-118.2437,440.8,53.8,25.3,43.8,1237.0,0,Normal - Physics Aligned
1673867700,34.0522,-118.2437,425.2,53.7,24.5,44.7,1230.0,0,Normal - Physics Aligned
1673868600,34.0522,-118.2437,447.4,56.9,27.3,49.1,408.0,1,Anomaly - Sensor Bagged
1673869500,34.0522,-118.2437,468.0,58.1,25.6,40.9,1269.0,0,Normal - Physics Aligned
1673870400,34.0522,-118.2437,448.1,58.1,26.7,37.5,1234.0,0,Normal - Physics Aligned
1673871300,34.0522,-118.2437,446.5,50.7,22.5,48.6,1229.0,0,Normal - Physics Aligned
1673872200,34.0522,-118.2437,473.1,56.4,19.0,53.5,1276.0,0,Normal - Physics Aligned
1673873100,36.1627,-115.1398,439.4,55.0,20.5,30.6,410.0,1,Anomaly - Location Spoof
1673874000,34.0522,-118.2437,451.5,54.4,23.5,46.3,1260.0,0,Normal - Physics Aligned
1673874900,34.0522,-118.2437,471.5,58.8,21.5,49.8,1308.0,0,Normal - Physics Aligned
1673875800,34.0522,-118.2437,413.2,47.5,24.0,47.0,1201.0,0,Normal - Physics Aligned
1673876700,34.0522,-118.2437,471.3,58.9,28.4,36.3,1273.0,0,Normal - Physics Aligned
1673877600,34.0522,-118.2437,406.8,49.7,24.2,44.7,1188.0,0,Normal - Physics Aligned
1673878500,34.0522,-118.2437,450.4,57.1,22.5,47.4,1260.0,0,Normal - Physics Aligned
1673879400,34.0522,-118.2437,471.4,56.4,21.0,50.0,1257.0,0,Normal - Physics Aligned
1673880300,34.0522,-118.2437,437.0,51.1,19.9,50.5,1200.0,0,Normal - Physics Aligned
1673881200,34.0522,-118.2437,438.7,54.2,22.9,46.4,1230.0,0,Normal - Physics Aligned
1673882100,34.0522,-118.2437,494.2,59.6,21.1,46.9,416.0,1,Anomaly - Sensor Bagged
1673883000,34.0522,-118.2437,427.2,53.0,27.8,37.7,1235.0,0,Normal - Physics Aligned
1673883900,34.0522,-118.2437,444.0,51.8,21.9,48.8,1233.0,0,Normal - Physics Aligned
1673884800,34.0522,-118.2437,441.3,52.6,22.4,50.0,1227.0,0,Normal - Physics Aligned
1673885700,34.0522,-118.2437,435.7,54.6,26.1,41.8,1223.0,0,Normal - Physics Aligned
1673886600,34.0522,-118.2437,448.7,54.5,24.5,45.1,1254.0,0,Normal - Physics Aligned
1673887500,34.0522,-118.2437,457.5,55.0,26.0,42.5,1266.0,0,Normal - Physics Aligned
1673888400,34.0522,-118.2437,478.6,56.2,25.8,42.2,1278.0,0,Normal - Physics Aligned
1673889300,34.0522,-118.2437,454.0,57.7,19.8,50.8,1247.0,0,Normal - Physics Aligned
1673890200,34.0522,-118.2437,406.9,46.3,26.9,38.4,1182.0,0,Normal - Physics Aligned
1673891100,34.0522,-118.2437,450.3,54.1,21.0,52.1,1270.0,0,Normal - Physics Aligned
1673892000,34.0522,-118.2437,443.1,54.8,26.3,40.7,1242.0,0,Normal - Physics Aligned
1673892900,34.0522,-118.2437,468.4,56.2,23.7,46.9,1286.0,0,Normal - Physics Aligned
1673893800,34.0522,-118.2437,442.5,55.4,25.3,42.5,1232.0,0,Normal - Physics Aligned
1673894700,34.0522,-118.2437,461.0,53.9,23.5,47.1,1289.0,0,Normal - Physics Aligned
1673895600,34.0522,-118.2437,465.1,57.9,25.3,43.7,1287.0,0,Normal - Physics Aligned
1673896500,34.0522,-118.2437,480.7,61.6,25.6,40.0,1299.0,0,Normal - Physics Aligned
1673897400,34.0522,-118.2437,450.8,55.0,25.5,42.1,1260.0,0,Normal - Physics Aligned
1673898300,34.0522,-118.2437,438.8,54.1,22.9,44.6,1213.0,0,Normal - Physics Aligned
1673899200,34.0522,-118.2437,437.3,48.5,22.4,47.9,1218.0,0,Normal - Physics Aligned
1673900100,34.0522,-118.2437,451.3,53.9,20.1,53.8,1250.0,0,Normal - Physics Aligned
1673901000,34.0522,-118.2437,451.9,53.0,25.7,39.1,1227.0,0,Normal - Physics Aligned
1673901900,34.0522,-118.2437,427.8,55.1,21.8,50.6,1224.0,0,Normal - Physics Aligned
1673902800,34.0522,-118.2437,438.0,54.7,24.6,44.0,1231.0,0,Normal - Physics Aligned
1673903700,34.0522,-118.2437,459.7,56.2,21.8,50.7,1278.0,0,Normal - Physics Aligned
1673904600,34.0522,-118.2437,441.8,54.7,26.8,40.8,1244.0,0,Normal - Physics Aligned
1673905500,34.0522,-118.2437,432.6,51.4,24.4,45.3,1224.0,0,Normal - Physics Aligned
1673906400,34.0522,-118.2437,447.9,57.5,23.7,47.9,1270.0,0,Normal - Physics Aligned
1673907300,34.0522,-118.2437,476.9,57.1,23.2,46.9,1278.0,0,Normal - Physics Aligned
1673908200,34.0522,-118.2437,461.6,57.8,21.4,50.3,1282.0,0,Normal - Physics Aligned
1673909100,34.0522,-118.2437,421.4,51.8,24.5,43.9,1196.0,0,Normal - Physics Aligned
1673910000,34.0522,-118.2437,433.7,50.7,23.4,42.2,408.0,1,Anomaly - Sensor Bagged
1673910900,34.0522,-118.2437,435.2,59.7,25.8,42.2,1252.0,0,Normal - Physics Aligned
1673911800,34.0522,-118.2437,425.3,52.5,26.3,40.6,1232.0,0,Normal - Physics Aligned
1673912700,34.0522,-118.2437,454.3,57.2,25.6,41.3,1251.0,0,Normal - Physics Aligned
1673913600,34.0522,-118.2437,431.3,51.0,27.1,36.9,1207.0,0,Normal - Physics Aligned
1673914500,34.0522,-118.2437,443.2,53.4,25.1,44.6,414.0,1,Anomaly - Sensor Bagged
1673915400,34.0522,-118.2437,435.5,55.1,24.5,45.1,1230.0,0,Normal - Physics Aligned
1673916300,34.0522,-118.2437,490.8,61.4,23.7,45.8,1300.0,0,Normal - Physics Aligned
1673917200,34.0522,-118.2437,427.7,51.9,23.2,47.4,1224.0,0,Normal - Physics Aligned
1673918100,34.0522,-118.2437,439.0,55.9,22.3,46.9,1242.0,0,Normal - Physics Aligned
1673919000,34.0522,-118.2437,458.9,53.2,27.6,39.2,1259.0,0,Normal - Physics Aligned
1673919900,34.0522,-118.2437,421.7,50.8,24.8,44.6,1229.0,0,Normal - Physics Aligned
1673920800,34.0522,-118.2437,444.7,53.3,24.3,46.3,1262.0,0,Normal - Physics Aligned
1673921700,34.0522,-118.2437,435.0,54.5,19.4,54.0,1239.0,0,Normal - Physics Aligned
1673922600,34.0522,-118.2437,448.2,54.5,28.1,38.5,1247.0,0,Normal - Physics Aligned
1673923500,34.0522,-118.2437,493.8,57.7,23.9,44.0,1300.0,0,Normal - Physics Aligned
1673924400,34.0522,-118.2437,420.1,50.4,23.6,44.1,1181.0,0,Normal - Physics Aligned
1673925300,34.0522,-118.2437,451.0,55.8,24.0,43.9,408.0,1,Anomaly - Sensor Bagged
1673926200,34.0522,-118.2437,441.0,53.5,23.0,49.3,1249.0,0,Normal - Physics Aligned
1673927100,34.0522,-118.2437,446.0,52.7,26.7,39.9,1241.0,0,Normal - Physics Aligned
1673928000,34.0522,-118.2437,437.9,52.9,23.2,45.3,1232.0,0,Normal - Physics Aligned
1673928900,34.0522,-118.2437,479.2,59.6,19.8,55.2,1306.0,0,Normal - Physics Aligned
1673929800,34.0522,-118.2437,445.4,56.2,24.5,43.4,403.0,1,Anomaly - Sensor Bagged
1673930700,34.0522,-118.2437,419.2,50.2,23.2,45.7,1198.0,0,Normal - Physics Aligned
1673931600,34.0522,-118.2437,471.9,58.5,28.0,38.4,1284.0,0,Normal - Physics Aligned
1673932500,34.0522,-118.2437,455.6,57.0,26.9,41.0,1275.0,0,Normal - Physics Aligned
1673933400,34.0522,-118.2437,462.7,58.2,24.8,42.9,1267.0,0,Normal - Physics Aligned
1673934300,36.1627,-115.1398,450.7,57.8,21.5,33.1,403.0,1,Anomaly - Location Spoof
1673935200,34.0522,-118.2437,447.4,51.4,23.6,45.6,1234.0,0,Normal - Physics Aligned
1673936100,34.0522,-118.2437,455.8,56.8,23.1,48.7,415.0,1,Anomaly - Sensor Bagged
1673937000,34.0522,-118.2437,428.5,51.6,25.1,44.3,1214.0,0,Normal - Physics Aligned
1673937900,34.0522,-118.2437,468.7,55.6,24.8,42.2,1268.0,0,Normal - Physics Aligned
1673938800,34.0522,-118.2437,451.2,55.5,27.3,38.4,1251.0,0,Normal - Physics Aligned
1673939700,34.0522,-118.2437,434.4,55.1,26.0,47.6,411.0,1,Anomaly - Sensor Bagged
1673940600,34.0522,-118.2437,448.1,53.3,24.1,44.7,1240.0,0,Normal - Physics Aligned
1673941500,34.0522,-118.2437,451.6,55.2,18.0,54.6,1233.0,0,Normal - Physics Aligned
1673942400,34.0522,-118.2437,435.6,52.1,19.6,53.7,1229.0,0,Normal - Physics Aligned
1673943300,34.0522,-118.2437,464.0,54.8,26.1,40.1,1254.0,0,Normal - Physics Aligned
1673944200,34.0522,-118.2437,414.3,49.3,27.8,48.2,416.0,1,Anomaly - Sensor Bagged
1673945100,34.0522,-118.2437,452.9,55.6,20.9,51.4,1255.0,0,Normal - Physics Aligned
1673946000,34.0522,-118.2437,421.5,53.8,25.0,42.5,411.0,1,Anomaly - Sensor Bagged
1673946900,34.0522,-118.2437,405.5,46.4,24.3,43.7,1173.0,0,Normal - Physics Aligned
1673947800,34.0522,-118.2437,419.8,53.4,23.0,46.5,1216.0,0,Normal - Physics Aligned
1673948700,34.0522,-118.2437,477.4,57.3,21.5,49.6,1298.0,0,Normal - Physics Aligned
1673949600,34.0522,-118.2437,417.6,51.3,22.9,48.4,1214.0,0,Normal - Physics Aligned
1673950500,34.0522,-118.2437,412.3,47.3,28.7,45.6,403.0,1,Anomaly - Sensor Bagged
1673951400,34.0522,-118.2437,475.6,56.2,20.9,50.3,1275.0,0,Normal - Physics Aligned
1673952300,34.0522,-118.2437,470.7,58.1,23.5,45.8,1283.0,0,Normal - Physics Aligned
1673953200,34.0522,-118.2437,438.2,54.1,29.2,43.8,398.0,1,Anomaly - Sensor Bagged
1673954100,34.0522,-118.2437,456.3,59.6,23.5,46.0,1266.0,0,Normal - Physics Aligned
1673955000,34.0522,-118.2437,462.5,56.6,25.6,43.4,1280.0,0,Normal - Physics Aligned
1673955900,34.0522,-118.2437,440.7,56.9,26.7,40.3,1260.0,0,Normal - Physics Aligned
1673956800,34.0522,-118.2437,439.5,54.5,22.7,46.7,1230.0,0,Normal - Physics Aligned
1673957700,36.1627,-115.1398,455.4,55.8,22.1,27.8,407.0,1,Anomaly - Location Spoof
1673958600,34.0522,-118.2437,433.7,51.7,20.7,51.4,1219.0,0,Normal - Physics Aligned
1673959500,34.0522,-118.2437,459.6,58.0,27.5,36.5,1263.0,0,Normal - Physics Aligned
1673960400,34.0522,-118.2437,447.0,51.2,22.6,46.7,1219.0,0,Normal - Physics Aligned
1673961300,34.0522,-118.2437,469.0,56.0,25.6,43.8,1268.0,0,Normal - Physics Aligned
1673962200,34.0522,-118.2437,468.4,57.5,23.5,43.9,1264.0,0,Normal - Physics Aligned
1673963100,34.0522,-118.2437,441.8,54.6,20.9,48.2,1210.0,0,Normal - Physics Aligned
1673964000,34.0522,-118.2437,463.4,57.6,23.9,44.8,1270.0,0,Normal - Physics Aligned
1673964900,34.0522,-118.2437,439.7,53.3,24.5,45.2,1233.0,0,Normal - Physics Aligned
1673965800,34.0522,-118.2437,456.2,53.5,24.0,46.0,1256.0,0,Normal - Physics Aligned
1673966700,34.0522,-118.2437,454.7,55.0,24.1,43.3,1246.0,0,Normal - Physics Aligned
1673967600,34.0522,-118.2437,434.0,49.2,23.9,43.9,1212.0,0,Normal - Physics Aligned
1673968500,34.0522,-118.2437,443.7,53.2,21.2,51.0,1246.0,0,Normal - Physics Aligned
1673969400,34.0522,-118.2437,498.0,63.8,28.3,38.1,1329.0,0,Normal - Physics Aligned
1673970300,34.0522,-118.2437,457.8,55.0,23.5,46.1,1244.0,0,Normal - Physics Aligned
1673971200,34.0522,-118.2437,438.8,54.1,23.3,47.2,1243.0,0,Normal - Physics Aligned
1673972100,34.0522,-118.2437,466.2,59.7,19.3,54.4,1272.0,0,Normal - Physics Aligned
1673973000,34.0522,-118.2437,453.4,59.1,21.0,51.1,1260.0,0,Normal - Physics Aligned
1673973900,34.0522,-118.2437,462.0,56.2,21.6,49.6,1282.0,0,Normal - Physics Aligned
1673974800,34.0522,-118.2437,438.0,50.5,24.0,44.3,1216.0,0,Normal - Physics Aligned
1673975700,34.0522,-118.2437,426.7,52.0,25.0,44.4,1220.0,0,Normal - Physics Aligned
1673976600,34.0522,-118.2437,473.5,57.3,25.2,40.3,1274.0,0,Normal - Physics Aligned
1673977500,34.0522,-118.2437,438.4,52.0,23.8,45.2,1220.0,0,Normal - Physics Aligned
1673978400,34.0522,-118.2437,419.8,52.6,25.3,43.5,1222.0,0,Normal - Physics Aligned
1673979300,34.0522,-118.2437,487.2,60.8,28.4,36.8,1290.0,0,Normal - Physics Aligned
1673980200,34.0522,-118.2437,463.0,58.7,23.1,48.3,1282.0,0,Normal - Physics Aligned
1673981100,34.0522,-118.2437,425.8,49.7,24.1,42.7,408.0,1,Anomaly - Sensor Bagged
1673982000,34.0522,-118.2437,441.0,52.2,27.0,40.3,1257.0,0,Normal - Physics Aligned
1673982900,34.0522,-118.2437,466.6,57.9,22.6,48.9,1283.0,0,Normal - Physics Aligned
1673983800,34.0522,-118.2437,464.6,53.3,24.9,43.4,1255.0,0,Normal - Physics Aligned
1673984700,34.0522,-118.2437,410.6,51.5,22.2,49.5,1208.0,0,Normal - Physics Aligned
1673985600,34.0522,-118.2437,463.1,59.9,25.7,41.7,1281.0,0,Normal - Physics Aligned
1673986500,34.0522,-118.2437,442.7,52.1,24.0,46.6,1230.0,0,Normal - Physics Aligned
1673987400,34.0522,-118.2437,485.6,60.4,24.2,43.3,1298.0,0,Normal - Physics Aligned
1673988300,34.0522,-118.2437,495.0,58.2,26.6,50.2,408.0,1,Anomaly - Sensor Bagged
1673989200,34.0522,-118.2437,478.1,59.8,24.0,45.1,1302.0,0,Normal - Physics Aligned
1673990100,34.0522,-118.2437,473.0,59.5,25.1,41.3,1278.0,0,Normal - Physics Aligned
1673991000,34.0522,-118.2437,446.2,52.9,25.7,42.0,1230.0,0,Normal - Physics Aligned
1673991900,34.0522,-118.2437,462.5,56.4,23.6,44.9,1264.0,0,Normal - Physics Aligned
1673992800,34.0522,-118.2437,438.5,55.6,21.4,49.4,1236.0,0,Normal - Physics Aligned
1673993700,34.0522,-118.2437,451.0,57.0,24.8,42.4,1261.0,0,Normal - Physics Aligned
1673994600,34.0522,-118.2437,485.4,57.9,24.7,46.0,1306.0,0,Normal - Physics Aligned
1673995500,34.0522,-118.2437,401.2,51.9,20.5,50.4,1182.0,0,Normal - Physics Aligned
1673996400,34.0522,-118.2437,475.0,58.3,22.4,50.7,1304.0,0,Normal - Physics Aligned
1673997300,34.0522,-118.2437,476.2,59.1,24.6,45.3,1305.0,0,Normal - Physics Aligned
1673998200,34.0522,-118.2437,439.8,53.3,26.4,39.8,1234.0,0,Normal - Physics Aligned
1673999100,34.0522,-118.2437,472.4,58.8,25.8,41.2,1270.0,0,Normal - Physics Aligned
1674000000,34.0522,-118.2437,463.0,57.0,24.8,42.6,1268.0,0,Normal - Physics Aligned
1674000900,34.0522,-118.2437,433.8,54.4,23.3,46.4,1230.0,0,Normal - Physics Aligned
1674001800,34.0522,-118.2437,467.6,56.5,24.0,44.9,1272.0,0,Normal - Physics Aligned
1674002700,34.0522,-118.2437,452.6,56.5,24.6,43.7,1237.0,0,Normal - Physics Aligned
1674003600,34.0522,-118.2437,448.4,56.0,23.2,45.0,1242.0,0,Normal - Physics Aligned
1674004500,34.0522,-118.2437,471.0,58.6,25.8,47.7,408.0,1,Anomaly - Sensor Bagged
1674005400,36.1627,-115.1398,470.1,59.6,21.0,27.8,406.0,1,Anomaly - Location Spoof
1674006300,34.0522,-118.2437,471.9,59.1,27.4,40.6,1313.0,0,Normal - Physics Aligned
1674007200,34.0522,-118.2437,443.0,55.5,24.2,43.7,1243.0,0,Normal - Physics Aligned
1674008100,34.0522,-118.2437,427.0,51.6,22.3,48.1,1215.0,0,Normal - Physics Aligned
1674009000,34.0522,-118.2437,467.5,57.4,22.9,46.3,1279.0,0,Normal - Physics Aligned
1674009900,34.0522,-118.2437,462.4,55.9,24.3,45.3,1276.0,0,Normal - Physics Aligned
1674010800,34.0522,-118.2437,453.3,54.3,22.1,49.5,1254.0,0,Normal - Physics Aligned
1674011700,34.0522,-118.2437,452.8,53.5,23.2,45.6,1246.0,0,Normal - Physics Aligned
1674012600,34.0522,-118.2437,460.2,57.1,24.2,44.9,1269.0,0,Normal - Physics Aligned
1674013500,34.0522,-118.2437,432.3,48.3,22.0,49.2,1204.0,0,Normal - Physics Aligned
1674014400,34.0522,-118.2437,493.9,61.0,24.7,44.6,1328.0,0,Normal - Physics Aligned
1674015300,34.0522,-118.2437,460.1,56.2,27.5,37.3,1259.0,0,Normal - Physics Aligned
1674016200,34.0522,-118.2437,439.2,55.7,25.7,39.7,1234.0,0,Normal - Physics Aligned
1674017100,34.0522,-118.2437,381.5,45.6,24.4,47.9,415.0,1,Anomaly - Sensor Bagged
1674018000,34.0522,-118.2437,425.4,53.0,24.0,46.4,1229.0,0,Normal - Physics Aligned
1674018900,34.0522,-118.2437,419.2,51.1,22.2,50.3,1213.0,0,Normal - Physics Aligned
1674019800,34.0522,-118.2437,442.5,54.4,24.4,42.7,1235.0,0,Normal - Physics Aligned
1674020700,34.0522,-118.2437,446.9,56.2,22.3,49.6,1253.0,0,Normal - Physics Aligned
1674021600,34.0522,-118.2437,441.6,54.2,25.6,42.4,1247.0,0,Normal - Physics Aligned
1674022500,34.0522,-118.2437,479.9,60.1,30.1,43.1,400.0,1,Anomaly - Sensor Bagged
1674023400,34.0522,-118.2437,466.0,58.9,25.6,41.5,1274.0,0,Normal - Physics Aligned
1674024300,34.0522,-118.2437,449.9,55.5,23.2,44.7,1240.0,0,Normal - Physics Aligned
1674025200,34.0522,-118.2437,464.9,60.6,21.8,47.4,415.0,1,Anomaly - Sensor Bagged
1674026100,34.0522,-118.2437,459.4,53.2,23.6,43.9,1250.0,0,Normal - Physics Aligned
1674027000,34.0522,-118.2437,467.6,55.1,25.9,47.1,409.0,1,Anomaly - Sensor Bagged
1674027900,34.0522,-118.2437,439.3,52.5,25.9,39.9,1208.0,0,Normal - Physics Aligned
1674028800,34.0522,-118.2437,437.8,56.0,20.9,51.2,1249.0,0,Normal - Physics Aligned
1674029700,34.0522,-118.2437,410.4,49.7,25.3,42.0,1187.0,0,Normal - Physics Aligned
1674030600,34.0522,-118.2437,451.4,59.1,22.0,49.4,1259.0,0,Normal - Physics Aligned
1674031500,34.0522,-118.2437,460.9,59.6,27.6,37.0,412.0,1,Anomaly - Sensor Bagged
1674032400,34.0522,-118.2437,446.8,53.2,25.2,43.3,1252.0,0,Normal - Physics Aligned
1674033300,34.0522,-118.2437,477.3,54.4,23.8,45.4,1286.0,0,Normal - Physics Aligned
1674034200,34.0522,-118.2437,442.9,52.1,19.0,56.1,1241.0,0,Normal - Physics Aligned
1674035100,34.0522,-118.2437,430.5,54.6,24.4,44.4,1234.0,0,Normal - Physics Aligned
1674036000,34.0522,-118.2437,419.5,50.8,27.2,37.4,1192.0,0,Normal - Physics Aligned
1674036900,34.0522,-118.2437,438.6,51.7,22.5,47.3,1225.0,0,Normal - Physics Aligned
1674037800,34.0522,-118.2437,454.2,58.0,22.0,50.0,1265.0,0,Normal - Physics Aligned
1674038700,34.0522,-118.2437,445.9,56.4,22.4,46.9,1243.0,0,Normal - Physics Aligned
1674039600,34.0522,-118.2437,480.4,61.8,25.6,43.4,1285.0,0,Normal - Physics Aligned
1674040500,34.0522,-118.2437,506.7,64.7,27.8,37.3,1337.0,0,Normal - Physics Aligned
1674041400,34.0522,-118.2437,482.6,59.9,26.4,40.7,1303.0,0,Normal - Physics Aligned
1674042300,34.0522,-118.2437,453.2,51.1,26.6,37.9,1234.0,0,Normal - Physics Aligned
1674043200,34.0522,-118.2437,447.8,53.2,27.1,37.3,1240.0,0,Normal - Physics Aligned
1674044100,34.0522,-118.2437,445.4,54.2,20.5,53.0,1257.0,0,Normal - Physics Aligned
1674045000,34.0522,-118.2437,433.3,50.2,21.4,53.2,1233.0,0,Normal - Physics Aligned
1674045900,34.0522,-118.2437,466.5,57.1,21.5,50.0,1282.0,0,Normal - Physics Aligned
1674046800,34.0522,-118.2437,463.3,56.3,23.0,44.7,1240.0,0,Normal - Physics Aligned
1674047700,34.0522,-118.2437,451.6,58.0,20.5,51.6,1268.0,0,Normal - Physics Aligned
1674048600,34.0522,-118.2437,447.9,59.3,28.4,35.1,1254.0,0,Normal - Physics Aligned
1674049500,34.0522,-118.2437,456.6,55.9,23.4,47.3,1266.0,0,Normal - Physics Aligned
1674050400,34.0522,-118.2437,495.7,60.7,23.7,45.9,1317.0,0,Normal - Physics Aligned
1674051300,34.0522,-118.2437,448.9,55.7,21.1,49.3,1244.0,0,Normal - Physics Aligned
1674052200,34.0522,-118.2437,463.6,57.4,22.9,48.5,1262.0,0,Normal - Physics Aligned
1674053100,34.0522,-118.2437,479.6,57.2,25.8,42.1,1294.0,0,Normal - Physics Aligned
1674054000,34.0522,-118.2437,475.3,54.3,22.4,51.2,1290.0,0,Normal - Physics Aligned
1674054900,34.0522,-118.2437,454.3,54.3,23.0,46.4,1269.0,0,Normal - Physics Aligned
1674055800,34.0522,-118.2437,437.3,54.8,23.7,46.3,1238.0,0,Normal - Physics Aligned
1674056700,36.1627,-115.1398,440.7,54.3,20.7,31.2,400.0,1,Anomaly - Location Spoof
1674057600,34.0522,-118.2437,467.1,57.3,21.1,50.7,1269.0,0,Normal - Physics Aligned
1674058500,34.0522,-118.2437,468.7,58.2,21.7,49.8,1290.0,0,Normal - Physics Aligned
1674059400,34.0522,-118.2437,470.6,57.7,26.4,38.4,1259.0,0,Normal - Physics Aligned
1674060300,34.0522,-118.2437,445.5,55.8,28.2,46.2,403.0,1,Anomaly - Sensor Bagged
1674061200,34.0522,-118.2437,430.5,52.9,21.6,51.1,1239.0,0,Normal - Physics Aligned
1674062100,34.0522,-118.2437,459.5,57.6,24.8,40.8,1259.0,0,Normal - Physics Aligned
1674063000,34.0522,-118.2437,441.4,51.9,22.7,47.5,1237.0,0,Normal - Physics Aligned
1674063900,34.0522,-118.2437,461.0,54.6,26.4,38.3,1264.0,0,Normal - Physics Aligned
1674064800,34.0522,-118.2437,484.4,58.6,25.0,44.5,1295.0,0,Normal - Physics Aligned
1674065700,34.0522,-118.2437,461.4,55.4,21.5,48.4,1248.0,0,Normal - Physics Aligned
1674066600,34.0522,-118.2437,457.1,55.9,24.1,44.8,1252.0,0,Normal - Physics Aligned
1674067500,36.1627,-115.1398,457.8,55.7,20.9,30.9,400.0,1,Anomaly - Location Spoof
1674068400,34.0522,-118.2437,441.6,51.1,24.3,45.2,1247.0,0,Normal - Physics Aligned
1674069300,34.0522,-118.2437,442.3,50.2,25.8,42.0,1234.0,0,Normal - Physics Aligned
1674070200,34.0522,-118.2437,462.3,54.7,24.5,44.1,1258.0,0,Normal - Physics Aligned
1674071100,34.0522,-118.2437,436.3,53.4,25.7,41.4,1232.0,0,Normal - Physics Aligned
1674072000,34.0522,-118.2437,462.6,54.7,25.3,42.7,1265.0,0,Normal - Physics Aligned
1674072900,34.0522,-118.2437,464.9,56.3,20.4,51.3,1259.0,0,Normal - Physics Aligned
1674073800,34.0522,-118.2437,490.9,61.8,26.1,42.5,1318.0,0,Normal - Physics Aligned
1674074700,34.0522,-118.2437,428.4,50.0,24.7,44.5,1219.0,0,Normal - Physics Aligned
1674075600,34.0522,-118.2437,482.9,59.4,28.2,36.2,1296.0,0,Normal - Physics Aligned
1674076500,34.0522,-118.2437,414.0,51.7,18.2,57.9,1214.0,0,Normal - Physics Aligned
1674077400,34.0522,-118.2437,463.1,58.2,24.0,44.8,1273.0,0,Normal - Physics Aligned
1674078300,34.0522,-118.2437,455.1,56.1,23.8,45.7,1263.0,0,Normal - Physics Aligned
1674079200,34.0522,-118.2437,452.1,52.8,26.5,41.2,1243.0,0,Normal - Physics Aligned
1674080100,34.0522,-118.2437,474.2,57.6,27.6,37.6,1287.0,0,Normal - Physics Aligned
1674081000,34.0522,-118.2437,465.3,56.5,25.9,41.9,1274.0,0,Normal - Physics Aligned
1674081900,34.0522,-118.2437,462.2,57.9,22.7,47.2,1282.0,0,Normal - Physics Aligned
1674082800,34.0522,-118.2437,440.2,55.4,29.0,34.2,1233.0,0,Normal - Physics Aligned
1674083700,34.0522,-118.2437,438.7,53.6,21.0,49.5,1212.0,0,Normal - Physics Aligned
1674084600,34.0522,-118.2437,477.2,61.0,25.0,43.1,1282.0,0,Normal - Physics Aligned
1674085500,34.0522,-118.2437,456.2,57.6,21.2,49.0,1268.0,0,Normal - Physics Aligned
1674086400,34.0522,-118.2437,430.8,51.1,28.1,36.8,1217.0,0,Normal - Physics Aligned
1674087300,34.0522,-118.2437,449.5,55.0,24.1,47.1,405.0,1,Anomaly - Sensor Bagged
1674088200,34.0522,-118.2437,454.7,54.0,23.8,46.4,1265.0,0,Normal - Physics Aligned
1674089100,34.0522,-118.2437,482.8,58.5,26.4,40.8,1293.0,0,Normal - Physics Aligned
1674090000,34.0522,-118.2437,462.5,58.5,24.9,43.4,1289.0,0,Normal - Physics Aligned
1674090900,34.0522,-118.2437,454.5,57.9,23.8,45.1,1251.0,0,Normal - Physics Aligned
1674091800,34.0522,-118.2437,417.1,52.1,21.1,50.0,1200.0,0,Normal - Physics Aligned
1674092700,34.0522,-118.2437,441.5,52.3,22.9,46.9,1226.0,0,Normal - Physics Aligned
1674093600,34.0522,-118.2437,440.7,51.0,26.9,38.4,1224.0,0,Normal - Physics Aligned
1674094500,34.0522,-118.2437,450.7,53.7,23.2,44.0,1224.0,0,Normal - Physics Aligned
1674095400,34.0522,-118.2437,479.1,61.3,25.3,41.2,1302.0,0,Normal - Physics Aligned
1674096300,34.0522,-118.2437,462.2,57.4,26.0,48.1,407.0,1,Anomaly - Sensor Bagged
1674097200,34.0522,-118.2437,450.0,56.5,23.4,46.2,1256.0,0,Normal - Physics Aligned
1674098100,34.0522,-118.2437,474.3,59.3,23.6,47.0,1297.0,0,Normal - Physics Aligned
1674099000,34.0522,-118.2437,447.7,52.6,28.2,46.8,410.0,1,Anomaly - Sensor Bagged
1674099900,34.0522,-118.2437,455.6,60.0,25.3,44.3,1287.0,0,Normal - Physics Aligned
1674100800,34.0522,-118.2437,444.3,55.6,24.5,45.4,1261.0,0,Normal - Physics Aligned
1674101700,34.0522,-118.2437,432.8,50.7,27.0,40.1,1232.0,0,Normal - Physics Aligned
1674102600,34.0522,-118.2437,465.9,60.2,23.3,46.6,1281.0,0,Normal - Physics Aligned
1674103500,34.0522,-118.2437,470.7,56.0,24.4,44.9,1275.0,0,Normal - Physics Aligned
1674104400,34.0522,-118.2437,442.9,54.0,24.5,45.5,1251.0,0,Normal - Physics Aligned
1674105300,34.0522,-118.2437,447.8,52.7,21.3,49.6,406.0,1,Anomaly - Sensor Bagged
1674106200,34.0522,-118.2437,438.1,53.5,24.2,44.4,1227.0,0,Normal - Physics Aligned
1674107100,34.0522,-118.2437,474.3,57.7,25.0,41.1,1271.0,0,Normal - Physics Aligned
1674108000,34.0522,-118.2437,439.4,54.4,22.7,47.8,1238.0,0,Normal - Physics Aligned
1674108900,36.1627,-115.1398,458.4,58.9,21.0,29.8,395.0,1,Anomaly - Location Spoof
1674109800,34.0522,-118.2437,454.1,54.5,25.5,41.9,1260.0,0,Normal - Physics Aligned
1674110700,34.0522,-118.2437,441.1,53.4,26.8,39.6,1244.0,0,Normal - Physics Aligned
1674111600,34.0522,-118.2437,458.1,58.2,26.9,39.3,1274.0,0,Normal - Physics Aligned
1674112500,34.0522,-118.2437,498.3,62.9,24.3,45.4,1318.0,0,Normal - Physics Aligned
1674113400,34.0522,-118.2437,462.5,54.4,24.3,43.8,1255.0,0,Normal - Physics Aligned
1674114300,34.0522,-118.2437,438.2,54.0,22.3,47.6,1236.0,0,Normal - Physics Aligned
1674115200,34.0522,-118.2437,501.4,60.3,23.4,45.7,1320.0,0,Normal - Physics Aligned
1674116100,34.0522,-118.2437,446.9,52.9,22.0,48.2,1229.0,0,Normal - Physics Aligned
1674117000,34.0522,-118.2437,430.4,49.8,27.8,37.4,1220.0,0,Normal - Physics Aligned
1674117900,34.0522,-118.2437,469.6,58.9,24.9,43.2,1274.0,0,Normal - Physics Aligned
1674118800,34.0522,-118.2437,449.4,54.3,27.8,40.4,1269.0,0,Normal - Physics Aligned
1674119700,34.0522,-118.2437,428.9,48.5,21.6,49.0,1218.0,0,Normal - Physics Aligned
1674120600,34.0522,-118.2437,456.4,62.6,22.1,48.2,1281.0,0,Normal - Physics Aligned
1674121500,34.0522,-118.2437,417.2,50.2,21.6,48.4,1206.0,0,Normal - Physics Aligned
1674122400,36.1627,-115.1398,444.5,56.7,22.0,32.9,405.0,1,Anomaly - Location Spoof
1674123300,34.0522,-118.2437,430.6,49.2,22.0,49.0,1211.0,0,Normal - Physics Aligned
1674124200,34.0522,-118.2437,464.2,54.5,26.0,41.4,1268.0,0,Normal - Physics Aligned
1674125100,34.0522,-118.2437,459.5,59.1,23.9,45.5,1271.0,0,Normal - Physics Aligned
1674126000,34.0522,-118.2437,465.9,58.5,25.7,40.3,1257.0,0,Normal - Physics Aligned
1674126900,34.0522,-118.2437,426.5,48.0,23.9,46.9,1198.0,0,Normal - Physics Aligned
1674127800,34.0522,-118.2437,457.5,53.6,25.3,43.1,1261.0,0,Normal - Physics Aligned
1674128700,34.0522,-118.2437,471.7,57.5,18.3,55.0,1281.0,0,Normal - Physics Aligned
1674129600,34.0522,-118.2437,402.1,49.2,24.9,43.4,1175.0,0,Normal - Physics Aligned
1674130500,34.0522,-118.2437,440.4,57.1,21.7,50.8,1253.0,0,Normal - Physics Aligned
1674131400,34.0522,-118.2437,447.3,53.1,23.7,46.0,1248.0,0,Normal - Physics Aligned
1674132300,34.0522,-118.2437,436.7,51.1,22.0,50.0,1230.0,0,Normal - Physics Aligned
1674133200,34.0522,-118.2437,452.4,54.7,25.0,41.8,1239.0,0,Normal - Physics Aligned
1674134100,36.1627,-115.1398,461.4,58.7,22.4,30.9,394.0,1,Anomaly - Location Spoof
1674135000,34.0522,-118.2437,462.2,57.6,25.2,42.1,1268.0,0,Normal - Physics Aligned
1674135900,34.0522,-118.2437,444.9,55.6,27.5,37.6,1226.0,0,Normal - Physics Aligned
1674136800,34.0522,-118.2437,448.0,57.4,24.8,43.8,1248.0,0,Normal - Physics Aligned
1674137700,34.0522,-118.2437,424.4,53.6,27.1,36.9,1210.0,0,Normal - Physics Aligned
1674138600,34.0522,-118.2437,443.2,56.2,22.4,47.9,1243.0,0,Normal - Physics Aligned
1674139500,34.0522,-118.2437,447.2,51.7,24.1,47.9,1250.0,0,Normal - Physics Aligned
1674140400,34.0522,-118.2437,466.3,58.5,26.3,40.6,1281.0,0,Normal - Physics Aligned
1674141300,34.0522,-118.2437,434.5,54.7,20.1,54.4,1238.0,0,Normal - Physics Aligned
1674142200,34.0522,-118.2437,430.7,54.0,19.4,55.5,1255.0,0,Normal - Physics Aligned
1674143100,36.1627,-115.1398,444.5,52.6,20.7,30.5,404.0,1,Anomaly - Location Spoof
1674144000,34.0522,-118.2437,450.8,54.1,21.0,48.5,1239.0,0,Normal - Physics Aligned
1674144900,34.0522,-118.2437,468.7,57.3,24.8,43.0,1262.0,0,Normal - Physics Aligned
1674145800,34.0522,-118.2437,429.0,52.9,23.8,45.4,411.0,1,Anomaly - Sensor Bagged
1674146700,34.0522,-118.2437,454.2,54.6,25.7,43.4,1285.0,0,Normal - Physics Aligned
1674147600,34.0522,-118.2437,456.5,59.0,24.4,41.5,1249.0,0,Normal - Physics Aligned
1674148500,34.0522,-118.2437,437.8,53.5,21.9,48.9,1233.0,0,Normal - Physics Aligned
1674149400,34.0522,-118.2437,411.6,46.4,22.3,47.5,1187.0,0,Normal - Physics Aligned
1674150300,34.0522,-118.2437,446.9,54.4,26.3,41.6,1247.0,0,Normal - Physics Aligned
1674151200,34.0522,-118.2437,438.2,53.8,27.4,37.9,1228.0,0,Normal - Physics Aligned
1674152100,34.0522,-118.2437,421.3,50.1,20.9,50.8,1201.0,0,Normal - Physics Aligned
1674153000,36.1627,-115.1398,471.4,57.5,21.3,25.3,410.0,1,Anomaly - Location Spoof
1674153900,34.0522,-118.2437,487.1,61.7,24.7,44.4,1311.0,0,Normal - Physics Aligned
1674154800,34.0522,-118.2437,442.4,57.4,24.1,46.2,1245.0,0,Normal - Physics Aligned
1674155700,34.0522,-118.2437,472.3,58.2,24.6,43.0,1269.0,0,Normal - Physics Aligned
1674156600,34.0522,-118.2437,467.6,57.5,25.8,39.5,1253.0,0,Normal - Physics Aligned
1674157500,34.0522,-118.2437,436.5,51.9,22.2,48.7,1221.0,0,Normal - Physics Aligned
1674158400,34.0522,-118.2437,439.1,55.3,23.3,45.9,1244.0,0,Normal - Physics Aligned
1674159300,34.0522,-118.2437,422.8,45.8,19.2,53.6,1173.0,0,Normal - Physics Aligned
1674160200,34.0522,-118.2437,464.5,53.6,26.2,46.8,394.0,1,Anomaly - Sensor Bagged
1674161100,34.0522,-118.2437,419.4,50.9,23.3,45.3,1199.0,0,Normal - Physics Aligned
1674162000,34.0522,-118.2437,439.5,53.9,25.3,43.8,1247.0,0,Normal - Physics Aligned
1674162900,34.0522,-118.2437,459.7,56.4,21.3,48.2,1251.0,0,Normal - Physics Aligned
1674163800,34.0522,-118.2437,432.7,53.5,28.7,37.5,1243.0,0,Normal - Physics Aligned
1674164700,34.0522,-118.2437,443.0,53.7,23.0,46.5,1233.0,0,Normal - Physics Aligned
1674165600,34.0522,-118.2437,430.5,53.2,22.7,47.7,1243.0,0,Normal - Physics Aligned
1674166500,34.0522,-118.2437,445.2,53.1,22.3,47.0,1233.0,0,Normal - Physics Aligned
1674167400,34.0522,-118.2437,429.3,50.6,24.6,44.7,1224.0,0,Normal - Physics Aligned
1674168300,34.0522,-118.2437,464.7,59.6,20.7,50.8,1275.0,0,Normal - Physics Aligned
1674169200,34.0522,-118.2437,448.0,56.7,24.7,43.1,1248.0,0,Normal - Physics Aligned
1674170100,34.0522,-118.2437,471.3,53.5,24.3,45.9,1275.0,0,Normal - Physics Aligned
1674171000,34.0522,-118.2437,419.4,48.9,21.6,49.2,1195.0,0,Normal - Physics Aligned
1674171900,34.0522,-118.2437,471.8,55.5,22.2,49.5,1268.0,0,Normal - Physics Aligned
1674172800,34.0522,-118.2437,454.7,56.2,21.8,50.1,1258.0,0,Normal - Physics Aligned
1674173700,34.0522,-118.2437,482.8,60.9,22.4,44.0,409.0,1,Anomaly - Sensor Bagged
1674174600,34.0522,-118.2437,406.1,46.9,24.9,49.4,395.0,1,Anomaly - Sensor Bagged
1674175500,34.0522,-118.2437,481.3,58.8,23.8,43.0,1284.0,0,Normal - Physics Aligned
1674176400,34.0522,-118.2437,434.4,53.2,20.0,53.8,1231.0,0,Normal - Physics Aligned
1674177300,36.1627,-115.1398,470.7,55.9,20.9,29.3,404.0,1,Anomaly - Location Spoof
1674178200,34.0522,-118.2437,445.4,53.3,23.2,46.7,1242.0,0,Normal - Physics Aligned
1674179100,34.0522,-118.2437,469.8,54.5,29.4,33.7,1271.0,0,Normal - Physics Aligned
1674180000,34.0522,-118.2437,439.6,54.2,24.0,46.3,1246.0,0,Normal - Physics Aligned
1674180900,34.0522,-118.2437,448.9,50.4,20.7,51.0,1247.0,0,Normal - Physics Aligned
1674181800,34.0522,-118.2437,401.4,49.6,23.1,45.7,1167.0,0,Normal - Physics Aligned
1674182700,34.0522,-118.2437,448.3,54.8,24.1,44.1,414.0,1,Anomaly - Sensor Bagged
1674183600,34.0522,-118.2437,451.0,55.2,21.3,52.2,1268.0,0,Normal - Physics Aligned
1674184500,34.0522,-118.2437,453.2,55.9,22.1,48.0,1249.0,0,Normal - Physics Aligned
1674185400,34.0522,-118.2437,391.0,47.8,23.2,46.8,1171.0,0,Normal - Physics Aligned
1674186300,34.0522,-118.2437,443.8,52.4,24.4,43.7,1232.0,0,Normal - Physics Aligned
1674187200,34.0522,-118.2437,475.3,58.7,22.0,47.8,1277.0,0,Normal - Physics Aligned
1674188100,34.0522,-118.2437,436.0,51.0,25.5,41.3,1232.0,0,Normal - Physics Aligned
1674189000,34.0522,-118.2437,438.3,52.3,26.0,39.4,1221.0,0,Normal - Physics Aligned
1674189900,34.0522,-118.2437,445.0,57.9,27.8,38.4,1271.0,0,Normal - Physics Aligned
1674190800,34.0522,-118.2437,466.7,59.2,23.3,47.2,1271.0,0,Normal - Physics Aligned
1674191700,34.0522,-118.2437,457.5,54.9,22.9,46.9,1252.0,0,Normal - Physics Aligned
1674192600,34.0522,-118.2437,463.1,56.3,22.8,47.8,414.0,1,Anomaly - Sensor Bagged
1674193500,34.0522,-118.2437,456.2,52.9,25.2,42.8,1238.0,0,Normal - Physics Aligned
1674194400,34.0522,-118.2437,427.2,52.7,26.9,39.6,1213.0,0,Normal - Physics Aligned
1674195300,34.0522,-118.2437,470.6,55.4,24.8,44.2,1280.0,0,Normal - Physics Aligned
1674196200,34.0522,-118.2437,446.0,52.3,25.7,42.6,1249.0,0,Normal - Physics Aligned
1674197100,34.0522,-118.2437,438.6,53.5,23.5,46.7,1246.0,0,Normal - Physics Aligned
1674198000,34.0522,-118.2437,479.4,56.2,23.8,45.5,1288.0,0,Normal - Physics Aligned
1674198900,34.0522,-118.2437,459.5,56.7,25.5,48.0,417.0,1,Anomaly - Sensor Bagged
1674199800,34.0522,-118.2437,449.6,56.3,21.5,51.2,1241.0,0,Normal - Physics Aligned
1674200700,34.0522,-118.2437,445.0,53.8,23.2,49.7,410.0,1,Anomaly - Sensor Bagged
1674201600,34.0522,-118.2437,472.9,59.6,25.8,40.0,1270.0,0,Normal - Physics Aligned
1674202500,34.0522,-118.2437,467.2,59.9,26.1,40.9,1272.0,0,Normal - Physics Aligned
1674203400,34.0522,-118.2437,482.1,60.5,23.3,42.3,414.0,1,Anomaly - Sensor Bagged
1674204300,34.0522,-118.2437,481.4,61.7,23.6,46.2,1304.0,0,Normal - Physics Aligned
1674205200,34.0522,-118.2437,472.9,55.5,27.3,37.5,1264.0,0,Normal - Physics Aligned
1674206100,36.1627,-115.1398,435.0,50.0,20.9,29.3,408.0,1,Anomaly - Location Spoof
1674207000,34.0522,-118.2437,436.2,50.3,20.1,52.8,1221.0,0,Normal - Physics Aligned
1674207900,34.0522,-118.2437,455.0,55.0,25.0,40.5,1231.0,0,Normal - Physics Aligned
1674208800,34.0522,-118.2437,432.8,56.4,23.9,45.8,1240.0,0,Normal - Physics Aligned
1674209700,36.1627,-115.1398,414.8,51.4,21.4,26.4,398.0,1,Anomaly - Location Spoof
1674210600,34.0522,-118.2437,445.5,56.7,23.7,45.3,1255.0,0,Normal - Physics Aligned
1674211500,34.0522,-118.2437,462.7,55.6,25.7,41.4,1256.0,0,Normal - Physics Aligned
1674212400,34.0522,-118.2437,463.7,56.1,21.9,48.7,1288.0,0,Normal - Physics Aligned
1674213300,34.0522,-118.2437,455.0,54.1,28.0,40.4,1281.0,0,Normal - Physics Aligned
1674214200,36.1627,-115.1398,419.6,50.7,20.8,33.9,397.0,1,Anomaly - Location Spoof
1674215100,34.0522,-118.2437,458.4,51.7,25.7,42.0,1249.0,0,Normal - Physics Aligned
1674216000,34.0522,-118.2437,436.0,53.4,25.2,43.1,1243.0,0,Normal - Physics Aligned
1674216900,34.0522,-118.2437,435.0,51.0,25.4,42.9,1214.0,0,Normal - Physics Aligned
1674217800,34.0522,-118.2437,459.1,57.1,21.6,49.9,1264.0,0,Normal - Physics Aligned
1674218700,34.0522,-118.2437,436.8,52.7,20.2,53.5,1241.0,0,Normal - Physics Aligned
1674219600,34.0522,-118.2437,458.0,56.6,27.5,37.8,1248.0,0,Normal - Physics Aligned
1674220500,34.0522,-118.2437,450.2,52.2,24.8,43.6,1248.0,0,Normal - Physics Aligned
1674221400,34.0522,-118.2437,429.4,52.4,23.6,47.6,1232.0,0,Normal - Physics Aligned
1674222300,34.0522,-118.2437,440.5,56.5,29.1,34.7,1238.0,0,Normal - Physics Aligned
1674223200,34.0522,-118.2437,453.5,56.5,23.8,45.1,1257.0,0,Normal - Physics Aligned
1674224100,36.1627,-115.1398,398.5,48.6,20.4,31.8,393.0,1,Anomaly - Location Spoof
1674225000,34.0522,-118.2437,436.8,54.1,24.6,41.7,1210.0,0,Normal - Physics Aligned
1674225900,34.0522,-118.2437,436.0,50.9,29.7,46.0,393.0,1,Anomaly - Sensor Bagged
1674226800,34.0522,-118.2437,478.2,58.4,22.2,49.0,1290.0,0,Normal - Physics Aligned
1674227700,34.0522,-118.2437,447.3,53.0,23.7,45.7,1233.0,0,Normal - Physics Aligned
1674228600,36.1627,-115.1398,476.5,57.2,21.4,27.3,406.0,1,Anomaly - Location Spoof
1674229500,34.0522,-118.2437,429.0,54.0,24.0,49.3,414.0,1,Anomaly - Sensor Bagged
1674230400,34.0522,-118.2437,429.0,50.3,27.9,36.2,1203.0,0,Normal - Physics Aligned
1674231300,34.0522,-118.2437,454.4,55.6,26.5,39.5,1249.0,0,Normal - Physics Aligned
1674232200,34.0522,-118.2437,476.2,58.7,27.3,37.2,1271.0,0,Normal - Physics Aligned
1674233100,34.0522,-118.2437,457.3,56.2,26.9,39.7,1257.0,0,Normal - Physics Aligned
1674234000,34.0522,-118.2437,445.7,55.0,24.1,45.1,1241.0,0,Normal - Physics Aligned
1674234900,34.0522,-118.2437,428.1,50.1,22.9,45.9,1209.0,0,Normal - Physics Aligned
1674235800,34.0522,-118.2437,481.0,59.1,24.9,43.4,1297.0,0,Normal - Physics Aligned
1674236700,34.0522,-118.2437,436.1,52.8,22.9,47.0,1242.0,0,Normal - Physics Aligned
1674237600,34.0522,-118.2437,463.7,53.6,22.2,48.6,1249.0,0,Normal - Physics Aligned
1674238500,34.0522,-118.2437,459.6,55.6,19.4,52.8,1271.0,0,Normal - Physics Aligned
1674239400,34.0522,-118.2437,389.6,47.9,23.8,43.7,1154.0,0,Normal - Physics Aligned
1674240300,34.0522,-118.2437,392.6,49.5,26.1,41.0,1185.0,0,Normal - Physics Aligned
1674241200,34.0522,-118.2437,436.9,52.0,21.5,49.5,1219.0,0,Normal - Physics Aligned
1674242100,34.0522,-118.2437,435.1,48.1,27.4,38.6,1212.0,0,Normal - Physics Aligned
1674243000,34.0522,-118.2437,463.8,57.3,25.4,42.8,1278.0,0,Normal - Physics Aligned
1674243900,34.0522,-118.2437,463.6,57.8,25.6,42.8,1272.0,0,Normal - Physics Aligned
1674244800,34.0522,-118.2437,451.1,54.6,26.3,41.8,1269.0,0,Normal - Physics Aligned
1674245700,34.0522,-118.2437,450.9,55.8,19.9,53.1,1255.0,0,Normal - Physics Aligned
1674246600,34.0522,-118.2437,460.6,55.1,27.6,39.2,1261.0,0,Normal - Physics Aligned
1674247500,36.1627,-115.1398,469.9,57.2,20.7,28.0,403.0,1,Anomaly - Location Spoof
1674248400,34.0522,-118.2437,469.4,56.5,26.0,41.9,1282.0,0,Normal - Physics Aligned
1674249300,34.0522,-118.2437,494.8,62.0,28.2,37.6,1318.0,0,Normal - Physics Aligned
1674250200,34.0522,-118.2437,436.8,51.2,24.8,42.4,1223.0,0,Normal - Physics Aligned
1674251100,34.0522,-118.2437,448.6,53.5,24.9,43.4,1245.0,0,Normal - Physics Aligned
1674252000,34.0522,-118.2437,441.8,54.7,20.8,51.0,1236.0,0,Normal - Physics Aligned
1674252900,34.0522,-118.2437,433.1,53.0,24.4,44.7,1227.0,0,Normal - Physics Aligned
1674253800,34.0522,-118.2437,457.2,53.1,23.9,46.1,1252.0,0,Normal - Physics Aligned
1674254700,34.0522,-118.2437,459.0,58.4,21.3,50.3,1276.0,0,Normal - Physics Aligned
1674255600,34.0522,-118.2437,465.3,55.5,21.6,49.2,1273.0,0,Normal - Physics Aligned
1674256500,34.0522,-118.2437,407.8,52.1,25.5,43.3,1199.0,0,Normal - Physics Aligned
1674257400,34.0522,-118.2437,418.2,50.4,26.6,46.0,408.0,1,Anomaly - Sensor Bagged
1674258300,34.0522,-118.2437,412.7,46.2,23.5,45.4,1186.0,0,Normal - Physics Aligned
1674259200,34.0522,-118.2437,461.3,57.0,22.3,48.5,1272.0,0,Normal - Physics Aligned
1674260100,34.0522,-118.2437,423.9,52.8,23.6,45.7,1218.0,0,Normal - Physics Aligned
1674261000,34.0522,-118.2437,459.6,60.1,20.0,53.2,1293.0,0,Normal - Physics Aligned
1674261900,34.0522,-118.2437,432.4,53.0,22.0,48.0,1229.0,0,Normal - Physics Aligned
1674262800,34.0522,-118.2437,442.7,54.7,24.0,43.8,1238.0,0,Normal - Physics Aligned
1674263700,34.0522,-118.2437,451.9,55.2,25.3,44.9,1260.0,0,Normal - Physics Aligned
1674264600,36.1627,-115.1398,425.4,51.2,20.9,29.0,401.0,1,Anomaly - Location Spoof
1674265500,34.0522,-118.2437,445.6,53.7,22.2,49.3,1244.0,0,Normal - Physics Aligned
1674266400,34.0522,-118.2437,451.2,59.3,23.2,48.3,1274.0,0,Normal - Physics Aligned
1674267300,34.0522,-118.2437,437.6,55.1,20.0,52.3,1239.0,0,Normal - Physics Aligned
1674268200,34.0522,-118.2437,486.3,62.5,25.8,41.1,1324.0,0,Normal - Physics Aligned
1674269100,34.0522,-118.2437,438.0,53.5,24.1,42.6,401.0,1,Anomaly - Sensor Bagged
1674270000,34.0522,-118.2437,458.4,55.6,26.2,45.6,407.0,1,Anomaly - Sensor Bagged
1674270900,34.0522,-118.2437,455.5,56.0,23.0,46.4,1250.0,0,Normal - Physics Aligned
1674271800,34.0522,-118.2437,473.8,59.4,21.7,49.9,1291.0,0,Normal - Physics Aligned
1674272700,34.0522,-118.2437,431.4,56.4,24.2,42.9,1229.0,0,Normal - Physics Aligned
1674273600,34.0522,-118.2437,441.6,55.1,22.0,50.5,1269.0,0,Normal - Physics Aligned
1674274500,34.0522,-118.2437,447.3,55.9,25.3,46.2,401.0,1,Anomaly - Sensor Bagged
1674275400,34.0522,-118.2437,423.6,52.5,23.1,46.5,1212.0,0,Normal - Physics Aligned
1674276300,34.0522,-118.2437,444.9,58.7,20.7,50.8,1251.0,0,Normal - Physics Aligned
1674277200,34.0522,-118.2437,445.2,57.0,25.3,42.1,1250.0,0,Normal - Physics Aligned
1674278100,34.0522,-118.2437,420.7,51.2,23.7,45.1,1196.0,0,Normal - Physics Aligned
1674279000,34.0522,-118.2437,444.8,52.3,27.5,39.0,1257.0,0,Normal - Physics Aligned
1674279900,36.1627,-115.1398,452.0,54.7,20.8,31.9,414.0,1,Anomaly - Location Spoof
1674280800,34.0522,-118.2437,433.2,53.6,23.1,47.4,1248.0,0,Normal - Physics Aligned
1674281700,34.0522,-118.2437,449.2,59.4,22.8,46.2,1252.0,0,Normal - Physics Aligned
1674282600,34.0522,-118.2437,482.5,58.9,25.3,43.2,1312.0,0,Normal - Physics Aligned
1674283500,34.0522,-118.2437,450.8,54.9,26.6,38.6,1257.0,0,Normal - Physics Aligned
1674284400,34.0522,-118.2437,449.9,56.9,21.5,50.0,1253.0,0,Normal - Physics Aligned
1674285300,36.1627,-115.1398,460.4,59.9,21.0,29.9,405.0,1,Anomaly - Location Spoof
1674286200,34.0522,-118.2437,426.5,51.7,22.2,49.0,1212.0,0,Normal - Physics Aligned
1674287100,36.1627,-115.1398,431.2,54.5,22.1,31.3,400.0,1,Anomaly - Location Spoof
1674288000,34.0522,-118.2437,441.0,55.9,22.2,47.6,1231.0,0,Normal - Physics Aligned
1674288900,34.0522,-118.2437,470.2,60.0,23.2,49.1,1306.0,0,Normal - Physics Aligned
1674289800,34.0522,-118.2437,471.9,60.2,21.4,50.2,1292.0,0,Normal - Physics Aligned
1674290700,34.0522,-118.2437,433.4,53.7,23.4,48.5,1237.0,0,Normal - Physics Aligned
1674291600,34.0522,-118.2437,429.2,53.1,27.9,45.9,417.0,1,Anomaly - Sensor Bagged
1674292500,34.0522,-118.2437,425.6,53.0,19.1,53.4,1210.0,0,Normal - Physics Aligned
1674293400,34.0522,-118.2437,443.3,53.1,22.1,49.5,1248.0,0,Normal - Physics Aligned
1674294300,34.0522,-118.2437,463.0,56.8,24.2,45.5,1273.0,0,Normal - Physics Aligned
1674295200,34.0522,-118.2437,459.6,56.8,28.8,37.2,1283.0,0,Normal - Physics Aligned
1674296100,34.0522,-118.2437,442.7,54.8,25.3,43.2,1236.0,0,Normal - Physics Aligned
1674297000,34.0522,-118.2437,445.3,53.2,25.5,41.8,1233.0,0,Normal - Physics Aligned
1674297900,34.0522,-118.2437,461.2,56.3,24.9,44.4,1266.0,0,Normal - Physics Aligned
1674298800,34.0522,-118.2437,475.8,57.5,25.9,39.8,1266.0,0,Normal - Physics Aligned
1674299700,34.0522,-118.2437,455.8,56.7,26.1,40.7,1269.0,0,Normal - Physics Aligned
1674300600,34.0522,-118.2437,473.3,60.9,22.7,48.5,1302.0,0,Normal - Physics Aligned
1674301500,34.0522,-118.2437,432.0,50.3,24.9,44.6,416.0,1,Anomaly - Sensor Bagged
1674302400,34.0522,-118.2437,446.8,57.6,25.7,41.6,1253.0,0,Normal - Physics Aligned
1674303300,34.0522,-118.2437,475.9,55.5,23.8,44.4,1284.0,0,Normal - Physics Aligned
1674304200,34.0522,-118.2437,461.3,57.0,24.1,44.4,1260.0,0,Normal - Physics Aligned
1674305100,34.0522,-118.2437,448.2,52.7,22.9,47.6,1256.0,0,Normal - Physics Aligned
1674306000,34.0522,-118.2437,444.6,48.0,21.5,50.1,1223.0,0,Normal - Physics Aligned
1674306900,34.0522,-118.2437,446.4,53.1,22.7,47.7,1232.0,0,Normal - Physics Aligned
1674307800,34.0522,-118.2437,444.2,55.2,21.7,49.9,1241.0,0,Normal - Physics Aligned
1674308700,34.0522,-118.2437,469.4,56.7,21.1,51.3,1280.0,0,Normal - Physics Aligned
1674309600,34.0522,-118.2437,394.8,47.2,27.5,38.9,1182.0,0,Normal - Physics Aligned
1674310500,34.0522,-118.2437,447.4,56.5,24.2,45.4,1248.0,0,Normal - Physics Aligned
1674311400,34.0522,-118.2437,458.5,58.1,22.4,42.7,398.0,1,Anomaly - Sensor Bagged
1674312300,34.0522,-118.2437,457.8,57.3,21.6,51.1,1274.0,0,Normal - Physics Aligned
1674313200,34.0522,-118.2437,458.4,55.8,24.1,46.3,1278.0,0,Normal - Physics Aligned
1674314100,34.0522,-118.2437,462.0,56.0,26.9,39.3,1272.0,0,Normal - Physics Aligned
1674315000,34.0522,-118.2437,493.8,63.0,23.2,45.8,1318.0,0,Normal - Physics Aligned
1674315900,34.0522,-118.2437,447.5,53.3,24.2,43.6,1229.0,0,Normal - Physics Aligned
1674316800,34.0522,-118.2437,418.4,51.2,25.3,41.4,1192.0,0,Normal - Physics Aligned
1674317700,34.0522,-118.2437,458.7,55.6,21.1,50.4,1253.0,0,Normal - Physics Aligned
1674318600,34.0522,-118.2437,438.0,54.4,22.9,45.7,1215.0,0,Normal - Physics Aligned
1674319500,34.0522,-118.2437,426.1,50.6,27.0,40.3,1221.0,0,Normal - Physics Aligned
1674320400,34.0522,-118.2437,464.6,57.8,24.9,45.3,1281.0,0,Normal - Physics Aligned
1674321300,34.0522,-118.2437,444.5,54.7,22.4,48.2,1248.0,0,Normal - Physics Aligned
1674322200,34.0522,-118.2437,450.1,56.1,22.9,46.4,1243.0,0,Normal - Physics Aligned
1674323100,36.1627,-115.1398,457.1,53.4,21.1,28.1,398.0,1,Anomaly - Location Spoof
1674324000,34.0522,-118.2437,444.6,56.6,25.7,44.5,406.0,1,Anomaly - Sensor Bagged
1674324900,34.0522,-118.2437,486.1,57.4,22.8,49.0,1317.0,0,Normal - Physics Aligned
1674325800,34.0522,-118.2437,479.3,59.4,24.5,45.5,1299.0,0,Normal - Physics Aligned
1674326700,34.0522,-118.2437,411.7,49.7,25.1,42.2,1194.0,0,Normal - Physics Aligned
1674327600,36.1627,-115.1398,431.9,50.3,21.4,32.8,409.0,1,Anomaly - Location Spoof
1674328500,34.0522,-118.2437,434.1,54.7,22.1,47.5,1223.0,0,Normal - Physics Aligned
1674329400,36.1627,-115.1398,430.6,51.4,20.9,31.9,404.0,1,Anomaly - Location Spoof
1674330300,34.0522,-118.2437,451.1,55.5,23.9,45.3,1262.0,0,Normal - Physics Aligned
1674331200,34.0522,-118.2437,443.1,51.5,21.1,48.9,1227.0,0,Normal - Physics Aligned
1674332100,34.0522,-118.2437,433.5,53.2,25.0,50.0,399.0,1,Anomaly - Sensor Bagged
1674333000,34.0522,-118.2437,497.0,58.6,26.1,39.8,1309.0,0,Normal - Physics Aligned
1674333900,34.0522,-118.2437,470.0,55.0,20.5,50.6,1262.0,0,Normal - Physics Aligned
1674334800,36.1627,-115.1398,472.4,55.4,20.9,28.6,407.0,1,Anomaly - Location Spoof
1674335700,34.0522,-118.2437,456.1,56.9,22.7,49.1,1280.0,0,Normal - Physics Aligned
1674336600,36.1627,-115.1398,451.2,54.9,21.1,27.4,403.0,1,Anomaly - Location Spoof
1674337500,34.0522,-118.2437,440.3,52.7,22.1,46.3,404.0,1,Anomaly - Sensor Bagged
1674338400,34.0522,-118.2437,459.8,57.7,23.8,44.7,1265.0,0,Normal - Physics Aligned
1674339300,34.0522,-118.2437,470.8,62.1,25.4,41.8,1281.0,0,Normal - Physics Aligned
1674340200,36.1627,-115.1398,417.3,55.4,20.6,30.0,393.0,1,Anomaly - Location Spoof
1674341100,34.0522,-118.2437,406.2,49.0,21.1,52.0,1194.0,0,Normal - Physics Aligned
1674342000,34.0522,-118.2437,453.0,55.9,22.7,45.0,1249.0,0,Normal - Physics Aligned
1674342900,34.0522,-118.2437,477.5,59.8,26.8,38.9,1284.0,0,Normal - Physics Aligned
1674343800,34.0522,-118.2437,448.7,56.0,29.8,47.4,412.0,1,Anomaly - Sensor Bagged
1674344700,34.0522,-118.2437,462.6,59.0,25.8,40.7,1268.0,0,Normal - Physics Aligned
1674345600,34.0522,-118.2437,483.3,57.7,26.8,38.9,1291.0,0,Normal - Physics Aligned
1674346500,34.0522,-118.2437,444.6,53.7,27.7,36.2,1217.0,0,Normal - Physics Aligned
1674347400,34.0522,-118.2437,457.5,56.5,28.1,38.7,1278.0,0,Normal - Physics Aligned
1674348300,34.0522,-118.2437,452.5,54.1,26.7,38.8,1243.0,0,Normal - Physics Aligned
1674349200,34.0522,-118.2437,451.8,56.4,24.1,45.0,1262.0,0,Normal - Physics Aligned
1674350100,34.0522,-118.2437,461.8,55.5,26.3,40.1,1268.0,0,Normal - Physics Aligned
1674351000,34.0522,-118.2437,457.8,53.9,22.3,47.9,1231.0,0,Normal - Physics Aligned
1674351900,34.0522,-118.2437,441.6,52.0,27.3,45.6,397.0,1,Anomaly - Sensor Bagged
1674352800,34.0522,-118.2437,493.7,59.7,21.9,47.5,1289.0,0,Normal - Physics Aligned
1674353700,34.0522,-118.2437,473.8,55.9,25.5,44.5,1299.0,0,Normal - Physics Aligned
1674354600,34.0522,-118.2437,464.0,56.4,22.0,48.5,1254.0,0,Normal - Physics Aligned
1674355500,34.0522,-118.2437,493.8,59.6,22.4,48.6,1314.0,0,Normal - Physics Aligned
1674356400,34.0522,-118.2437,491.3,64.5,26.4,40.8,1322.0,0,Normal - Physics Aligned
1674357300,34.0522,-118.2437,460.8,55.0,22.8,46.9,1251.0,0,Normal - Physics Aligned
1674358200,34.0522,-118.2437,442.0,53.0,22.2,46.0,1218.0,0,Normal - Physics Aligned
1674359100,34.0522,-118.2437,435.1,54.6,25.0,42.9,1224.0,0,Normal - Physics Aligned
1674360000,34.0522,-118.2437,469.1,59.9,23.8,44.3,1276.0,0,Normal - Physics Aligned
1674360900,34.0522,-118.2437,468.9,55.9,24.5,44.9,1278.0,0,Normal - Physics Aligned
1674361800,34.0522,-118.2437,459.4,54.3,25.1,44.8,406.0,1,Anomaly - Sensor Bagged
1674362700,34.0522,-118.2437,465.3,60.4,23.3,49.8,408.0,1,Anomaly - Sensor Bagged
1674363600,34.0522,-118.2437,461.8,56.7,23.2,46.0,1263.0,0,Normal - Physics Aligned
1674364500,34.0522,-118.2437,466.8,57.4,25.6,40.0,1259.0,0,Normal - Physics Aligned
1674365400,34.0522,-118.2437,447.2,55.6,23.8,45.9,1245.0,0,Normal - Physics Aligned
1674366300,34.0522,-118.2437,448.5,58.2,22.1,46.7,1264.0,0,Normal - Physics Aligned
1674367200,36.1627,-115.1398,436.0,53.1,20.4,29.2,398.0,1,Anomaly - Location Spoof
1674368100,34.0522,-118.2437,444.8,53.6,20.8,50.6,1230.0,0,Normal - Physics Aligned
1674369000,34.0522,-118.2437,448.6,52.7,24.8,44.6,1244.0,0,Normal - Physics Aligned
1674369900,34.0522,-118.2437,484.1,60.3,25.6,43.1,1306.0,0,Normal - Physics Aligned
1674370800,34.0522,-118.2437,435.4,49.7,24.7,43.5,1218.0,0,Normal - Physics Aligned
1674371700,34.0522,-118.2437,472.3,55.9,26.3,40.5,1284.0,0,Normal - Physics Aligned
1674372600,34.0522,-118.2437,447.1,56.3,24.7,45.9,1271.0,0,Normal - Physics Aligned
1674373500,34.0522,-118.2437,428.5,53.2,26.0,42.4,1231.0,0,Normal - Physics Aligned
1674374400,34.0522,-118.2437,449.7,52.3,23.2,44.8,398.0,1,Anomaly - Sensor Bagged
1674375300,34.0522,-118.2437,439.7,54.6,25.8,40.6,1247.0,0,Normal - Physics Aligned
1674376200,34.0522,-118.2437,467.2,55.6,25.0,43.7,1288.0,0,Normal - Physics Aligned
1674377100,34.0522,-118.2437,447.7,58.9,25.3,41.9,1245.0,0,Normal - Physics Aligned
1674378000,34.0522,-118.2437,448.5,55.3,22.2,46.8,1239.0,0,Normal - Physics Aligned
1674378900,34.0522,-118.2437,438.1,53.7,21.7,48.1,1217.0,0,Normal - Physics Aligned
1674379800,36.1627,-115.1398,426.9,53.3,21.7,33.8,413.0,1,Anomaly - Location Spoof
1674380700,34.0522,-118.2437,452.8,59.7,23.2,46.3,1265.0,0,Normal - Physics Aligned
1674381600,34.0522,-118.2437,433.6,51.3,27.7,45.5,386.0,1,Anomaly - Sensor Bagged
1674382500,34.0522,-118.2437,448.0,54.7,24.7,45.6,1258.0,0,Normal - Physics Aligned
1674383400,34.0522,-118.2437,442.9,50.0,27.7,40.3,1246.0,0,Normal - Physics Aligned
1674384300,34.0522,-118.2437,450.6,56.2,25.1,40.2,1233.0,0,Normal - Physics Aligned
1674385200,34.0522,-118.2437,467.7,59.3,22.6,48.4,1292.0,0,Normal - Physics Aligned
1674386100,34.0522,-118.2437,455.3,55.8,23.3,44.1,1249.0,0,Normal - Physics Aligned
1674387000,34.0522,-118.2437,468.0,56.9,27.6,36.6,1280.0,0,Normal - Physics Aligned
1674387900,34.0522,-118.2437,463.7,60.3,27.8,37.8,1274.0,0,Normal - Physics Aligned
1674388800,34.0522,-118.2437,469.4,55.4,26.0,43.5,1282.0,0,Normal - Physics Aligned
1674389700,34.0522,-118.2437,449.2,56.2,23.4,48.6,1261.0,0,Normal - Physics Aligned
1674390600,34.0522,-118.2437,447.7,51.9,21.8,48.8,1235.0,0,Normal - Physics Aligned
1674391500,34.0522,-118.2437,451.2,53.4,23.6,46.9,1261.0,0,Normal - Physics Aligned
1674392400,34.0522,-118.2437,450.5,53.6,26.7,39.3,1259.0,0,Normal - Physics Aligned
1674393300,34.0522,-118.2437,434.4,53.2,26.2,43.4,1249.0,0,Normal - Physics Aligned
1674394200,34.0522,-118.2437,438.2,52.4,21.3,49.9,1223.0,0,Normal - Physics Aligned
1674395100,34.0522,-118.2437,436.0,54.1,19.6,53.9,1242.0,0,Normal - Physics Aligned
1674396000,34.0522,-118.2437,440.4,56.8,25.1,44.7,398.0,1,Anomaly - Sensor Bagged
1674396900,34.0522,-118.2437,479.7,60.7,17.1,56.4,1280.0,0,Normal - Physics Aligned
1674397800,34.0522,-118.2437,455.9,52.6,25.1,44.1,1261.0,0,Normal - Physics Aligned
1674398700,34.0522,-118.2437,466.2,55.9,24.5,43.5,1261.0,0,Normal - Physics Aligned
1674399600,34.0522,-118.2437,456.3,55.3,23.9,45.4,1248.0,0,Normal - Physics Aligned
1674400500,34.0522,-118.2437,459.4,51.4,22.6,47.2,1237.0,0,Normal - Physics Aligned
1674401400,34.0522,-118.2437,427.5,49.2,20.8,49.9,1192.0,0,Normal - Physics Aligned
1674402300,34.0522,-118.2437,470.9,59.5,24.8,46.1,408.0,1,Anomaly - Sensor Bagged
1674403200,34.0522,-118.2437,407.2,52.7,26.3,39.4,1184.0,0,Normal - Physics Aligned
1674404100,34.0522,-118.2437,478.0,60.4,25.0,42.1,1297.0,0,Normal - Physics Aligned
1674405000,34.0522,-118.2437,420.5,53.5,25.3,42.6,1212.0,0,Normal - Physics Aligned
1674405900,36.1627,-115.1398,460.8,56.7,21.3,29.9,388.0,1,Anomaly - Location Spoof
1674406800,34.0522,-118.2437,458.9,54.1,21.9,46.7,1238.0,0,Normal - Physics Aligned
1674407700,34.0522,-118.2437,453.7,58.2,24.8,43.1,1269.0,0,Normal - Physics Aligned
1674408600,34.0522,-118.2437,429.2,50.9,25.1,42.5,1219.0,0,Normal - Physics Aligned
1674409500,34.0522,-118.2437,467.5,52.9,25.6,42.9,1266.0,0,Normal - Physics Aligned
1674410400,36.1627,-115.1398,462.4,54.6,21.2,32.4,407.0,1,Anomaly - Location Spoof
1674411300,34.0522,-118.2437,465.4,58.1,22.9,49.4,1280.0,0,Normal - Physics Aligned
1674412200,34.0522,-118.2437,444.6,56.8,24.7,43.0,1228.0,0,Normal - Physics Aligned
1674413100,34.0522,-118.2437,465.0,56.2,23.8,46.6,1274.0,0,Normal - Physics Aligned
1674414000,34.0522,-118.2437,451.0,54.5,23.3,45.9,407.0,1,Anomaly - Sensor Bagged
1674414900,34.0522,-118.2437,461.6,56.1,22.2,47.9,1263.0,0,Normal - Physics Aligned
1674415800,34.0522,-118.2437,445.8,52.4,22.0,51.2,1261.0,0,Normal - Physics Aligned
1674416700,34.0522,-118.2437,463.8,56.8,24.2,45.8,1275.0,0,Normal - Physics Aligned
1674417600,34.0522,-118.2437,456.0,56.9,25.6,43.1,1278.0,0,Normal - Physics Aligned
1674418500,34.0522,-118.2437,430.1,50.5,22.7,48.7,1232.0,0,Normal - Physics Aligned
1674419400,34.0522,-118.2437,454.5,54.6,22.9,46.5,1252.0,0,Normal - Physics Aligned
1674420300,34.0522,-118.2437,401.3,50.2,20.2,54.1,1205.0,0,Normal - Physics Aligned
1674421200,34.0522,-118.2437,438.4,55.5,24.6,42.8,1247.0,0,Normal - Physics Aligned
1674422100,36.1627,-115.1398,426.9,50.7,22.1,27.5,396.0,1,Anomaly - Location Spoof
1674423000,34.0522,-118.2437,445.8,55.6,19.8,53.9,1259.0,0,Normal - Physics Aligned
1674423900,34.0522,-118.2437,443.9,57.7,25.1,42.4,1253.0,0,Normal - Physics Aligned
1674424800,34.0522,-118.2437,405.3,46.3,24.4,42.6,1169.0,0,Normal - Physics Aligned
1674425700,34.0522,-118.2437,459.9,57.7,24.2,46.1,402.0,1,Anomaly - Sensor Bagged
1674426600,34.0522,-118.2437,433.0,56.5,26.2,42.5,1247.0,0,Normal - Physics Aligned
1674427500,34.0522,-118.2437,467.4,60.0,26.6,43.7,410.0,1,Anomaly - Sensor Bagged
1674428400,34.0522,-118.2437,441.4,55.4,25.3,43.8,1250.0,0,Normal - Physics Aligned
1674429300,34.0522,-118.2437,439.4,53.6,25.2,46.4,395.0,1,Anomaly - Sensor Bagged
1674430200,34.0522,-118.2437,467.3,56.9,25.6,45.0,415.0,1,Anomaly - Sensor Bagged
1674431100,34.0522,-118.2437,439.9,54.9,21.3,50.0,1251.0,0,Normal - Physics Aligned
1674432000,34.0522,-118.2437,447.7,57.0,22.1,50.2,1267.0,0,Normal - Physics Aligned
1674432900,34.0522,-118.2437,456.5,56.1,23.7,47.4,1278.0,0,Normal - Physics Aligned
1674433800,34.0522,-118.2437,437.9,52.1,22.0,51.4,1241.0,0,Normal - Physics Aligned
1674434700,36.1627,-115.1398,439.0,54.5,20.9,27.0,415.0,1,Anomaly - Location Spoof
1674435600,34.0522,-118.2437,471.9,57.4,21.4,48.3,1272.0,0,Normal - Physics Aligned
1674436500,34.0522,-118.2437,453.0,55.6,29.1,35.4,1248.0,0,Normal - Physics Aligned
1674437400,34.0522,-118.2437,468.7,53.0,21.0,52.9,1268.0,0,Normal - Physics Aligned
1674438300,34.0522,-118.2437,489.1,59.3,26.2,40.4,1296.0,0,Normal - Physics Aligned
1674439200,34.0522,-118.2437,474.9,56.2,21.3,48.3,1259.0,0,Normal - Physics Aligned
1674440100,34.0522,-118.2437,466.4,56.1,23.5,45.1,1254.0,0,Normal - Physics Aligned
1674441000,34.0522,-118.2437,453.9,55.5,21.9,47.5,1252.0,0,Normal - Physics Aligned
1674441900,34.0522,-118.2437,471.7,57.4,25.3,42.3,1263.0,0,Normal - Physics Aligned
1674442800,34.0522,-118.2437,464.2,56.7,28.2,36.7,1264.0,0,Normal - Physics Aligned
1674443700,34.0522,-118.2437,469.5,61.7,22.4,47.8,1283.0,0,Normal - Physics Aligned
1674444600,34.0522,-118.2437,463.1,56.7,24.5,41.4,1251.0,0,Normal - Physics Aligned
1674445500,34.0522,-118.2437,450.0,55.3,27.7,35.8,1236.0,0,Normal - Physics Aligned
1674446400,34.0522,-118.2437,472.7,57.5,23.9,52.3,408.0,1,Anomaly - Sensor Bagged
1674447300,34.0522,-118.2437,459.6,56.2,23.5,45.7,1264.0,0,Normal - Physics Aligned
1674448200,34.0522,-118.2437,457.6,54.3,23.3,46.0,1255.0,0,Normal - Physics Aligned
1674449100,34.0522,-118.2437,454.8,57.9,26.1,43.1,1270.0,0,Normal - Physics Aligned
1674450000,34.0522,-118.2437,491.7,59.0,27.5,38.3,1308.0,0,Normal - Physics Aligned
1674450900,34.0522,-118.2437,478.0,58.8,25.9,45.2,408.0,1,Anomaly - Sensor Bagged
1674451800,34.0522,-118.2437,430.3,54.7,26.2,39.3,1212.0,0,Normal - Physics Aligned
1674452700,34.0522,-118.2437,430.8,53.1,24.3,44.1,1221.0,0,Normal - Physics Aligned
1674453600,34.0522,-118.2437,437.6,51.2,21.0,50.0,1228.0,0,Normal - Physics Aligned
1674454500,34.0522,-118.2437,402.7,50.8,23.1,46.9,1196.0,0,Normal - Physics Aligned
1674455400,34.0522,-118.2437,432.9,51.9,24.7,44.1,1231.0,0,Normal - Physics Aligned
1674456300,34.0522,-118.2437,422.4,52.4,22.7,50.1,414.0,1,Anomaly - Sensor Bagged
1674457200,34.0522,-118.2437,444.5,56.0,22.0,47.6,1239.0,0,Normal - Physics Aligned
1674458100,34.0522,-118.2437,446.1,52.9,23.8,44.9,1250.0,0,Normal - Physics Aligned
1674459000,34.0522,-118.2437,441.2,55.7,22.4,49.8,1268.0,0,Normal - Physics Aligned
1674459900,36.1627,-115.1398,441.7,52.5,21.2,30.5,406.0,1,Anomaly - Location Spoof
1674460800,34.0522,-118.2437,446.3,57.3,24.7,42.4,1258.0,0,Normal - Physics Aligned
1674461700,34.0522,-118.2437,423.7,50.7,24.5,42.4,1207.0,0,Normal - Physics Aligned
1674462600,36.1627,-115.1398,445.2,51.1,21.4,28.5,401.0,1,Anomaly - Location Spoof
1674463500,34.0522,-118.2437,471.6,57.4,26.3,40.5,1290.0,0,Normal - Physics Aligned
1674464400,34.0522,-118.2437,448.7,58.3,27.6,45.6,398.0,1,Anomaly - Sensor Bagged
1674465300,34.0522,-118.2437,482.5,58.8,22.6,49.1,1297.0,0,Normal - Physics Aligned
1674466200,34.0522,-118.2437,455.8,53.8,27.6,38.2,1250.0,0,Normal - Physics Aligned
1674467100,34.0522,-118.2437,453.0,55.2,23.3,47.0,1253.0,0,Normal - Physics Aligned
1674468000,34.0522,-118.2437,441.3,55.1,28.3,37.1,1248.0,0,Normal - Physics Aligned
1674468900,34.0522,-118.2437,444.3,54.7,23.3,45.5,1247.0,0,Normal - Physics Aligned
1674469800,34.0522,-118.2437,436.4,55.9,23.1,46.8,1228.0,0,Normal - Physics Aligned
1674470700,34.0522,-118.2437,439.9,52.6,26.1,42.5,1241.0,0,Normal - Physics Aligned
1674471600,34.0522,-118.2437,466.1,57.5,24.9,44.7,1286.0,0,Normal - Physics Aligned
1674472500,34.0522,-118.2437,452.2,56.3,24.2,45.0,1260.0,0,Normal - Physics Aligned
1674473400,34.0522,-118.2437,466.6,56.6,22.9,41.4,400.0,1,Anomaly - Sensor Bagged
1674474300,34.0522,-118.2437,475.9,58.5,25.1,42.0,1284.0,0,Normal - Physics Aligned
1674475200,34.0522,-118.2437,451.6,58.6,26.6,40.6,1263.0,0,Normal - Physics Aligned
1674476100,34.0522,-118.2437,439.5,56.3,21.2,49.8,1231.0,0,Normal - Physics Aligned
1674477000,34.0522,-118.2437,426.8,54.8,25.5,42.4,1219.0,0,Normal - Physics Aligned
1674477900,34.0522,-118.2437,479.0,59.2,22.0,48.3,1284.0,0,Normal - Physics Aligned
1674478800,34.0522,-118.2437,458.4,55.5,21.6,49.7,1248.0,0,Normal - Physics Aligned
1674479700,34.0522,-118.2437,435.7,53.0,25.1,43.6,1242.0,0,Normal - Physics Aligned
1674480600,34.0522,-118.2437,458.1,57.6,25.0,42.6,1254.0,0,Normal - Physics Aligned
1674481500,34.0522,-118.2437,430.0,53.2,23.4,47.0,1232.0,0,Normal - Physics Aligned
1674482400,34.0522,-118.2437,458.9,56.8,25.0,43.8,1274.0,0,Normal - Physics Aligned
1674483300,34.0522,-118.2437,427.5,54.4,22.7,48.6,1227.0,0,Normal - Physics Aligned
1674484200,34.0522,-118.2437,430.6,54.6,24.9,43.1,1236.0,0,Normal - Physics Aligned
1674485100,34.0522,-118.2437,462.7,56.5,23.4,48.5,1281.0,0,Normal - Physics Aligned
1674486000,34.0522,-118.2437,442.7,54.0,23.2,47.1,1235.0,0,Normal - Physics Aligned
1674486900,34.0522,-118.2437,442.9,53.6,20.7,51.3,1238.0,0,Normal - Physics Aligned
1674487800,34.0522,-118.2437,403.6,49.0,19.7,52.8,1175.0,0,Normal - Physics Aligned
1674488700,34.0522,-118.2437,420.9,48.3,23.4,45.8,1191.0,0,Normal - Physics Aligned
1674489600,34.0522,-118.2437,427.3,52.5,22.5,48.0,1212.0,0,Normal - Physics Aligned
1674490500,34.0522,-118.2437,438.9,53.6,23.8,46.6,1243.0,0,Normal - Physics Aligned
1674491400,34.0522,-118.2437,458.5,57.0,23.0,45.5,1241.0,0,Normal - Physics Aligned
1674492300,34.0522,-118.2437,442.4,50.8,25.6,40.6,1215.0,0,Normal - Physics Aligned
1674493200,34.0522,-118.2437,417.7,50.8,24.4,44.5,1217.0,0,Normal - Physics Aligned
1674494100,34.0522,-118.2437,457.2,58.4,24.4,44.1,1275.0,0,Normal - Physics Aligned
1674495000,34.0522,-118.2437,457.7,52.5,23.0,46.9,1247.0,0,Normal - Physics Aligned
1674495900,34.0522,-118.2437,432.8,52.3,22.7,42.4,393.0,1,Anomaly - Sensor Bagged
1674496800,34.0522,-118.2437,435.2,50.8,23.7,44.7,1225.0,0,Normal - Physics Aligned
1674497700,34.0522,-118.2437,427.5,54.9,25.1,45.5,1247.0,0,Normal - Physics Aligned
1674498600,34.0522,-118.2437,422.6,55.2,26.4,39.5,1205.0,0,Normal - Physics Aligned
1674499500,36.1627,-115.1398,445.7,52.6,20.6,28.8,406.0,1,Anomaly - Location Spoof
1674500400,34.0522,-118.2437,434.1,55.1,21.0,49.8,1221.0,0,Normal - Physics Aligned
1674501300,34.0522,-118.2437,460.6,53.7,24.4,43.3,1245.0,0,Normal - Physics Aligned
1674502200,34.0522,-118.2437,427.9,55.1,23.4,44.7,1220.0,0,Normal - Physics Aligned
1674503100,36.1627,-115.1398,451.6,53.2,21.0,30.9,409.0,1,Anomaly - Location Spoof
1674504000,34.0522,-118.2437,445.1,52.0,19.3,56.5,1261.0,0,Normal - Physics Aligned
1674504900,34.0522,-118.2437,439.9,51.0,29.8,32.8,1217.0,0,Normal - Physics Aligned
1674505800,36.1627,-115.1398,441.0,56.3,20.6,26.2,410.0,1,Anomaly - Location Spoof
1674506700,34.0522,-118.2437,446.9,56.3,27.5,38.3,1244.0,0,Normal - Physics Aligned
1674507600,34.0522,-118.2437,452.8,53.2,23.4,45.5,1237.0,0,Normal - Physics Aligned
1674508500,34.0522,-118.2437,465.4,55.7,27.8,37.3,1281.0,0,Normal - Physics Aligned
1674509400,34.0522,-118.2437,449.2,54.1,20.1,54.6,1259.0,0,Normal - Physics Aligned
1674510300,34.0522,-118.2437,429.3,48.9,24.2,44.5,1205.0,0,Normal - Physics Aligned
1674511200,34.0522,-118.2437,442.5,54.5,25.1,41.8,1235.0,0,Normal - Physics Aligned
1674512100,34.0522,-118.2437,442.7,53.5,21.7,51.5,1257.0,0,Normal - Physics Aligned
1674513000,34.0522,-118.2437,458.6,61.0,22.5,48.1,1289.0,0,Normal - Physics Aligned
1674513900,34.0522,-118.2437,454.5,56.0,23.2,45.6,1259.0,0,Normal - Physics Aligned
1674514800,34.0522,-118.2437,443.4,50.3,21.2,50.7,1229.0,0,Normal - Physics Aligned
1674515700,34.0522,-118.2437,455.1,51.9,25.4,42.4,1248.0,0,Normal - Physics Aligned
1674516600,34.0522,-118.2437,492.0,59.0,28.4,35.8,1302.0,0,Normal - Physics Aligned
1674517500,34.0522,-118.2437,411.0,50.4,26.1,52.3,413.0,1,Anomaly - Sensor Bagged
1674518400,34.0522,-118.2437,481.0,57.2,24.5,44.8,1300.0,0,Normal - Physics Aligned
1674519300,34.0522,-118.2437,434.7,52.3,23.3,46.2,1224.0,0,Normal - Physics Aligned
1674520200,34.0522,-118.2437,447.3,55.9,26.1,42.6,1266.0,0,Normal - Physics Aligned
1674521100,34.0522,-118.2437,441.8,55.9,23.2,44.4,1233.0,0,Normal - Physics Aligned
1674522000,34.0522,-118.2437,473.8,60.5,29.8,34.8,1297.0,0,Normal - Physics Aligned
1674522900,34.0522,-118.2437,433.1,55.0,25.1,42.1,1222.0,0,Normal - Physics Aligned
1674523800,34.0522,-118.2437,464.0,56.9,27.0,45.8,392.0,1,Anomaly - Sensor Bagged
1674524700,34.0522,-118.2437,431.0,55.8,22.7,49.3,1235.0,0,Normal - Physics Aligned
1674525600,34.0522,-118.2437,442.0,52.6,25.1,43.8,1234.0,0,Normal - Physics Aligned
1674526500,34.0522,-118.2437,437.8,55.3,23.0,47.6,1248.0,0,Normal - Physics Aligned
1674527400,34.0522,-118.2437,476.0,57.5,22.3,47.3,1280.0,0,Normal - Physics Aligned
1674528300,34.0522,-118.2437,422.3,53.9,24.1,47.8,403.0,1,Anomaly - Sensor Bagged
1674529200,34.0522,-118.2437,429.6,54.8,24.8,43.6,1221.0,0,Normal - Physics Aligned
1674530100,34.0522,-118.2437,462.4,57.7,24.0,44.8,1260.0,0,Normal - Physics Aligned
1674531000,34.0522,-118.2437,425.8,54.3,21.6,50.8,1224.0,0,Normal - Physics Aligned
1674531900,34.0522,-118.2437,464.8,59.0,24.9,43.6,1290.0,0,Normal - Physics Aligned
1674532800,34.0522,-118.2437,460.9,58.3,21.3,49.2,1259.0,0,Normal - Physics Aligned
1674533700,34.0522,-118.2437,436.1,57.5,23.0,51.6,415.0,1,Anomaly - Sensor Bagged
1674534600,34.0522,-118.2437,476.7,56.1,21.6,49.2,1287.0,0,Normal - Physics Aligned
1674535500,34.0522,-118.2437,442.5,52.0,25.6,53.7,392.0,1,Anomaly - Sensor Bagged
1674536400,34.0522,-118.2437,453.5,54.9,22.7,48.6,1259.0,0,Normal - Physics Aligned
1674537300,34.0522,-118.2437,460.5,54.0,23.1,47.1,1259.0,0,Normal - Physics Aligned
1674538200,34.0522,-118.2437,463.0,53.9,25.2,40.9,1252.0,0,Normal - Physics Aligned
1674539100,34.0522,-118.2437,462.6,56.2,20.3,51.7,1259.0,0,Normal - Physics Aligned
1674540000,34.0522,-118.2437,474.6,58.9,25.3,40.0,1274.0,0,Normal - Physics Aligned
1674540900,34.0522,-118.2437,462.8,56.4,19.7,53.0,1266.0,0,Normal - Physics Aligned
1674541800,34.0522,-118.2437,423.4,48.6,26.5,45.7,424.0,1,Anomaly - Sensor Bagged
1674542700,34.0522,-118.2437,444.9,54.9,27.0,40.2,1253.0,0,Normal - Physics Aligned
1674543600,34.0522,-118.2437,439.9,53.6,22.6,48.9,1244.0,0,Normal - Physics Aligned
1674544500,34.0522,-118.2437,475.7,57.0,26.2,39.8,1273.0,0,Normal - Physics Aligned
1674545400,34.0522,-118.2437,448.8,51.9,23.8,44.0,1224.0,0,Normal - Physics Aligned
1674546300,34.0522,-118.2437,471.0,58.5,23.1,48.8,1291.0,0,Normal - Physics Aligned
1674547200,36.1627,-115.1398,449.7,52.4,21.1,30.6,400.0,1,Anomaly - Location Spoof
1674548100,34.0522,-118.2437,447.9,53.6,24.5,43.4,1248.0,0,Normal - Physics Aligned
1674549000,34.0522,-118.2437,469.2,55.6,21.7,44.9,410.0,1,Anomaly - Sensor Bagged
1674549900,34.0522,-118.2437,396.1,49.2,22.9,48.5,1181.0,0,Normal - Physics Aligned
1674550800,34.0522,-118.2437,488.8,58.6,24.5,44.3,402.0,1,Anomaly - Sensor Bagged
1674551700,34.0522,-118.2437,483.6,61.8,25.7,39.9,1281.0,0,Normal - Physics Aligned
1674552600,36.1627,-115.1398,457.7,55.3,21.2,27.3,414.0,1,Anomaly - Location Spoof
1674553500,34.0522,-118.2437,464.7,53.0,23.6,45.5,1245.0,0,Normal - Physics Aligned
1674554400,34.0522,-118.2437,423.2,51.3,18.9,54.5,1209.0,0,Normal - Physics Aligned
1674555300,34.0522,-118.2437,436.9,55.7,21.1,51.2,1236.0,0,Normal - Physics Aligned
1674556200,34.0522,-118.2437,420.7,53.5,22.1,48.6,1218.0,0,Normal - Physics Aligned
1674557100,34.0522,-118.2437,455.3,54.1,24.4,42.4,1254.0,0,Normal - Physics Aligned
1674558000,34.0522,-118.2437,455.1,53.7,22.5,48.6,1254.0,0,Normal - Physics Aligned
1674558900,34.0522,-118.2437,429.4,53.8,24.2,42.9,1205.0,0,Normal - Physics Aligned
1674559800,34.0522,-118.2437,434.3,51.4,21.8,50.4,1238.0,0,Normal - Physics Aligned
1674560700,36.1627,-115.1398,455.7,57.2,20.8,27.6,405.0,1,Anomaly - Location Spoof
1674561600,34.0522,-118.2437,458.8,59.5,24.7,43.5,1275.0,0,Normal - Physics Aligned
1674562500,34.0522,-118.2437,457.2,56.8,25.8,39.0,1239.0,0,Normal - Physics Aligned
1674563400,34.0522,-118.2437,452.7,57.3,22.4,49.4,1269.0,0,Normal - Physics Aligned
1674564300,34.0522,-118.2437,466.0,57.1,23.5,49.3,402.0,1,Anomaly - Sensor Bagged
1674565200,34.0522,-118.2437,438.0,56.3,24.5,44.2,1249.0,0,Normal - Physics Aligned
1674566100,34.0522,-118.2437,443.3,58.0,24.8,43.6,1244.0,0,Normal - Physics Aligned
1674567000,34.0522,-118.2437,415.8,51.4,24.5,44.2,1204.0,0,Normal - Physics Aligned
1674567900,34.0522,-118.2437,478.4,59.6,24.9,43.9,1305.0,0,Normal - Physics Aligned
1674568800,34.0522,-118.2437,444.9,53.8,21.1,48.2,1220.0,0,Normal - Physics Aligned
1674569700,34.0522,-118.2437,485.5,60.6,23.8,45.3,1314.0,0,Normal - Physics Aligned
1674570600,34.0522,-118.2437,472.1,56.8,25.0,43.1,1261.0,0,Normal - Physics Aligned
1674571500,34.0522,-118.2437,465.8,57.5,25.4,40.5,1251.0,0,Normal - Physics Aligned
1674572400,34.0522,-118.2437,493.1,56.4,20.2,52.1,1303.0,0,Normal - Physics Aligned
1674573300,34.0522,-118.2437,483.5,59.9,23.5,46.9,1311.0,0,Normal - Physics Aligned
1674574200,34.0522,-118.2437,443.4,56.3,23.4,46.2,1237.0,0,Normal - Physics Aligned
1674575100,34.0522,-118.2437,473.6,59.7,24.5,44.6,426.0,1,Anomaly - Sensor Bagged
1674576000,34.0522,-118.2437,478.8,59.7,26.4,43.9,1316.0,0,Normal - Physics Aligned
1674576900,34.0522,-118.2437,454.8,58.9,25.4,42.7,1278.0,0,Normal - Physics Aligned
1674577800,34.0522,-118.2437,463.2,58.1,26.5,39.1,1258.0,0,Normal - Physics Aligned
1674578700,34.0522,-118.2437,434.5,52.4,24.8,43.6,1218.0,0,Normal - Physics Aligned
1674579600,34.0522,-118.2437,485.8,61.3,26.5,42.1,1308.0,0,Normal - Physics Aligned
1674580500,34.0522,-118.2437,463.1,55.2,27.1,43.4,406.0,1,Anomaly - Sensor Bagged
1674581400,34.0522,-118.2437,446.1,52.6,21.0,51.6,1232.0,0,Normal - Physics Aligned
1674582300,34.0522,-118.2437,435.9,53.4,21.0,49.8,1216.0,0,Normal - Physics Aligned
1674583200,34.0522,-118.2437,435.4,50.8,21.1,48.9,1220.0,0,Normal - Physics Aligned
1674584100,34.0522,-118.2437,454.4,55.0,26.2,40.0,1240.0,0,Normal - Physics Aligned
1674585000,34.0522,-118.2437,486.4,61.4,21.7,48.1,1293.0,0,Normal - Physics Aligned
1674585900,34.0522,-118.2437,474.6,58.8,23.0,46.6,1286.0,0,Normal - Physics Aligned
1674586800,34.0522,-118.2437,450.0,57.4,18.0,56.6,1252.0,0,Normal - Physics Aligned
1674587700,34.0522,-118.2437,490.1,61.4,25.9,41.5,1298.0,0,Normal - Physics Aligned
1674588600,34.0522,-118.2437,486.3,57.7,24.5,43.3,1282.0,0,Normal - Physics Aligned
1674589500,34.0522,-118.2437,455.1,56.6,28.2,45.5,391.0,1,Anomaly - Sensor Bagged
1674590400,34.0522,-118.2437,477.3,59.9,28.7,37.6,1290.0,0,Normal - Physics Aligned
1674591300,34.0522,-118.2437,474.9,60.3,22.7,47.7,1292.0,0,Normal - Physics Aligned
1674592200,34.0522,-118.2437,427.4,54.6,27.1,40.0,1233.0,0,Normal - Physics Aligned
1674593100,36.1627,-115.1398,416.0,50.7,20.8,28.7,401.0,1,Anomaly - Location Spoof
1674594000,34.0522,-118.2437,440.5,53.9,24.6,42.8,1231.0,0,Normal - Physics Aligned
1674594900,34.0522,-118.2437,462.3,54.5,23.6,45.2,1272.0,0,Normal - Physics Aligned
1674595800,34.0522,-118.2437,436.6,53.4,26.0,40.7,1232.0,0,Normal - Physics Aligned
1674596700,34.0522,-118.2437,426.1,53.5,23.6,44.6,1214.0,0,Normal - Physics Aligned
1674597600,34.0522,-118.2437,460.0,59.5,22.4,46.6,1264.0,0,Normal - Physics Aligned
1674598500,34.0522,-118.2437,457.2,52.9,25.3,39.6,1233.0,0,Normal - Physics Aligned
1674599400,34.0522,-118.2437,481.5,59.5,25.2,42.3,1295.0,0,Normal - Physics Aligned
1674600300,34.0522,-118.2437,463.8,57.7,27.0,40.5,1288.0,0,Normal - Physics Aligned
1674601200,34.0522,-118.2437,446.3,53.0,22.6,48.7,1251.0,0,Normal - Physics Aligned
1674602100,34.0522,-118.2437,426.0,49.7,21.2,50.5,1215.0,0,Normal - Physics Aligned
1674603000,34.0522,-118.2437,457.9,59.8,25.6,41.0,1251.0,0,Normal - Physics Aligned
1674603900,34.0522,-118.2437,441.9,54.1,19.9,51.6,1226.0,0,Normal - Physics Aligned
1674604800,36.1627,-115.1398,436.3,52.7,20.9,25.4,405.0,1,Anomaly - Location Spoof
1674605700,34.0522,-118.2437,453.2,55.5,23.3,45.4,1254.0,0,Normal - Physics Aligned
1674606600,34.0522,-118.2437,442.1,58.3,20.5,41.6,400.0,1,Anomaly - Sensor Bagged
1674607500,34.0522,-118.2437,473.8,58.4,22.1,50.9,1290.0,0,Normal - Physics Aligned
1674608400,36.1627,-115.1398,411.2,52.3,20.7,30.5,397.0,1,Anomaly - Location Spoof
1674609300,34.0522,-118.2437,464.4,58.2,25.8,44.7,408.0,1,Anomaly - Sensor Bagged
1674610200,34.0522,-118.2437,480.1,60.2,25.4,43.0,1292.0,0,Normal - Physics Aligned
1674611100,34.0522,-118.2437,412.6,51.3,23.0,46.3,1201.0,0,Normal - Physics Aligned
1674612000,34.0522,-118.2437,450.7,53.1,26.1,41.3,1261.0,0,Normal - Physics Aligned
1674612900,34.0522,-118.2437,455.6,57.5,23.6,44.6,1250.0,0,Normal - Physics Aligned
1674613800,34.0522,-118.2437,470.2,57.8,24.7,43.2,1286.0,0,Normal - Physics Aligned
1674614700,34.0522,-118.2437,473.8,58.6,26.2,50.4,395.0,1,Anomaly - Sensor Bagged
1674615600,34.0522,-118.2437,468.9,57.3,24.4,42.5,1269.0,0,Normal - Physics Aligned
1674616500,36.1627,-115.1398,434.2,53.0,20.3,29.4,415.0,1,Anomaly - Location Spoof
1674617400,34.0522,-118.2437,423.7,51.4,29.0,35.4,1220.0,0,Normal - Physics Aligned
1674618300,34.0522,-118.2437,427.4,53.2,22.9,47.9,1203.0,0,Normal - Physics Aligned
1674619200,34.0522,-118.2437,447.7,56.4,24.2,46.2,1258.0,0,Normal - Physics Aligned
1674620100,34.0522,-118.2437,436.4,52.8,25.6,42.9,1249.0,0,Normal - Physics Aligned
1674621000,34.0522,-118.2437,456.3,57.1,24.0,46.8,412.0,1,Anomaly - Sensor Bagged
1674621900,34.0522,-118.2437,440.8,51.0,24.0,46.3,1249.0,0,Normal - Physics Aligned
1674622800,34.0522,-118.2437,455.7,55.1,23.9,41.3,1221.0,0,Normal - Physics Aligned
1674623700,34.0522,-118.2437,443.7,55.6,23.6,39.1,406.0,1,Anomaly - Sensor Bagged
1674624600,34.0522,-118.2437,442.1,53.0,29.5,34.5,1246.0,0,Normal - Physics Aligned
1674625500,34.0522,-118.2437,461.2,55.5,27.0,42.1,1271.0,0,Normal - Physics Aligned
1674626400,34.0522,-118.2437,458.1,60.4,25.9,42.7,1288.0,0,Normal - Physics Aligned
1674627300,34.0522,-118.2437,457.8,54.8,21.0,50.8,1267.0,0,Normal - Physics Aligned
1674628200,34.0522,-118.2437,452.2,58.0,22.5,48.4,1248.0,0,Normal - Physics Aligned
1674629100,34.0522,-118.2437,463.1,55.0,27.9,37.8,1261.0,0,Normal - Physics Aligned
1674630000,34.0522,-118.2437,409.2,51.3,20.8,46.1,413.0,1,Anomaly - Sensor Bagged
1674630900,34.0522,-118.2437,447.6,54.0,21.8,48.8,1245.0,0,Normal - Physics Aligned
1674631800,34.0522,-118.2437,463.9,56.9,24.6,43.8,1263.0,0,Normal - Physics Aligned
1674632700,34.0522,-118.2437,441.9,56.7,28.7,43.5,397.0,1,Anomaly - Sensor Bagged
1674633600,34.0522,-118.2437,487.5,57.4,23.5,45.1,1294.0,0,Normal - Physics Aligned
1674634500,34.0522,-118.2437,437.4,53.7,22.0,47.4,1220.0,0,Normal - Physics Aligned
1674635400,34.0522,-118.2437,467.7,58.0,22.5,46.2,1258.0,0,Normal - Physics Aligned
1674636300,34.0522,-118.2437,466.6,57.3,23.4,46.3,1275.0,0,Normal - Physics Aligned
1674637200,34.0522,-118.2437,406.5,49.8,25.2,43.4,1191.0,0,Normal - Physics Aligned
1674638100,34.0522,-118.2437,422.7,52.2,21.8,49.6,1227.0,0,Normal - Physics Aligned
1674639000,34.0522,-118.2437,458.5,53.5,28.6,35.6,1244.0,0,Normal - Physics Aligned
1674639900,34.0522,-118.2437,466.6,57.9,20.5,51.7,1282.0,0,Normal - Physics Aligned
1674640800,34.0522,-118.2437,447.5,54.7,21.5,50.0,1245.0,0,Normal - Physics Aligned
1674641700,34.0522,-118.2437,458.3,52.4,21.4,49.3,1248.0,0,Normal - Physics Aligned
1674642600,34.0522,-118.2437,467.3,56.8,20.6,52.8,1287.0,0,Normal - Physics Aligned
1674643500,34.0522,-118.2437,430.5,50.6,25.4,42.1,1225.0,0,Normal - Physics Aligned
1674644400,34.0522,-118.2437,443.7,50.8,23.1,47.0,1233.0,0,Normal - Physics Aligned
1674645300,34.0522,-118.2437,422.4,55.3,25.0,42.6,1216.0,0,Normal - Physics Aligned
1674646200,34.0522,-118.2437,438.7,53.2,21.7,47.8,1205.0,0,Normal - Physics Aligned
1674647100,34.0522,-118.2437,450.1,54.5,23.4,44.7,1238.0,0,Normal - Physics Aligned
1674648000,34.0522,-118.2437,446.5,55.9,24.8,45.5,1270.0,0,Normal - Physics Aligned
1674648900,34.0522,-118.2437,450.4,53.8,25.7,47.0,417.0,1,Anomaly - Sensor Bagged
1674649800,34.0522,-118.2437,480.0,56.6,20.8,52.5,1288.0,0,Normal - Physics Aligned
1674650700,34.0522,-118.2437,442.0,56.1,24.7,42.5,1239.0,0,Normal - Physics Aligned
1674651600,34.0522,-118.2437,441.9,53.0,26.6,40.0,1241.0,0,Normal - Physics Aligned
1674652500,34.0522,-118.2437,404.9,49.5,23.4,45.6,1180.0,0,Normal - Physics Aligned
1674653400,36.1627,-115.1398,412.6,50.8,21.5,30.0,405.0,1,Anomaly - Location Spoof
1674654300,34.0522,-118.2437,453.3,58.5,21.7,49.0,1245.0,0,Normal - Physics Aligned
1674655200,34.0522,-118.2437,452.5,57.8,25.8,41.2,1248.0,0,Normal - Physics Aligned
1674656100,34.0522,-118.2437,452.7,55.2,25.2,42.4,1251.0,0,Normal - Physics Aligned
1674657000,34.0522,-118.2437,479.5,61.8,28.1,37.5,1310.0,0,Normal - Physics Aligned
1674657900,34.0522,-118.2437,458.3,57.4,22.8,47.3,1271.0,0,Normal - Physics Aligned
1674658800,34.0522,-118.2437,447.4,54.4,25.2,41.0,1235.0,0,Normal - Physics Aligned
1674659700,34.0522,-118.2437,475.3,59.5,24.7,45.4,1310.0,0,Normal - Physics Aligned
1674660600,34.0522,-118.2437,434.7,51.1,26.5,39.0,1221.0,0,Normal - Physics Aligned
1674661500,34.0522,-118.2437,465.8,59.7,26.3,41.5,1276.0,0,Normal - Physics Aligned
1674662400,34.0522,-118.2437,421.1,50.6,20.3,51.6,1208.0,0,Normal - Physics Aligned
1674663300,34.0522,-118.2437,435.5,52.2,26.7,49.9,400.0,1,Anomaly - Sensor Bagged
1674664200,34.0522,-118.2437,441.6,55.0,22.6,50.5,1253.0,0,Normal - Physics Aligned
1674665100,34.0522,-118.2437,465.7,55.7,25.7,39.4,1257.0,0,Normal - Physics Aligned
1674666000,34.0522,-118.2437,449.7,53.0,23.2,47.7,1247.0,0,Normal - Physics Aligned
1674666900,34.0522,-118.2437,445.4,54.9,24.5,44.1,1237.0,0,Normal - Physics Aligned
1674667800,34.0522,-118.2437,438.7,55.3,25.8,40.5,1217.0,0,Normal - Physics Aligned
1674668700,36.1627,-115.1398,468.5,57.3,20.1,29.2,404.0,1,Anomaly - Location Spoof
1674669600,34.0522,-118.2437,421.9,51.5,19.7,53.9,1229.0,0,Normal - Physics Aligned
1674670500,34.0522,-118.2437,437.4,54.8,23.5,45.2,1237.0,0,Normal - Physics Aligned
1674671400,34.0522,-118.2437,445.6,51.8,25.9,48.6,413.0,1,Anomaly - Sensor Bagged
1674672300,34.0522,-118.2437,445.2,53.8,24.5,46.0,1252.0,0,Normal - Physics Aligned
1674673200,34.0522,-118.2437,429.8,52.0,25.8,43.7,1240.0,0,Normal - Physics Aligned
1674674100,34.0522,-118.2437,449.7,53.1,23.1,47.8,1248.0,0,Normal - Physics Aligned
1674675000,34.0522,-118.2437,486.8,60.4,20.6,51.5,1304.0,0,Normal - Physics Aligned
1674675900,34.0522,-118.2437,422.4,52.6,24.4,44.6,1210.0,0,Normal - Physics Aligned
1674676800,34.0522,-118.2437,402.6,53.7,22.9,48.1,1202.0,0,Normal - Physics Aligned
1674677700,34.0522,-118.2437,420.9,47.0,22.6,48.0,1193.0,0,Normal - Physics Aligned
1674678600,34.0522,-118.2437,451.4,54.1,21.9,50.5,1267.0,0,Normal - Physics Aligned
1674679500,34.0522,-118.2437,456.5,57.7,24.8,43.0,1270.0,0,Normal - Physics Aligned
1674680400,34.0522,-118.2437,442.9,54.3,25.5,39.6,399.0,1,Anomaly - Sensor Bagged
1674681300,34.0522,-118.2437,498.8,59.1,23.7,48.1,1327.0,0,Normal - Physics Aligned
1674682200,34.0522,-118.2437,455.4,56.1,24.8,43.4,1253.0,0,Normal - Physics Aligned
1674683100,34.0522,-118.2437,440.0,54.5,26.5,38.0,1227.0,0,Normal - Physics Aligned
1674684000,34.0522,-118.2437,459.7,56.6,22.1,47.0,1244.0,0,Normal - Physics Aligned
1674684900,34.0522,-118.2437,445.7,55.3,28.7,37.3,1268.0,0,Normal - Physics Aligned
1674685800,34.0522,-118.2437,448.4,54.7,27.0,38.7,1247.0,0,Normal - Physics Aligned
1674686700,34.0522,-118.2437,474.5,59.3,24.6,42.8,1299.0,0,Normal - Physics Aligned
1674687600,34.0522,-118.2437,475.7,57.8,30.8,31.0,1276.0,0,Normal - Physics Aligned
1674688500,34.0522,-118.2437,430.4,53.6,24.0,45.5,1212.0,0,Normal - Physics Aligned
1674689400,34.0522,-118.2437,492.9,62.6,25.3,43.8,1328.0,0,Normal - Physics Aligned
1674690300,34.0522,-118.2437,469.4,60.0,24.7,42.8,1283.0,0,Normal - Physics Aligned
1674691200,34.0522,-118.2437,443.9,56.5,21.6,48.2,1244.0,0,Normal - Physics Aligned
1674692100,34.0522,-118.2437,463.3,58.3,25.5,45.3,407.0,1,Anomaly - Sensor Bagged
1674693000,34.0522,-118.2437,461.3,57.4,23.7,46.4,1267.0,0,Normal - Physics Aligned
1674693900,34.0522,-118.2437,421.5,50.3,25.2,43.0,1209.0,0,Normal - Physics Aligned
1674694800,34.0522,-118.2437,437.8,54.4,22.8,46.1,1230.0,0,Normal - Physics Aligned
1674695700,34.0522,-118.2437,434.1,55.8,21.7,49.9,1235.0,0,Normal - Physics Aligned
1674696600,34.0522,-118.2437,455.0,61.7,20.3,53.9,1283.0,0,Normal - Physics Aligned
1674697500,34.0522,-118.2437,476.1,62.4,25.6,41.9,1299.0,0,Normal - Physics Aligned
1674698400,34.0522,-118.2437,480.4,57.4,27.3,43.8,409.0,1,Anomaly - Sensor Bagged
1674699300,34.0522,-118.2437,450.2,56.5,23.2,47.1,1258.0,0,Normal - Physics Aligned
1674700200,34.0522,-118.2437,415.3,48.2,24.5,44.0,1183.0,0,Normal - Physics Aligned
1674701100,34.0522,-118.2437,432.3,52.5,24.6,45.0,1236.0,0,Normal - Physics Aligned
1674702000,34.0522,-118.2437,446.0,54.1,24.8,42.5,1234.0,0,Normal - Physics Aligned
1674702900,34.0522,-118.2437,465.2,54.4,25.1,40.1,1248.0,0,Normal - Physics Aligned
1674703800,34.0522,-118.2437,441.5,54.0,24.9,43.2,1240.0,0,Normal - Physics Aligned
1674704700,34.0522,-118.2437,432.6,52.3,24.6,43.8,1215.0,0,Normal - Physics Aligned
1674705600,34.0522,-118.2437,445.6,54.3,22.3,50.2,1249.0,0,Normal - Physics Aligned
1674706500,34.0522,-118.2437,421.5,52.9,22.5,48.4,1227.0,0,Normal - Physics Aligned
1674707400,34.0522,-118.2437,468.4,56.2,23.2,47.1,1277.0,0,Normal - Physics Aligned
1674708300,34.0522,-118.2437,446.4,56.6,24.7,43.5,1262.0,0,Normal - Physics Aligned
1674709200,34.0522,-118.2437,460.3,58.3,23.1,49.0,1276.0,0,Normal - Physics Aligned
1674710100,34.0522,-118.2437,445.5,57.8,23.4,46.4,1256.0,0,Normal - Physics Aligned
1674711000,34.0522,-118.2437,442.1,52.5,24.9,51.6,402.0,1,Anomaly - Sensor Bagged
1674711900,34.0522,-118.2437,503.4,62.3,27.7,37.7,1317.0,0,Normal - Physics Aligned
1674712800,34.0522,-118.2437,424.2,50.4,24.3,45.0,1212.0,0,Normal - Physics Aligned
1674713700,34.0522,-118.2437,419.0,50.7,23.2,47.4,1227.0,0,Normal - Physics Aligned
1674714600,34.0522,-118.2437,408.6,51.3,23.2,46.5,1202.0,0,Normal - Physics Aligned
1674715500,34.0522,-118.2437,427.1,52.3,27.7,39.8,1234.0,0,Normal - Physics Aligned
1674716400,34.0522,-118.2437,413.1,53.2,29.5,34.5,1208.0,0,Normal - Physics Aligned
1674717300,34.0522,-118.2437,487.5,61.0,23.0,48.6,1322.0,0,Normal - Physics Aligned
1674718200,34.0522,-118.2437,459.2,57.1,28.1,41.2,1304.0,0,Normal - Physics Aligned
1674719100,34.0522,-118.2437,486.6,62.6,25.0,42.3,1293.0,0,Normal - Physics Aligned
1674720000,34.0522,-118.2437,484.7,58.6,23.7,46.0,1304.0,0,Normal - Physics Aligned
1674720900,34.0522,-118.2437,420.8,47.3,23.1,48.2,1208.0,0,Normal - Physics Aligned
1674721800,34.0522,-118.2437,484.2,57.6,25.0,43.1,1284.0,0,Normal - Physics Aligned
1674722700,34.0522,-118.2437,473.3,58.3,23.4,46.6,1291.0,0,Normal - Physics Aligned
1674723600,34.0522,-118.2437,434.5,52.8,20.5,52.1,1238.0,0,Normal - Physics Aligned
1674724500,34.0522,-118.2437,430.2,52.8,25.4,44.7,1241.0,0,Normal - Physics Aligned
1674725400,36.1627,-115.1398,457.0,56.1,21.0,33.1,395.0,1,Anomaly - Location Spoof
1674726300,34.0522,-118.2437,450.0,54.5,22.8,47.9,1261.0,0,Normal - Physics Aligned
1674727200,34.0522,-118.2437,429.8,52.7,23.3,44.7,1201.0,0,Normal - Physics Aligned
1674728100,34.0522,-118.2437,407.8,48.6,24.2,47.0,1202.0,0,Normal - Physics Aligned
1674729000,34.0522,-118.2437,459.0,54.2,21.3,47.5,1233.0,0,Normal - Physics Aligned
1674729900,34.0522,-118.2437,410.3,49.3,24.9,45.2,415.0,1,Anomaly - Sensor Bagged
1674730800,34.0522,-118.2437,413.1,51.5,24.2,44.7,1202.0,0,Normal - Physics Aligned
1674731700,34.0522,-118.2437,435.5,53.9,23.9,41.6,412.0,1,Anomaly - Sensor Bagged
1674732600,34.0522,-118.2437,455.9,54.2,22.4,48.6,1257.0,0,Normal - Physics Aligned
1674733500,34.0522,-118.2437,444.2,54.2,23.1,46.3,1246.0,0,Normal - Physics Aligned
1674734400,34.0522,-118.2437,408.6,52.9,25.6,43.0,1217.0,0,Normal - Physics Aligned
1674735300,34.0522,-118.2437,488.2,59.1,22.6,47.4,1298.0,0,Normal - Physics Aligned
1674736200,34.0522,-118.2437,469.5,58.0,24.7,44.3,1288.0,0,Normal - Physics Aligned
1674737100,34.0522,-118.2437,452.6,57.2,22.3,47.9,1244.0,0,Normal - Physics Aligned
1674738000,36.1627,-115.1398,399.4,49.6,20.6,29.4,412.0,1,Anomaly - Location Spoof
1674738900,34.0522,-118.2437,426.0,54.4,23.4,44.9,1223.0,0,Normal - Physics Aligned
1674739800,36.1627,-115.1398,439.9,57.4,21.2,28.1,399.0,1,Anomaly - Location Spoof
1674740700,34.0522,-118.2437,451.2,51.1,26.8,40.3,1243.0,0,Normal - Physics Aligned
1674741600,34.0522,-118.2437,391.7,48.1,22.2,49.7,1165.0,0,Normal - Physics Aligned
1674742500,34.0522,-118.2437,483.3,61.3,26.0,41.3,1301.0,0,Normal - Physics Aligned
1674743400,34.0522,-118.2437,478.1,60.5,22.7,47.4,1294.0,0,Normal - Physics Aligned
1674744300,34.0522,-118.2437,448.2,53.8,26.7,39.7,1235.0,0,Normal - Physics Aligned
1674745200,34.0522,-118.2437,450.6,55.1,22.4,48.2,1258.0,0,Normal - Physics Aligned
1674746100,34.0522,-118.2437,440.7,55.2,25.3,42.9,1252.0,0,Normal - Physics Aligned
1674747000,34.0522,-118.2437,461.3,57.5,25.3,41.6,1276.0,0,Normal - Physics Aligned
1674747900,34.0522,-118.2437,442.3,54.8,23.3,46.2,1246.0,0,Normal - Physics Aligned
1674748800,34.0522,-118.2437,432.0,53.5,23.0,47.3,1228.0,0,Normal - Physics Aligned
1674749700,34.0522,-118.2437,468.9,54.9,16.6,58.7,1268.0,0,Normal - Physics Aligned
1674750600,34.0522,-118.2437,465.5,56.9,26.9,40.5,1275.0,0,Normal - Physics Aligned
1674751500,34.0522,-118.2437,461.0,54.2,21.6,49.9,1268.0,0,Normal - Physics Aligned
1674752400,34.0522,-118.2437,440.5,51.1,25.3,42.7,1227.0,0,Normal - Physics Aligned
1674753300,34.0522,-118.2437,432.1,53.1,23.1,47.3,1232.0,0,Normal - Physics Aligned
1674754200,34.0522,-118.2437,457.0,56.3,26.6,41.2,1268.0,0,Normal - Physics Aligned
1674755100,36.1627,-115.1398,485.2,58.4,20.7,29.3,400.0,1,Anomaly - Location Spoof
1674756000,34.0522,-118.2437,461.8,57.5,26.2,39.8,1260.0,0,Normal - Physics Aligned
1674756900,34.0522,-118.2437,461.4,52.5,26.2,40.9,1245.0,0,Normal - Physics Aligned
1674757800,34.0522,-118.2437,412.0,53.0,22.4,47.8,1200.0,0,Normal - Physics Aligned
1674758700,34.0522,-118.2437,425.2,53.6,23.3,46.7,1226.0,0,Normal - Physics Aligned
1674759600,34.0522,-118.2437,476.2,56.7,22.5,47.5,1283.0,0,Normal - Physics Aligned
1674760500,34.0522,-118.2437,461.0,57.6,24.7,43.6,1267.0,0,Normal - Physics Aligned
1674761400,34.0522,-118.2437,464.2,58.4,23.0,46.1,1270.0,0,Normal - Physics Aligned
1674762300,34.0522,-118.2437,479.7,56.0,25.6,40.9,1278.0,0,Normal - Physics Aligned
1674763200,34.0522,-118.2437,418.5,49.7,23.6,46.4,1199.0,0,Normal - Physics Aligned
1674764100,36.1627,-115.1398,448.4,60.9,20.7,29.3,422.0,1,Anomaly - Location Spoof
1674765000,34.0522,-118.2437,471.8,60.0,22.4,49.9,1289.0,0,Normal - Physics Aligned
1674765900,34.0522,-118.2437,459.9,54.0,28.9,36.3,1267.0,0,Normal - Physics Aligned
1674766800,36.1627,-115.1398,451.6,54.3,22.2,32.7,385.0,1,Anomaly - Location Spoof
1674767700,34.0522,-118.2437,481.1,57.6,24.6,45.3,1305.0,0,Normal - Physics Aligned
1674768600,34.0522,-118.2437,466.9,57.4,24.9,42.8,1264.0,0,Normal - Physics Aligned
1674769500,34.0522,-118.2437,510.2,61.2,29.0,35.0,1324.0,0,Normal - Physics Aligned
1674770400,34.0522,-118.2437,446.9,51.1,25.6,42.9,1240.0,0,Normal - Physics Aligned
1674771300,34.0522,-118.2437,446.0,51.2,20.3,51.0,1230.0,0,Normal - Physics Aligned
1674772200,34.0522,-118.2437,443.2,53.6,23.4,46.5,1239.0,0,Normal - Physics Aligned
1674773100,34.0522,-118.2437,417.4,53.9,24.2,45.7,1227.0,0,Normal - Physics Aligned
1674774000,34.0522,-118.2437,445.3,58.3,21.4,50.6,1254.0,0,Normal - Physics Aligned
1674774900,34.0522,-118.2437,463.6,54.1,25.3,40.8,1267.0,0,Normal - Physics Aligned
1674775800,34.0522,-118.2437,457.6,57.0,25.3,41.5,1258.0,0,Normal - Physics Aligned
1674776700,34.0522,-118.2437,431.9,52.7,25.0,42.4,1215.0,0,Normal - Physics Aligned
1674777600,36.1627,-115.1398,425.6,51.2,21.5,28.1,399.0,1,Anomaly - Location Spoof
1674778500,34.0522,-118.2437,464.0,54.7,24.0,43.4,1249.0,0,Normal - Physics Aligned
1674779400,34.0522,-118.2437,445.1,54.3,22.7,47.9,1237.0,0,Normal - Physics Aligned
1674780300,36.1627,-115.1398,490.6,60.9,21.3,29.5,403.0,1,Anomaly - Location Spoof
1674781200,34.0522,-118.2437,470.8,59.8,24.1,46.3,1299.0,0,Normal - Physics Aligned
1674782100,34.0522,-118.2437,464.0,55.3,24.7,42.3,1258.0,0,Normal - Physics Aligned
1674783000,34.0522,-118.2437,459.4,54.9,22.7,46.5,1249.0,0,Normal - Physics Aligned
1674783900,34.0522,-118.2437,402.7,46.0,21.5,50.7,1179.0,0,Normal - Physics Aligned
1674784800,36.1627,-115.1398,447.2,53.7,20.8,30.0,405.0,1,Anomaly - Location Spoof
1674785700,34.0522,-118.2437,464.9,57.2,24.4,43.4,1268.0,0,Normal - Physics Aligned
1674786600,34.0522,-118.2437,420.9,49.8,21.0,49.6,1203.0,0,Normal - Physics Aligned
1674787500,34.0522,-118.2437,453.6,55.2,27.3,50.2,399.0,1,Anomaly - Sensor Bagged
1674788400,36.1627,-115.1398,458.7,54.2,21.1,31.0,384.0,1,Anomaly - Location Spoof
1674789300,34.0522,-118.2437,444.5,54.4,23.6,45.4,1237.0,0,Normal - Physics Aligned
1674790200,34.0522,-118.2437,500.0,61.4,28.7,34.1,1311.0,0,Normal - Physics Aligned
1674791100,34.0522,-118.2437,442.1,54.2,22.5,48.4,1249.0,0,Normal - Physics Aligned
1674792000,34.0522,-118.2437,437.8,56.8,26.8,39.5,1252.0,0,Normal - Physics Aligned
1674792900,34.0522,-118.2437,454.5,54.6,23.1,44.8,1237.0,0,Normal - Physics Aligned
1674793800,34.0522,-118.2437,444.4,53.8,24.1,45.5,1235.0,0,Normal - Physics Aligned
1674794700,34.0522,-118.2437,447.9,56.5,26.5,38.1,1224.0,0,Normal - Physics Aligned
1674795600,34.0522,-118.2437,465.2,56.8,19.2,52.9,1265.0,0,Normal - Physics Aligned
1674796500,36.1627,-115.1398,467.0,58.4,20.9,29.6,422.0,1,Anomaly - Location Spoof
1674797400,34.0522,-118.2437,451.5,59.0,24.5,44.8,1262.0,0,Normal - Physics Aligned
1674798300,34.0522,-118.2437,490.8,59.5,25.3,52.1,414.0,1,Anomaly - Sensor Bagged
1674799200,34.0522,-118.2437,445.0,56.1,21.8,50.0,1256.0,0,Normal - Physics Aligned
1674800100,34.0522,-118.2437,462.5,55.7,24.6,44.6,1276.0,0,Normal - Physics Aligned
1674801000,34.0522,-118.2437,464.4,56.6,24.0,45.1,1267.0,0,Normal - Physics Aligned
1674801900,34.0522,-118.2437,450.6,54.3,27.7,37.9,1253.0,0,Normal - Physics Aligned
1674802800,34.0522,-118.2437,473.2,54.9,19.2,54.9,1281.0,0,Normal - Physics Aligned
1674803700,34.0522,-118.2437,442.6,56.6,23.9,47.1,1265.0,0,Normal - Physics Aligned
1674804600,34.0522,-118.2437,444.8,55.7,25.3,42.6,1248.0,0,Normal - Physics Aligned
1674805500,36.1627,-115.1398,439.0,54.9,20.9,31.0,406.0,1,Anomaly - Location Spoof
1674806400,34.0522,-118.2437,440.7,55.5,25.5,42.7,1231.0,0,Normal - Physics Aligned
1674807300,34.0522,-118.2437,435.3,50.2,23.8,46.0,1235.0,0,Normal - Physics Aligned
1674808200,34.0522,-118.2437,440.5,59.7,23.3,46.9,1245.0,0,Normal - Physics Aligned
1674809100,34.0522,-118.2437,477.0,58.6,20.8,51.5,1284.0,0,Normal - Physics Aligned
1674810000,34.0522,-118.2437,459.5,58.2,23.6,43.3,1254.0,0,Normal - Physics Aligned
1674810900,36.1627,-115.1398,460.3,54.4,20.9,30.1,406.0,1,Anomaly - Location Spoof
1674811800,34.0522,-118.2437,450.2,53.5,27.1,40.1,1253.0,0,Normal - Physics Aligned
1674812700,34.0522,-118.2437,437.0,54.5,25.0,42.9,1232.0,0,Normal - Physics Aligned
1674813600,34.0522,-118.2437,452.8,54.0,20.6,52.4,1260.0,0,Normal - Physics Aligned
1674814500,34.0522,-118.2437,453.6,59.3,23.6,46.7,1276.0,0,Normal - Physics Aligned
1674815400,34.0522,-118.2437,490.3,61.5,26.3,41.6,1318.0,0,Normal - Physics Aligned
1674816300,34.0522,-118.2437,485.1,59.9,21.6,49.6,1321.0,0,Normal - Physics Aligned
1674817200,34.0522,-118.2437,466.3,55.5,22.3,49.8,1263.0,0,Normal - Physics Aligned
1674818100,34.0522,-118.2437,440.4,52.1,29.9,34.6,1246.0,0,Normal - Physics Aligned
1674819000,34.0522,-118.2437,446.3,53.9,25.8,41.3,1238.0,0,Normal - Physics Aligned
1674819900,34.0522,-118.2437,461.9,53.3,26.2,39.9,1252.0,0,Normal - Physics Aligned
1674820800,34.0522,-118.2437,465.4,56.3,23.1,47.1,1274.0,0,Normal - Physics Aligned
1674821700,34.0522,-118.2437,441.6,57.6,26.6,42.7,409.0,1,Anomaly - Sensor Bagged
1674822600,34.0522,-118.2437,457.4,56.1,26.4,40.0,1258.0,0,Normal - Physics Aligned
1674823500,34.0522,-118.2437,439.8,54.8,28.0,37.3,1243.0,0,Normal - Physics Aligned
1674824400,34.0522,-118.2437,416.6,52.1,22.1,47.5,1190.0,0,Normal - Physics Aligned
1674825300,34.0522,-118.2437,470.7,53.8,26.2,46.1,407.0,1,Anomaly - Sensor Bagged
1674826200,34.0522,-118.2437,427.6,53.2,28.7,35.7,1215.0,0,Normal - Physics Aligned
1674827100,34.0522,-118.2437,459.5,55.2,23.1,46.4,1250.0,0,Normal - Physics Aligned
1674828000,34.0522,-118.2437,456.1,52.9,24.4,44.4,1247.0,0,Normal - Physics Aligned
1674828900,34.0522,-118.2437,439.5,57.9,22.8,47.7,1244.0,0,Normal - Physics Aligned
1674829800,34.0522,-118.2437,442.0,53.6,24.2,45.3,1240.0,0,Normal - Physics Aligned
1674830700,36.1627,-115.1398,450.6,55.7,22.2,34.5,404.0,1,Anomaly - Location Spoof
1674831600,34.0522,-118.2437,447.5,55.1,22.4,47.6,1240.0,0,Normal - Physics Aligned
1674832500,34.0522,-118.2437,455.9,56.4,22.1,47.5,1261.0,0,Normal - Physics Aligned
1674833400,34.0522,-118.2437,456.4,54.0,28.5,35.3,1257.0,0,Normal - Physics Aligned
1674834300,36.1627,-115.1398,456.6,57.0,20.3,29.2,397.0,1,Anomaly - Location Spoof
1674835200,34.0522,-118.2437,445.9,54.1,20.9,50.5,1240.0,0,Normal - Physics Aligned
1674836100,34.0522,-118.2437,463.8,56.5,20.9,51.3,1264.0,0,Normal - Physics Aligned
1674837000,34.0522,-118.2437,462.5,59.6,31.2,31.3,1282.0,0,Normal - Physics Aligned
1674837900,34.0522,-118.2437,479.9,60.4,24.2,48.8,1314.0,0,Normal - Physics Aligned
1674838800,34.0522,-118.2437,491.0,60.6,20.9,48.6,1299.0,0,Normal - Physics Aligned
1674839700,34.0522,-118.2437,460.0,57.8,23.6,45.5,1274.0,0,Normal - Physics Aligned
1674840600,34.0522,-118.2437,440.7,56.1,25.2,43.5,1259.0,0,Normal - Physics Aligned
1674841500,34.0522,-118.2437,444.2,53.4,27.4,51.0,428.0,1,Anomaly - Sensor Bagged
1674842400,34.0522,-118.2437,462.7,55.6,22.0,48.0,1266.0,0,Normal - Physics Aligned
1674843300,34.0522,-118.2437,465.9,55.3,28.6,36.0,1265.0,0,Normal - Physics Aligned
1674844200,34.0522,-118.2437,441.0,51.7,23.3,45.4,1232.0,0,Normal - Physics Aligned
1674845100,34.0522,-118.2437,477.1,59.3,26.1,43.3,422.0,1,Anomaly - Sensor Bagged
1674846000,34.0522,-118.2437,437.5,54.2,19.4,54.1,1241.0,0,Normal - Physics Aligned
1674846900,36.1627,-115.1398,482.8,58.4,20.3,27.3,396.0,1,Anomaly - Location Spoof
1674847800,34.0522,-118.2437,442.2,54.9,28.6,50.1,410.0,1,Anomaly - Sensor Bagged
1674848700,34.0522,-118.2437,414.4,53.0,22.6,48.1,1213.0,0,Normal - Physics Aligned
1674849600,34.0522,-118.2437,435.7,53.5,23.0,47.6,1244.0,0,Normal - Physics Aligned
1674850500,36.1627,-115.1398,438.7,52.2,21.2,31.5,408.0,1,Anomaly - Location Spoof
1674851400,34.0522,-118.2437,432.2,50.8,23.3,46.0,1208.0,0,Normal - Physics Aligned
1674852300,34.0522,-118.2437,480.8,59.1,27.4,38.5,1286.0,0,Normal - Physics Aligned
1674853200,34.0522,-118.2437,416.1,50.2,24.8,43.6,1200.0,0,Normal - Physics Aligned
1674854100,34.0522,-118.2437,450.4,57.3,21.6,48.9,1251.0,0,Normal - Physics Aligned
1674855000,34.0522,-118.2437,447.8,57.6,23.2,47.8,1258.0,0,Normal - Physics Aligned
1674855900,34.0522,-118.2437,417.8,51.2,23.8,45.0,1195.0,0,Normal - Physics Aligned
1674856800,34.0522,-118.2437,461.8,59.2,28.7,37.2,1281.0,0,Normal - Physics Aligned
1674857700,34.0522,-118.2437,452.5,54.9,26.9,39.5,1261.0,0,Normal - Physics Aligned
1674858600,34.0522,-118.2437,448.4,57.5,23.5,45.3,1239.0,0,Normal - Physics Aligned
1674859500,34.0522,-118.2437,470.0,56.1,21.6,50.3,1282.0,0,Normal - Physics Aligned
1674860400,34.0522,-118.2437,455.9,53.3,24.1,44.2,1244.0,0,Normal - Physics Aligned
1674861300,34.0522,-118.2437,454.8,53.7,24.0,44.4,1255.0,0,Normal - Physics Aligned
1674862200,34.0522,-118.2437,432.5,54.9,20.3,51.7,1242.0,0,Normal - Physics Aligned
1674863100,34.0522,-118.2437,434.8,51.7,26.1,42.4,1234.0,0,Normal - Physics Aligned
1674864000,34.0522,-118.2437,450.3,53.5,20.9,50.4,1247.0,0,Normal - Physics Aligned
1674864900,34.0522,-118.2437,456.4,57.1,22.2,49.0,1267.0,0,Normal - Physics Aligned
1674865800,34.0522,-118.2437,486.9,56.4,25.9,47.7,407.0,1,Anomaly - Sensor Bagged
1674866700,34.0522,-118.2437,461.8,55.9,22.5,46.9,1262.0,0,Normal - Physics Aligned
1674867600,34.0522,-118.2437,431.7,50.8,23.8,47.0,1228.0,0,Normal - Physics Aligned
1674868500,34.0522,-118.2437,447.2,51.0,22.8,46.0,1251.0,0,Normal - Physics Aligned
1674869400,34.0522,-118.2437,461.6,58.0,26.0,41.4,1259.0,0,Normal - Physics Aligned
1674870300,34.0522,-118.2437,443.6,57.6,25.0,43.6,1252.0,0,Normal - Physics Aligned
1674871200,34.0522,-118.2437,450.5,53.8,29.0,49.1,406.0,1,Anomaly - Sensor Bagged
1674872100,34.0522,-118.2437,468.5,56.2,22.8,47.4,1276.0,0,Normal - Physics Aligned
1674873000,34.0522,-118.2437,455.2,57.4,25.8,40.6,1259.0,0,Normal - Physics Aligned
1674873900,34.0522,-118.2437,441.6,55.0,25.1,41.5,1229.0,0,Normal - Physics Aligned
1674874800,34.0522,-118.2437,494.7,59.4,29.2,34.0,1313.0,0,Normal - Physics Aligned
1674875700,34.0522,-118.2437,469.6,58.5,24.4,44.6,1290.0,0,Normal - Physics Aligned
1674876600,34.0522,-118.2437,449.3,55.5,26.3,39.6,1238.0,0,Normal - Physics Aligned
1674877500,34.0522,-118.2437,434.0,53.6,23.1,46.2,1227.0,0,Normal - Physics Aligned
1674878400,34.0522,-118.2437,452.2,54.4,19.7,53.0,1243.0,0,Normal - Physics Aligned
1674879300,34.0522,-118.2437,447.3,56.2,24.1,44.9,1253.0,0,Normal - Physics Aligned
1674880200,34.0522,-118.2437,463.1,58.6,23.0,45.6,1270.0,0,Normal - Physics Aligned
1674881100,34.0522,-118.2437,461.8,58.6,28.7,35.9,1275.0,0,Normal - Physics Aligned
1674882000,34.0522,-118.2437,472.7,60.0,23.2,46.7,1304.0,0,Normal - Physics Aligned
1674882900,36.1627,-115.1398,463.2,58.7,21.2,30.7,393.0,1,Anomaly - Location Spoof
1674883800,34.0522,-118.2437,464.1,59.3,21.5,48.2,1270.0,0,Normal - Physics Aligned
1674884700,34.0522,-118.2437,471.2,57.6,26.6,38.6,1263.0,0,Normal - Physics Aligned
1674885600,34.0522,-118.2437,467.3,56.3,22.8,48.8,1278.0,0,Normal - Physics Aligned
1674886500,34.0522,-118.2437,419.7,50.3,26.7,42.1,414.0,1,Anomaly - Sensor Bagged
1674887400,34.0522,-118.2437,473.9,56.0,23.9,43.0,1271.0,0,Normal - Physics Aligned
1674888300,34.0522,-118.2437,450.8,54.7,24.7,43.4,1247.0,0,Normal - Physics Aligned
1674889200,34.0522,-118.2437,432.5,50.7,26.0,41.5,1212.0,0,Normal - Physics Aligned
1674890100,34.0522,-118.2437,482.5,59.1,24.2,47.7,402.0,1,Anomaly - Sensor Bagged
1674891000,34.0522,-118.2437,466.2,58.2,23.6,47.4,1284.0,0,Normal - Physics Aligned
1674891900,34.0522,-118.2437,472.8,57.5,26.2,40.1,1278.0,0,Normal - Physics Aligned
1674892800,34.0522,-118.2437,469.7,56.4,23.2,46.9,1274.0,0,Normal - Physics Aligned
1674893700,34.0522,-118.2437,470.0,58.6,24.7,42.1,1276.0,0,Normal - Physics Aligned
1674894600,34.0522,-118.2437,432.3,54.9,21.0,50.0,1216.0,0,Normal - Physics Aligned
1674895500,34.0522,-118.2437,427.5,52.1,21.3,49.3,1223.0,0,Normal - Physics Aligned
1674896400,36.1627,-115.1398,447.1,54.5,20.9,28.0,403.0,1,Anomaly - Location Spoof
1674897300,34.0522,-118.2437,493.9,56.1,20.9,50.9,1301.0,0,Normal - Physics Aligned
1674898200,34.0522,-118.2437,454.6,53.2,24.6,43.5,1237.0,0,Normal - Physics Aligned
1674899100,34.0522,-118.2437,468.8,56.8,26.9,40.8,1274.0,0,Normal - Physics Aligned
1674900000,34.0522,-118.2437,482.8,56.8,22.2,48.4,1303.0,0,Normal - Physics Aligned
1674900900,34.0522,-118.2437,419.0,51.1,24.9,44.0,1216.0,0,Normal - Physics Aligned
1674901800,34.0522,-118.2437,438.7,57.5,26.9,39.7,1251.0,0,Normal - Physics Aligned
1674902700,34.0522,-118.2437,473.8,58.4,21.4,48.6,407.0,1,Anomaly - Sensor Bagged
1674903600,34.0522,-118.2437,421.3,50.0,21.7,48.9,1215.0,0,Normal - Physics Aligned
1674904500,34.0522,-118.2437,460.1,57.5,24.4,45.7,1284.0,0,Normal - Physics Aligned
1674905400,34.0522,-118.2437,445.5,55.3,23.5,47.6,402.0,1,Anomaly - Sensor Bagged
1674906300,34.0522,-118.2437,423.2,49.8,19.2,54.6,1199.0,0,Normal - Physics Aligned
1674907200,34.0522,-118.2437,459.6,57.5,24.5,44.1,1261.0,0,Normal - Physics Aligned
1674908100,34.0522,-118.2437,464.0,55.7,20.0,54.2,1285.0,0,Normal - Physics Aligned
1674909000,34.0522,-118.2437,474.7,58.5,22.2,48.4,1274.0,0,Normal - Physics Aligned
1674909900,34.0522,-118.2437,459.9,59.8,27.3,40.4,1293.0,0,Normal - Physics Aligned
1674910800,34.0522,-118.2437,415.7,49.7,23.8,44.6,1189.0,0,Normal - Physics Aligned
1674911700,34.0522,-118.2437,457.6,56.5,23.7,44.9,1264.0,0,Normal - Physics Aligned
1674912600,34.0522,-118.2437,452.0,54.0,17.9,56.6,1245.0,0,Normal - Physics Aligned
1674913500,34.0522,-118.2437,475.5,60.9,25.3,44.3,1300.0,0,Normal - Physics Aligned
1674914400,34.0522,-118.2437,419.8,52.4,24.2,44.8,1204.0,0,Normal - Physics Aligned
1674915300,34.0522,-118.2437,448.7,56.4,21.9,48.3,1244.0,0,Normal - Physics Aligned
1674916200,34.0522,-118.2437,425.7,55.9,22.1,47.6,1226.0,0,Normal - Physics Aligned
1674917100,34.0522,-118.2437,483.9,59.0,21.2,49.6,1298.0,0,Normal - Physics Aligned
1674918000,34.0522,-118.2437,450.7,52.6,23.6,46.1,1248.0,0,Normal - Physics Aligned
1674918900,34.0522,-118.2437,454.1,56.7,23.0,45.8,1254.0,0,Normal - Physics Aligned
1674919800,34.0522,-118.2437,469.7,58.8,21.7,50.5,1284.0,0,Normal - Physics Aligned
1674920700,34.0522,-118.2437,443.0,56.8,23.1,50.4,1269.0,0,Normal - Physics Aligned
1674921600,34.0522,-118.2437,471.2,55.8,24.5,45.6,1278.0,0,Normal - Physics Aligned
1674922500,34.0522,-118.2437,420.6,53.8,24.9,44.6,1227.0,0,Normal - Physics Aligned
1674923400,34.0522,-118.2437,481.3,60.5,22.4,47.8,1303.0,0,Normal - Physics Aligned
1674924300,34.0522,-118.2437,443.1,54.2,24.5,44.7,1245.0,0,Normal - Physics Aligned
1674925200,34.0522,-118.2437,425.0,51.6,21.0,47.8,1189.0,0,Normal - Physics Aligned
1674926100,34.0522,-118.2437,447.7,55.5,23.3,46.7,1242.0,0,Normal - Physics Aligned
1674927000,34.0522,-118.2437,483.7,58.9,24.2,45.6,1290.0,0,Normal - Physics Aligned
1674927900,34.0522,-118.2437,453.4,56.9,27.8,39.4,1272.0,0,Normal - Physics Aligned
1674928800,34.0522,-118.2437,473.3,60.3,23.3,40.4,399.0,1,Anomaly - Sensor Bagged
1674929700,34.0522,-118.2437,462.6,56.2,27.1,39.8,1266.0,0,Normal - Physics Aligned
1674930600,34.0522,-118.2437,444.0,53.8,23.1,47.3,1239.0,0,Normal - Physics Aligned
1674931500,34.0522,-118.2437,432.9,52.7,24.8,41.6,405.0,1,Anomaly - Sensor Bagged
1674932400,34.0522,-118.2437,442.3,53.9,27.3,54.2,410.0,1,Anomaly - Sensor Bagged
1674933300,34.0522,-118.2437,452.6,57.7,21.1,51.7,1277.0,0,Normal - Physics Aligned
1674934200,34.0522,-118.2437,470.9,53.1,26.0,41.9,1265.0,0,Normal - Physics Aligned
1674935100,34.0522,-118.2437,451.7,53.1,23.4,46.0,1241.0,0,Normal - Physics Aligned
1674936000,34.0522,-118.2437,476.9,55.6,23.6,45.6,1274.0,0,Normal - Physics Aligned
1674936900,34.0522,-118.2437,467.5,54.0,23.7,47.5,1284.0,0,Normal - Physics Aligned
1674937800,34.0522,-118.2437,483.3,59.2,28.6,34.5,1292.0,0,Normal - Physics Aligned
1674938700,34.0522,-118.2437,452.8,52.3,23.6,44.7,1247.0,0,Normal - Physics Aligned
1674939600,34.0522,-118.2437,462.0,54.0,23.8,43.7,1254.0,0,Normal - Physics Aligned
1674940500,34.0522,-118.2437,439.4,53.6,26.2,40.1,1217.0,0,Normal - Physics Aligned
1674941400,34.0522,-118.2437,469.7,57.4,20.8,49.9,1271.0,0,Normal - Physics Aligned
1674942300,34.0522,-118.2437,466.4,55.3,20.6,51.8,1278.0,0,Normal - Physics Aligned
1674943200,34.0522,-118.2437,447.0,55.4,23.5,42.1,403.0,1,Anomaly - Sensor Bagged
1674944100,34.0522,-118.2437,468.8,55.3,23.3,42.8,409.0,1,Anomaly - Sensor Bagged
1674945000,34.0522,-118.2437,453.7,52.6,24.1,44.1,1249.0,0,Normal - Physics Aligned
1674945900,34.0522,-118.2437,453.3,55.8,24.6,42.0,1249.0,0,Normal - Physics Aligned
1674946800,34.0522,-118.2437,444.8,53.4,21.6,50.4,1257.0,0,Normal - Physics Aligned
1674947700,34.0522,-118.2437,459.8,57.6,24.1,44.9,1265.0,0,Normal - Physics Aligned
1674948600,34.0522,-118.2437,434.4,54.5,23.4,47.0,1235.0,0,Normal - Physics Aligned
1674949500,34.0522,-118.2437,435.6,53.3,23.3,45.3,1214.0,0,Normal - Physics Aligned
1674950400,34.0522,-118.2437,456.6,55.7,24.5,43.8,1246.0,0,Normal - Physics Aligned
1674951300,34.0522,-118.2437,442.3,52.8,23.6,47.1,1241.0,0,Normal - Physics Aligned
1674952200,34.0522,-118.2437,451.3,56.7,22.3,45.8,1237.0,0,Normal - Physics Aligned
1674953100,34.0522,-118.2437,489.4,59.5,24.8,42.8,1287.0,0,Normal - Physics Aligned
1674954000,34.0522,-118.2437,438.7,55.6,24.6,45.3,1248.0,0,Normal - Physics Aligned
1674954900,34.0522,-118.2437,436.3,53.9,21.7,49.4,1228.0,0,Normal - Physics Aligned
1674955800,34.0522,-118.2437,472.0,57.4,25.9,42.2,1290.0,0,Normal - Physics Aligned
1674956700,34.0522,-118.2437,455.9,56.2,27.2,40.0,1266.0,0,Normal - Physics Aligned
1674957600,34.0522,-118.2437,452.1,55.6,21.8,48.2,1254.0,0,Normal - Physics Aligned
1674958500,34.0522,-118.2437,467.2,58.8,24.8,43.2,1266.0,0,Normal - Physics Aligned
1674959400,34.0522,-118.2437,439.9,54.9,21.6,49.9,1243.0,0,Normal - Physics Aligned
1674960300,34.0522,-118.2437,447.6,53.4,21.2,49.2,410.0,1,Anomaly - Sensor Bagged
1674961200,34.0522,-118.2437,467.7,57.3,25.7,42.9,1298.0,0,Normal - Physics Aligned
1674962100,34.0522,-118.2437,449.6,56.5,28.6,38.3,1253.0,0,Normal - Physics Aligned
1674963000,34.0522,-118.2437,429.5,54.5,31.3,30.5,1239.0,0,Normal - Physics Aligned
1674963900,34.0522,-118.2437,475.7,60.5,21.5,48.7,1291.0,0,Normal - Physics Aligned
1674964800,34.0522,-118.2437,475.3,59.4,21.2,48.0,1263.0,0,Normal - Physics Aligned
1674965700,34.0522,-118.2437,458.3,52.9,26.4,40.5,1257.0,0,Normal - Physics Aligned
1674966600,34.0522,-118.2437,457.2,54.7,22.9,46.8,1245.0,0,Normal - Physics Aligned
1674967500,34.0522,-118.2437,450.8,53.8,21.8,50.9,1257.0,0,Normal - Physics Aligned
1674968400,34.0522,-118.2437,454.0,55.8,24.9,49.5,400.0,1,Anomaly - Sensor Bagged
1674969300,34.0522,-118.2437,466.8,55.3,26.6,40.6,1272.0,0,Normal - Physics Aligned
1674970200,34.0522,-118.2437,433.6,51.3,24.5,43.8,1220.0,0,Normal - Physics Aligned
1674971100,34.0522,-118.2437,462.0,55.9,25.0,45.3,413.0,1,Anomaly - Sensor Bagged
1674972000,34.0522,-118.2437,447.0,55.3,25.5,40.7,1236.0,0,Normal - Physics Aligned
1674972900,34.0522,-118.2437,446.4,53.9,24.4,46.0,397.0,1,Anomaly - Sensor Bagged
1674973800,34.0522,-118.2437,515.2,59.3,25.4,40.4,1318.0,0,Normal - Physics Aligned
1674974700,34.0522,-118.2437,470.1,58.0,26.9,40.8,1285.0,0,Normal - Physics Aligned
1674975600,34.0522,-118.2437,439.0,52.7,25.8,41.8,1234.0,0,Normal - Physics Aligned
1674976500,34.0522,-118.2437,412.4,51.5,26.4,46.3,402.0,1,Anomaly - Sensor Bagged
1674977400,34.0522,-118.2437,452.9,55.8,27.3,40.0,1253.0,0,Normal - Physics Aligned
1674978300,34.0522,-118.2437,439.4,52.3,25.0,45.2,1252.0,0,Normal - Physics Aligned
1674979200,34.0522,-118.2437,446.7,56.1,26.1,41.2,1251.0,0,Normal - Physics Aligned
1674980100,34.0522,-118.2437,457.8,56.9,23.4,46.7,1272.0,0,Normal - Physics Aligned
1674981000,34.0522,-118.2437,473.5,56.8,25.1,40.5,390.0,1,Anomaly - Sensor Bagged
1674981900,34.0522,-118.2437,472.2,60.9,26.9,38.8,1286.0,0,Normal - Physics Aligned
1674982800,34.0522,-118.2437,465.4,55.0,24.2,43.9,1254.0,0,Normal - Physics Aligned
1674983700,34.0522,-118.2437,478.0,58.0,20.1,53.7,1290.0,0,Normal - Physics Aligned
1674984600,34.0522,-118.2437,459.4,54.7,28.9,44.9,401.0,1,Anomaly - Sensor Bagged
1674985500,34.0522,-118.2437,438.2,48.5,20.8,49.6,1206.0,0,Normal - Physics Aligned
1674986400,34.0522,-118.2437,439.4,53.1,26.5,50.3,412.0,1,Anomaly - Sensor Bagged
1674987300,34.0522,-118.2437,466.2,56.0,25.9,40.7,1265.0,0,Normal - Physics Aligned
1674988200,34.0522,-118.2437,405.6,49.9,27.2,41.9,1207.0,0,Normal - Physics Aligned
1674989100,34.0522,-118.2437,456.8,55.7,25.0,44.6,400.0,1,Anomaly - Sensor Bagged
1674990000,34.0522,-118.2437,425.6,53.5,21.6,50.9,1234.0,0,Normal - Physics Aligned
1674990900,36.1627,-115.1398,454.2,57.2,21.2,31.2,403.0,1,Anomaly - Location Spoof
1674991800,34.0522,-118.2437,480.2,57.1,22.3,47.9,1269.0,0,Normal - Physics Aligned
1674992700,34.0522,-118.2437,500.3,64.0,23.9,47.3,1338.0,0,Normal - Physics Aligned
1674993600,34.0522,-118.2437,467.5,56.7,27.8,37.7,1283.0,0,Normal - Physics Aligned
1674994500,34.0522,-118.2437,452.5,53.5,26.5,40.5,1238.0,0,Normal - Physics Aligned
1674995400,34.0522,-118.2437,424.1,50.0,22.4,47.1,1208.0,0,Normal - Physics Aligned
1674996300,34.0522,-118.2437,443.0,55.8,20.0,52.7,1251.0,0,Normal - Physics Aligned
1674997200,34.0522,-118.2437,440.4,54.3,29.3,32.7,1220.0,0,Normal - Physics Aligned
1674998100,34.0522,-118.2437,428.6,52.8,21.1,49.0,1223.0,0,Normal - Physics Aligned
1674999000,34.0522,-118.2437,445.9,53.5,23.0,45.7,1230.0,0,Normal - Physics Aligned
1674999900,34.0522,-118.2437,454.7,57.3,23.3,45.1,1249.0,0,Normal - Physics Aligned
1675000800,34.0522,-118.2437,439.6,55.6,20.0,53.1,1231.0,0,Normal - Physics Aligned
1675001700,34.0522,-118.2437,409.0,50.9,24.8,43.1,1200.0,0,Normal - Physics Aligned
1675002600,34.0522,-118.2437,449.2,54.6,22.2,48.7,1248.0,0,Normal - Physics Aligned
1675003500,34.0522,-118.2437,462.5,53.9,19.5,55.0,1264.0,0,Normal - Physics Aligned
1675004400,34.0522,-118.2437,455.0,53.3,27.1,38.8,1242.0,0,Normal - Physics Aligned
1675005300,34.0522,-118.2437,464.6,58.9,24.7,43.9,1282.0,0,Normal - Physics Aligned
1675006200,34.0522,-118.2437,442.9,51.4,20.2,51.2,1214.0,0,Normal - Physics Aligned
1675007100,34.0522,-118.2437,460.2,52.8,21.3,50.4,1256.0,0,Normal - Physics Aligned
1675008000,34.0522,-118.2437,447.2,52.7,20.7,51.4,1243.0,0,Normal - Physics Aligned
1675008900,34.0522,-118.2437,458.8,54.9,24.3,42.5,1253.0,0,Normal - Physics Aligned
1675009800,34.0522,-118.2437,423.4,55.6,20.7,50.2,1216.0,0,Normal - Physics Aligned
1675010700,34.0522,-118.2437,437.6,55.9,21.3,51.1,1248.0,0,Normal - Physics Aligned
1675011600,36.1627,-115.1398,476.8,57.4,21.4,29.0,403.0,1,Anomaly - Location Spoof
1675012500,34.0522,-118.2437,437.7,54.5,29.9,35.3,1236.0,0,Normal - Physics Aligned
1675013400,34.0522,-118.2437,435.0,51.6,23.3,45.7,1225.0,0,Normal - Physics Aligned
1675014300,34.0522,-118.2437,455.7,58.0,24.5,42.7,1258.0,0,Normal - Physics Aligned
1675015200,34.0522,-118.2437,391.2,47.5,23.0,46.8,1178.0,0,Normal - Physics Aligned
1675016100,34.0522,-118.2437,479.3,59.9,27.3,41.7,410.0,1,Anomaly - Sensor Bagged
1675017000,36.1627,-115.1398,500.6,63.4,21.1,28.2,407.0,1,Anomaly - Location Spoof
1675017900,34.0522,-118.2437,449.9,57.0,21.5,49.9,1257.0,0,Normal - Physics Aligned
1675018800,34.0522,-118.2437,453.8,53.6,23.1,47.4,1258.0,0,Normal - Physics Aligned
1675019700,34.0522,-118.2437,452.4,56.4,24.9,44.5,1264.0,0,Normal - Physics Aligned
1675020600,34.0522,-118.2437,461.3,55.3,25.7,41.6,1269.0,0,Normal - Physics Aligned
1675021500,34.0522,-118.2437,446.3,56.7,24.3,44.6,1250.0,0,Normal - Physics Aligned
1675022400,34.0522,-118.2437,436.5,53.4,24.6,45.4,1237.0,0,Normal - Physics Aligned
1675023300,34.0522,-118.2437,481.6,56.9,20.6,52.4,1290.0,0,Normal - Physics Aligned
1675024200,34.0522,-118.2437,463.3,59.3,25.5,41.5,1254.0,0,Normal - Physics Aligned
1675025100,34.0522,-118.2437,444.0,51.6,24.7,43.4,1228.0,0,Normal - Physics Aligned
1675026000,34.0522,-118.2437,424.9,50.8,20.9,50.9,392.0,1,Anomaly - Sensor Bagged
1675026900,34.0522,-118.2437,463.0,54.3,22.2,48.0,1261.0,0,Normal - Physics Aligned
1675027800,34.0522,-118.2437,472.0,58.0,23.6,45.4,400.0,1,Anomaly - Sensor Bagged
1675028700,34.0522,-118.2437,426.8,50.4,26.9,39.1,1220.0,0,Normal - Physics Aligned
1675029600,34.0522,-118.2437,434.4,55.5,25.0,46.7,398.0,1,Anomaly - Sensor Bagged
1675030500,34.0522,-118.2437,466.2,56.3,21.2,51.0,1270.0,0,Normal - Physics Aligned
1675031400,34.0522,-118.2437,447.1,52.2,25.3,42.2,1249.0,0,Normal - Physics Aligned
1675032300,34.0522,-118.2437,446.6,58.0,26.4,39.3,1255.0,0,Normal - Physics Aligned
1675033200,34.0522,-118.2437,450.9,56.2,18.8,57.8,1279.0,0,Normal - Physics Aligned
1675034100,34.0522,-118.2437,461.5,55.3,24.3,43.7,1265.0,0,Normal - Physics Aligned
1675035000,34.0522,-118.2437,451.9,54.2,21.6,44.7,414.0,1,Anomaly - Sensor Bagged
1675035900,34.0522,-118.2437,461.5,55.3,21.0,48.7,1254.0,0,Normal - Physics Aligned
1675036800,34.0522,-118.2437,448.0,55.7,24.4,43.9,1256.0,0,Normal - Physics Aligned
1675037700,34.0522,-118.2437,446.3,53.8,26.6,40.4,1243.0,0,Normal - Physics Aligned
1675038600,34.0522,-118.2437,426.9,52.3,27.5,50.6,410.0,1,Anomaly - Sensor Bagged
1675039500,34.0522,-118.2437,438.5,54.6,23.9,45.5,1238.0,0,Normal - Physics Aligned
1675040400,34.0522,-118.2437,427.9,53.4,23.4,48.0,1233.0,0,Normal - Physics Aligned
1675041300,34.0522,-118.2437,462.2,55.8,20.2,52.8,1273.0,0,Normal - Physics Aligned
1675042200,36.1627,-115.1398,438.2,53.7,20.9,33.1,405.0,1,Anomaly - Location Spoof
1675043100,34.0522,-118.2437,439.1,52.8,22.3,49.1,1246.0,0,Normal - Physics Aligned
1675044000,34.0522,-118.2437,452.0,56.2,27.7,39.3,1272.0,0,Normal - Physics Aligned
1675044900,34.0522,-118.2437,469.9,56.6,25.4,42.1,1276.0,0,Normal - Physics Aligned
1675045800,34.0522,-118.2437,429.3,52.5,25.4,41.8,1220.0,0,Normal - Physics Aligned
1675046700,34.0522,-118.2437,463.7,54.6,21.1,50.4,1263.0,0,Normal - Physics Aligned
1675047600,34.0522,-118.2437,455.4,57.3,21.0,51.0,1267.0,0,Normal - Physics Aligned
1675048500,36.1627,-115.1398,466.7,56.7,21.7,28.7,414.0,1,Anomaly - Location Spoof
1675049400,34.0522,-118.2437,435.3,53.1,22.3,47.5,1222.0,0,Normal - Physics Aligned
1675050300,34.0522,-118.2437,484.2,59.8,25.8,40.5,1281.0,0,Normal - Physics Aligned
1675051200,36.1627,-115.1398,447.5,52.3,20.2,27.6,403.0,1,Anomaly - Location Spoof
1675052100,34.0522,-118.2437,480.1,57.1,25.2,44.1,1294.0,0,Normal - Physics Aligned
1675053000,34.0522,-118.2437,460.4,58.5,25.5,44.5,1280.0,0,Normal - Physics Aligned
1675053900,36.1627,-115.1398,445.4,56.5,20.8,29.4,400.0,1,Anomaly - Location Spoof
1675054800,34.0522,-118.2437,449.0,55.4,20.6,52.5,1257.0,0,Normal - Physics Aligned
1675055700,34.0522,-118.2437,433.5,54.6,24.9,44.7,1235.0,0,Normal - Physics Aligned
1675056600,34.0522,-118.2437,465.6,59.0,21.4,49.8,1292.0,0,Normal - Physics Aligned
1675057500,34.0522,-118.2437,433.8,52.5,24.5,43.8,1215.0,0,Normal - Physics Aligned
1675058400,34.0522,-118.2437,452.0,54.0,25.0,43.5,1255.0,0,Normal - Physics Aligned
1675059300,36.1627,-115.1398,419.8,48.2,22.2,32.6,410.0,1,Anomaly - Location Spoof
1675060200,34.0522,-118.2437,469.9,57.5,25.9,41.4,1271.0,0,Normal - Physics Aligned
1675061100,34.0522,-118.2437,427.6,52.4,23.8,44.5,1207.0,0,Normal - Physics Aligned
1675062000,34.0522,-118.2437,405.2,47.2,21.7,46.8,1167.0,0,Normal - Physics Aligned
1675062900,34.0522,-118.2437,437.3,54.2,21.0,50.8,1238.0,0,Normal - Physics Aligned
1675063800,34.0522,-118.2437,416.2,53.1,24.0,43.0,1202.0,0,Normal - Physics Aligned
1675064700,34.0522,-118.2437,479.4,58.7,26.3,40.8,1299.0,0,Normal - Physics Aligned
1675065600,34.0522,-118.2437,418.1,53.1,23.1,45.1,1195.0,0,Normal - Physics Aligned
1675066500,34.0522,-118.2437,426.5,48.9,23.9,43.9,1209.0,0,Normal - Physics Aligned
1675067400,34.0522,-118.2437,457.8,56.4,24.4,43.1,1261.0,0,Normal - Physics Aligned
1675068300,34.0522,-118.2437,411.1,49.1,27.5,45.4,401.0,1,Anomaly - Sensor Bagged
1675069200,34.0522,-118.2437,455.2,56.9,24.7,44.3,1265.0,0,Normal - Physics Aligned
1675070100,34.0522,-118.2437,468.2,57.0,24.2,45.1,1290.0,0,Normal - Physics Aligned
1675071000,34.0522,-118.2437,444.6,52.5,23.6,44.5,1229.0,0,Normal - Physics Aligned
1675071900,34.0522,-118.2437,472.5,57.3,18.4,56.4,1286.0,0,Normal - Physics Aligned
1675072800,34.0522,-118.2437,469.3,56.1,26.8,37.3,1267.0,0,Normal - Physics Aligned
1675073700,34.0522,-118.2437,463.7,58.5,27.8,38.4,1277.0,0,Normal - Physics Aligned
1675074600,34.0522,-118.2437,470.2,55.8,21.1,49.6,1268.0,0,Normal - Physics Aligned
1675075500,36.1627,-115.1398,463.1,58.0,21.8,28.5,418.0,1,Anomaly - Location Spoof
1675076400,34.0522,-118.2437,469.5,55.4,24.6,44.0,1268.0,0,Normal - Physics Aligned
1675077300,34.0522,-118.2437,444.6,53.9,27.1,40.8,1254.0,0,Normal - Physics Aligned
1675078200,34.0522,-118.2437,413.2,51.4,23.9,47.9,1224.0,0,Normal - Physics Aligned
1675079100,34.0522,-118.2437,445.9,52.3,24.4,43.3,1223.0,0,Normal - Physics Aligned
1675080000,34.0522,-118.2437,458.4,57.5,24.1,44.4,1279.0,0,Normal - Physics Aligned
1675080900,34.0522,-118.2437,469.4,57.4,21.6,51.0,1295.0,0,Normal - Physics Aligned
1675081800,34.0522,-118.2437,473.4,56.7,22.3,48.9,403.0,1,Anomaly - Sensor Bagged
1675082700,34.0522,-118.2437,454.1,55.4,22.6,48.2,1256.0,0,Normal - Physics Aligned
1675083600,34.0522,-118.2437,429.8,53.9,25.0,43.1,1228.0,0,Normal - Physics Aligned
1675084500,34.0522,-118.2437,460.4,56.3,24.1,44.8,1263.0,0,Normal - Physics Aligned
1675085400,34.0522,-118.2437,442.4,57.5,23.9,46.0,1260.0,0,Normal - Physics Aligned
1675086300,34.0522,-118.2437,468.1,57.4,22.6,49.3,1302.0,0,Normal - Physics Aligned
1675087200,36.1627,-115.1398,461.1,54.7,20.8,30.6,401.0,1,Anomaly - Location Spoof
1675088100,34.0522,-118.2437,479.2,61.0,26.6,39.5,1296.0,0,Normal - Physics Aligned
1675089000,34.0522,-118.2437,472.3,55.5,25.8,44.0,409.0,1,Anomaly - Sensor Bagged
1675089900,34.0522,-118.2437,478.4,56.6,25.7,41.1,1286.0,0,Normal - Physics Aligned
1675090800,36.1627,-115.1398,433.9,56.6,21.4,28.2,411.0,1,Anomaly - Location Spoof
1675091700,34.0522,-118.2437,432.8,52.5,25.7,42.0,1228.0,0,Normal - Physics Aligned
1675092600,34.0522,-118.2437,465.7,53.2,21.9,45.4,1239.0,0,Normal - Physics Aligned
1675093500,34.0522,-118.2437,424.8,52.1,23.4,46.2,1206.0,0,Normal - Physics Aligned
1675094400,34.0522,-118.2437,483.0,58.4,20.5,49.5,1294.0,0,Normal - Physics Aligned
1675095300,34.0522,-118.2437,419.5,53.2,24.7,44.1,1207.0,0,Normal - Physics Aligned
1675096200,34.0522,-118.2437,455.4,53.4,25.3,42.0,1267.0,0,Normal - Physics Aligned
1675097100,34.0522,-118.2437,467.1,56.1,28.4,39.0,1289.0,0,Normal - Physics Aligned
1675098000,34.0522,-118.2437,436.4,54.5,23.1,49.7,1240.0,0,Normal - Physics Aligned
1675098900,34.0522,-118.2437,436.9,52.1,27.7,37.7,1231.0,0,Normal - Physics Aligned
1675099800,34.0522,-118.2437,442.0,55.6,22.2,48.9,1253.0,0,Normal - Physics Aligned
1675100700,36.1627,-115.1398,439.5,56.7,21.0,32.2,405.0,1,Anomaly - Location Spoof
1675101600,34.0522,-118.2437,481.5,55.7,25.3,43.5,1279.0,0,Normal - Physics Aligned
1675102500,34.0522,-118.2437,418.7,50.3,22.6,48.1,1205.0,0,Normal - Physics Aligned
1675103400,34.0522,-118.2437,456.9,54.8,24.6,44.4,1248.0,0,Normal - Physics Aligned
1675104300,36.1627,-115.1398,455.8,56.5,21.4,29.6,394.0,1,Anomaly - Location Spoof
1675105200,34.0522,-118.2437,463.8,52.9,24.0,44.2,1264.0,0,Normal - Physics Aligned
1675106100,34.0522,-118.2437,447.8,55.9,23.7,45.3,1246.0,0,Normal - Physics Aligned
1675107000,34.0522,-118.2437,417.6,50.5,24.7,42.2,1205.0,0,Normal - Physics Aligned
1675107900,34.0522,-118.2437,471.1,57.4,23.7,47.2,1295.0,0,Normal - Physics Aligned
1675108800,34.0522,-118.2437,445.4,53.9,26.9,40.1,1251.0,0,Normal - Physics Aligned
1675109700,34.0522,-118.2437,444.2,50.5,23.1,47.1,1227.0,0,Normal - Physics Aligned
1675110600,34.0522,-118.2437,460.5,55.4,27.3,39.3,1274.0,0,Normal - Physics Aligned
1675111500,36.1627,-115.1398,447.3,54.7,21.0,28.2,406.0,1,Anomaly - Location Spoof
1675112400,34.0522,-118.2437,451.0,52.6,23.7,46.3,1251.0,0,Normal - Physics Aligned
1675113300,34.0522,-118.2437,399.5,45.1,19.1,53.9,1166.0,0,Normal - Physics Aligned
1675114200,34.0522,-118.2437,430.6,55.2,26.7,46.8,412.0,1,Anomaly - Sensor Bagged
1675115100,34.0522,-118.2437,452.8,55.3,25.1,43.3,1263.0,0,Normal - Physics Aligned
1675116000,34.0522,-118.2437,417.8,54.2,20.5,51.9,1211.0,0,Normal - Physics Aligned
1675116900,34.0522,-118.2437,446.0,57.3,23.6,46.1,1255.0,0,Normal - Physics Aligned
1675117800,34.0522,-118.2437,472.5,59.1,25.5,41.5,1299.0,0,Normal - Physics Aligned
1675118700,34.0522,-118.2437,442.8,53.9,23.1,49.2,1242.0,0,Normal - Physics Aligned
1675119600,34.0522,-118.2437,441.2,52.5,26.5,39.5,1231.0,0,Normal - Physics Aligned
1675120500,34.0522,-118.2437,471.4,60.2,30.7,33.5,1293.0,0,Normal - Physics Aligned
1675121400,34.0522,-118.2437,434.2,50.6,24.2,44.7,1224.0,0,Normal - Physics Aligned
1675122300,34.0522,-118.2437,461.0,54.7,27.5,37.4,1254.0,0,Normal - Physics Aligned
1675123200,34.0522,-118.2437,436.4,54.1,25.6,42.6,1234.0,0,Normal - Physics Aligned
1675124100,34.0522,-118.2437,450.8,57.0,23.8,46.7,1268.0,0,Normal - Physics Aligned
1675125000,34.0522,-118.2437,453.7,56.7,21.3,49.1,1259.0,0,Normal - Physics Aligned
1675125900,34.0522,-118.2437,449.4,55.3,22.4,47.7,1252.0,0,Normal - Physics Aligned
1675126800,34.0522,-118.2437,441.4,54.0,24.5,42.4,1228.0,0,Normal - Physics Aligned
1675127700,34.0522,-118.2437,445.7,54.5,23.6,46.6,1237.0,0,Normal - Physics Aligned
1675128600,34.0522,-118.2437,437.5,56.9,27.0,38.3,1240.0,0,Normal - Physics Aligned
1675129500,34.0522,-118.2437,413.6,51.1,25.5,42.9,1199.0,0,Normal - Physics Aligned
1675130400,34.0522,-118.2437,433.0,51.2,25.6,42.6,1242.0,0,Normal - Physics Aligned
1675131300,34.0522,-118.2437,457.9,55.8,23.4,46.9,1272.0,0,Normal - Physics Aligned
1675132200,34.0522,-118.2437,432.0,53.1,22.3,47.8,1228.0,0,Normal - Physics Aligned
1675133100,36.1627,-115.1398,444.5,56.2,21.2,28.4,410.0,1,Anomaly - Location Spoof
1675134000,34.0522,-118.2437,437.5,56.4,27.6,38.3,1238.0,0,Normal - Physics Aligned
1675134900,34.0522,-118.2437,478.0,59.0,25.1,42.9,1291.0,0,Normal - Physics Aligned
1675135800,36.1627,-115.1398,439.1,55.7,20.1,31.7,398.0,1,Anomaly - Location Spoof
1675136700,34.0522,-118.2437,443.6,54.6,27.2,48.1,393.0,1,Anomaly - Sensor Bagged
1675137600,34.0522,-118.2437,443.0,57.5,26.1,52.0,408.0,1,Anomaly - Sensor Bagged
1675138500,34.0522,-118.2437,439.3,54.7,24.8,44.1,1237.0,0,Normal - Physics Aligned
1675139400,34.0522,-118.2437,449.7,57.5,22.1,49.0,1251.0,0,Normal - Physics Aligned
1675140300,34.0522,-118.2437,453.1,51.4,24.8,45.8,1257.0,0,Normal - Physics Aligned
1675141200,34.0522,-118.2437,440.8,52.7,19.4,54.3,1240.0,0,Normal - Physics Aligned
1675142100,34.0522,-118.2437,459.6,54.9,23.4,45.2,1263.0,0,Normal - Physics Aligned
1675143000,34.0522,-118.2437,442.3,56.6,22.6,48.1,1258.0,0,Normal - Physics Aligned
1675143900,34.0522,-118.2437,474.3,61.4,26.0,40.7,1297.0,0,Normal - Physics Aligned
1675144800,34.0522,-118.2437,468.4,60.7,22.8,47.9,1279.0,0,Normal - Physics Aligned
1675145700,34.0522,-118.2437,434.3,53.5,26.5,41.5,1230.0,0,Normal - Physics Aligned
1675146600,36.1627,-115.1398,439.6,51.1,20.9,29.6,394.0,1,Anomaly - Location Spoof
1675147500,34.0522,-118.2437,448.0,53.4,26.3,40.0,1233.0,0,Normal - Physics Aligned
1675148400,34.0522,-118.2437,435.0,50.7,26.3,41.7,1237.0,0,Normal - Physics Aligned
1675149300,34.0522,-118.2437,461.4,57.2,23.7,46.6,1277.0,0,Normal - Physics Aligned
1675150200,34.0522,-118.2437,479.5,60.8,22.1,48.0,1289.0,0,Normal - Physics Aligned
1675151100,34.0522,-118.2437,445.5,56.0,22.8,46.7,1245.0,0,Normal - Physics Aligned
1675152000,34.0522,-118.2437,450.7,54.8,22.9,45.1,1228.0,0,Normal - Physics Aligned
1675152900,34.0522,-118.2437,453.0,56.4,26.0,47.4,395.0,1,Anomaly - Sensor Bagged
1675153800,34.0522,-118.2437,470.5,56.9,22.1,48.9,1288.0,0,Normal - Physics Aligned
1675154700,34.0522,-118.2437,463.5,52.4,24.5,42.3,1242.0,0,Normal - Physics Aligned
1675155600,34.0522,-118.2437,445.9,54.6,23.6,46.3,1241.0,0,Normal - Physics Aligned
1675156500,34.0522,-118.2437,444.1,54.0,25.4,40.7,1234.0,0,Normal - Physics Aligned
1675157400,34.0522,-118.2437,435.6,51.9,26.2,42.0,1246.0,0,Normal - Physics Aligned
1675158300,34.0522,-118.2437,447.9,55.5,25.3,42.9,1241.0,0,Normal - Physics Aligned
1675159200,34.0522,-118.2437,452.1,56.5,26.4,39.7,1237.0,0,Normal - Physics Aligned
1675160100,34.0522,-118.2437,446.7,52.3,21.7,49.3,1241.0,0,Normal - Physics Aligned
1675161000,34.0522,-118.2437,446.9,52.0,22.7,49.4,1242.0,0,Normal - Physics Aligned
1675161900,34.0522,-118.2437,472.7,59.7,26.8,40.9,1291.0,0,Normal - Physics Aligned
1675162800,34.0522,-118.2437,428.4,48.8,22.1,48.7,1205.0,0,Normal - Physics Aligned
1675163700,34.0522,-118.2437,450.8,54.7,25.1,43.0,1261.0,0,Normal - Physics Aligned
1675164600,34.0522,-118.2437,443.7,57.4,22.2,49.5,1247.0,0,Normal - Physics Aligned
1675165500,34.0522,-118.2437,438.8,53.3,23.1,47.8,1245.0,0,Normal - Physics Aligned
1675166400,34.0522,-118.2437,448.6,54.5,22.8,47.2,1254.0,0,Normal - Physics Aligned
1675167300,34.0522,-118.2437,482.5,57.0,30.7,32.2,1288.0,0,Normal - Physics Aligned
1675168200,34.0522,-118.2437,453.1,55.9,26.0,39.9,1258.0,0,Normal - Physics Aligned
1675169100,34.0522,-118.2437,422.1,52.3,27.1,38.5,1209.0,0,Normal - Physics Aligned
1675170000,34.0522,-118.2437,452.4,55.4,27.7,37.0,1238.0,0,Normal - Physics Aligned
1675170900,34.0522,-118.2437,444.5,53.2,24.1,45.1,1242.0,0,Normal - Physics Aligned
1675171800,34.0522,-118.2437,452.9,53.1,24.6,43.0,1239.0,0,Normal - Physics Aligned
1675172700,34.0522,-118.2437,433.3,51.7,25.4,43.0,1233.0,0,Normal - Physics Aligned
1675173600,34.0522,-118.2437,427.0,54.1,20.4,51.5,1225.0,0,Normal - Physics Aligned
1675174500,34.0522,-118.2437,477.1,55.9,23.9,46.5,1288.0,0,Normal - Physics Aligned
1675175400,34.0522,-118.2437,452.4,54.5,23.7,44.3,1253.0,0,Normal - Physics Aligned
1675176300,34.0522,-118.2437,443.7,56.1,24.2,43.7,1246.0,0,Normal - Physics Aligned
1675177200,34.0522,-118.2437,443.5,55.1,21.0,52.2,1248.0,0,Normal - Physics Aligned
1675178100,34.0522,-118.2437,446.1,50.8,24.8,44.1,1230.0,0,Normal - Physics Aligned
1675179000,34.0522,-118.2437,475.4,60.7,27.5,39.1,1315.0,0,Normal - Physics Aligned
1675179900,34.0522,-118.2437,442.0,52.6,22.4,47.9,1230.0,0,Normal - Physics Aligned
1675180800,34.0522,-118.2437,433.7,51.6,19.8,51.9,1221.0,0,Normal - Physics Aligned
1675181700,34.0522,-118.2437,451.5,53.0,21.0,49.3,1241.0,0,Normal - Physics Aligned
1675182600,34.0522,-118.2437,465.0,58.7,22.3,46.5,1251.0,0,Normal - Physics Aligned
1675183500,36.1627,-115.1398,435.0,58.0,20.5,30.0,402.0,1,Anomaly - Location Spoof
1675184400,34.0522,-118.2437,439.3,53.2,25.2,42.6,1227.0,0,Normal - Physics Aligned
1675185300,34.0522,-118.2437,466.4,58.6,29.6,34.6,1264.0,0,Normal - Physics Aligned
1675186200,34.0522,-118.2437,473.6,57.5,24.1,44.3,1280.0,0,Normal - Physics Aligned
1675187100,34.0522,-118.2437,424.6,51.6,22.1,46.9,1203.0,0,Normal - Physics Aligned
1675188000,34.0522,-118.2437,463.2,56.5,25.4,43.4,1288.0,0,Normal - Physics Aligned
1675188900,34.0522,-118.2437,450.1,54.6,22.5,46.3,1228.0,0,Normal - Physics Aligned
1675189800,34.0522,-118.2437,442.7,56.2,27.5,39.5,1259.0,0,Normal - Physics Aligned
1675190700,34.0522,-118.2437,460.8,60.0,23.2,46.0,1261.0,0,Normal - Physics Aligned
1675191600,34.0522,-118.2437,436.6,53.3,25.0,42.8,1250.0,0,Normal - Physics Aligned
1675192500,36.1627,-115.1398,441.7,57.3,21.2,28.5,405.0,1,Anomaly - Location Spoof
1675193400,34.0522,-118.2437,421.0,51.1,18.6,53.2,1204.0,0,Normal - Physics Aligned
1675194300,34.0522,-118.2437,438.9,58.4,29.5,35.0,1245.0,0,Normal - Physics Aligned
1675195200,34.0522,-118.2437,456.0,57.1,28.7,37.3,1265.0,0,Normal - Physics Aligned
1675196100,34.0522,-118.2437,384.3,48.5,23.2,46.6,1161.0,0,Normal - Physics Aligned
1675197000,34.0522,-118.2437,480.3,59.2,18.7,55.7,1299.0,0,Normal - Physics Aligned
1675197900,34.0522,-118.2437,484.9,61.0,26.4,41.4,1293.0,0,Normal - Physics Aligned
1675198800,34.0522,-118.2437,460.4,54.6,23.3,48.0,1274.0,0,Normal - Physics Aligned
1675199700,34.0522,-118.2437,446.1,55.6,23.3,45.1,1250.0,0,Normal - Physics Aligned
1675200600,34.0522,-118.2437,440.7,52.7,26.1,42.4,1252.0,0,Normal - Physics Aligned
1675201500,34.0522,-118.2437,433.3,47.4,24.1,46.3,1224.0,0,Normal - Physics Aligned
1675202400,34.0522,-118.2437,444.6,56.9,24.5,44.1,1253.0,0,Normal - Physics Aligned
1675203300,34.0522,-118.2437,461.6,55.1,22.7,47.9,1268.0,0,Normal - Physics Aligned
1675204200,34.0522,-118.2437,439.6,50.6,21.5,49.3,1228.0,0,Normal - Physics Aligned
1675205100,34.0522,-118.2437,441.2,53.0,23.2,48.0,1246.0,0,Normal - Physics Aligned
1675206000,34.0522,-118.2437,457.0,54.9,22.3,50.0,1277.0,0,Normal - Physics Aligned
1675206900,34.0522,-118.2437,452.4,56.2,24.0,45.9,1263.0,0,Normal - Physics Aligned
1675207800,34.0522,-118.2437,435.7,53.1,24.4,45.2,1242.0,0,Normal - Physics Aligned
1675208700,34.0522,-118.2437,460.3,54.7,20.4,53.1,1275.0,0,Normal - Physics Aligned
1675209600,34.0522,-118.2437,465.9,56.4,27.8,50.2,392.0,1,Anomaly - Sensor Bagged
1675210500,34.0522,-118.2437,451.9,56.8,23.7,45.8,1259.0,0,Normal - Physics Aligned
1675211400,34.0522,-118.2437,460.1,56.9,25.8,45.6,404.0,1,Anomaly - Sensor Bagged
1675212300,34.0522,-118.2437,458.7,51.5,22.9,46.8,1245.0,0,Normal - Physics Aligned
1675213200,36.1627,-115.1398,433.8,53.2,21.1,29.7,411.0,1,Anomaly - Location Spoof
1675214100,34.0522,-118.2437,434.8,50.7,25.1,42.0,1217.0,0,Normal - Physics Aligned
1675215000,34.0522,-118.2437,444.9,52.5,25.9,41.2,1236.0,0,Normal - Physics Aligned
1675215900,34.0522,-118.2437,454.8,55.3,24.2,44.3,1248.0,0,Normal - Physics Aligned
1675216800,34.0522,-118.2437,443.7,54.9,24.0,44.5,1232.0,0,Normal - Physics Aligned
1675217700,34.0522,-118.2437,458.6,56.9,20.9,50.1,1265.0,0,Normal - Physics Aligned
1675218600,34.0522,-118.2437,428.3,51.3,23.8,46.9,1232.0,0,Normal - Physics Aligned
1675219500,34.0522,-118.2437,467.4,57.9,25.3,42.4,1281.0,0,Normal - Physics Aligned
1675220400,34.0522,-118.2437,430.5,53.3,25.0,42.4,1218.0,0,Normal - Physics Aligned
1675221300,34.0522,-118.2437,438.5,53.5,26.8,38.9,1236.0,0,Normal - Physics Aligned
1675222200,34.0522,-118.2437,456.6,58.4,24.1,45.6,1275.0,0,Normal - Physics Aligned
1675223100,34.0522,-118.2437,468.7,60.3,23.3,46.1,1283.0,0,Normal - Physics Aligned
1675224000,34.0522,-118.2437,432.2,52.9,27.8,37.9,1220.0,0,Normal - Physics Aligned
1675224900,34.0522,-118.2437,434.8,51.8,22.1,48.8,1239.0,0,Normal - Physics Aligned
1675225800,34.0522,-118.2437,456.0,54.5,26.3,39.7,1245.0,0,Normal - Physics Aligned
1675226700,34.0522,-118.2437,446.9,52.0,18.2,55.8,1240.0,0,Normal - Physics Aligned
1675227600,34.0522,-118.2437,473.9,58.0,24.1,43.3,1268.0,0,Normal - Physics Aligned
1675228500,34.0522,-118.2437,449.7,57.2,22.9,42.1,402.0,1,Anomaly - Sensor Bagged
1675229400,34.0522,-118.2437,475.5,62.8,22.8,49.4,1311.0,0,Normal - Physics Aligned
1675230300,34.0522,-118.2437,484.3,59.2,24.0,43.1,1289.0,0,Normal - Physics Aligned
1675231200,34.0522,-118.2437,442.4,52.0,28.0,38.2,1235.0,0,Normal - Physics Aligned
1675232100,34.0522,-118.2437,458.7,57.2,26.3,41.7,1271.0,0,Normal - Physics Aligned
1675233000,34.0522,-118.2437,454.7,56.4,24.4,44.2,1263.0,0,Normal - Physics Aligned
1675233900,34.0522,-118.2437,449.2,54.0,30.0,32.7,1251.0,0,Normal - Physics Aligned
1675234800,34.0522,-118.2437,442.6,53.8,22.5,50.3,1243.0,0,Normal - Physics Aligned
1675235700,34.0522,-118.2437,459.5,60.3,26.3,41.6,1271.0,0,Normal - Physics Aligned
1675236600,34.0522,-118.2437,470.7,57.3,22.1,48.7,1271.0,0,Normal - Physics Aligned
1675237500,36.1627,-115.1398,418.8,50.7,21.7,28.7,406.0,1,Anomaly - Location Spoof
1675238400,34.0522,-118.2437,461.8,55.5,25.9,39.9,1253.0,0,Normal - Physics Aligned
1675239300,34.0522,-118.2437,452.2,55.2,23.1,46.3,1248.0,0,Normal - Physics Aligned
1675240200,34.0522,-118.2437,439.8,51.7,24.0,44.0,1216.0,0,Normal - Physics Aligned
1675241100,34.0522,-118.2437,448.2,57.4,26.3,40.4,1246.0,0,Normal - Physics Aligned
1675242000,34.0522,-118.2437,434.0,52.2,20.2,50.9,1222.0,0,Normal - Physics Aligned
1675242900,34.0522,-118.2437,451.8,57.1,21.7,46.2,408.0,1,Anomaly - Sensor Bagged
1675243800,34.0522,-118.2437,445.8,52.7,18.6,53.9,1226.0,0,Normal - Physics Aligned
1675244700,34.0522,-118.2437,405.6,51.8,22.3,47.7,1187.0,0,Normal - Physics Aligned
1675245600,34.0522,-118.2437,438.2,52.3,25.7,41.7,1228.0,0,Normal - Physics Aligned
1675246500,34.0522,-118.2437,437.0,49.7,25.7,41.8,1220.0,0,Normal - Physics Aligned
1675247400,34.0522,-118.2437,464.0,52.1,23.9,43.5,1244.0,0,Normal - Physics Aligned
1675248300,34.0522,-118.2437,405.2,48.5,21.0,50.3,1179.0,0,Normal - Physics Aligned
1675249200,34.0522,-118.2437,460.6,56.6,26.1,42.6,1281.0,0,Normal - Physics Aligned
1675250100,34.0522,-118.2437,458.6,54.6,23.7,43.1,1235.0,0,Normal - Physics Aligned
1675251000,34.0522,-118.2437,442.8,56.4,27.2,41.9,400.0,1,Anomaly - Sensor Bagged
1675251900,34.0522,-118.2437,473.7,59.9,23.0,45.8,1284.0,0,Normal - Physics Aligned
1675252800,34.0522,-118.2437,452.0,54.3,27.9,53.1,403.0,1,Anomaly - Sensor Bagged
1675253700,34.0522,-118.2437,472.3,58.4,23.8,46.2,1293.0,0,Normal - Physics Aligned
1675254600,34.0522,-118.2437,442.5,54.4,21.5,50.3,1258.0,0,Normal - Physics Aligned
1675255500,34.0522,-118.2437,443.0,56.6,26.5,41.2,1258.0,0,Normal - Physics Aligned
1675256400,34.0522,-118.2437,411.6,49.4,25.7,40.3,1189.0,0,Normal - Physics Aligned
1675257300,34.0522,-118.2437,455.0,53.3,24.1,42.6,1252.0,0,Normal - Physics Aligned
1675258200,34.0522,-118.2437,435.9,53.5,26.5,41.7,1239.0,0,Normal - Physics Aligned
1675259100,34.0522,-118.2437,395.2,47.5,24.2,43.6,400.0,1,Anomaly - Sensor Bagged
1675260000,34.0522,-118.2437,429.1,53.2,24.6,44.5,1223.0,0,Normal - Physics Aligned
1675260900,34.0522,-118.2437,475.0,56.6,18.3,56.5,1277.0,0,Normal - Physics Aligned
1675261800,34.0522,-118.2437,466.9,57.5,25.0,42.3,1274.0,0,Normal - Physics Aligned
1675262700,34.0522,-118.2437,456.1,57.3,23.3,49.6,401.0,1,Anomaly - Sensor Bagged
1675263600,34.0522,-118.2437,439.0,54.5,20.8,51.1,1238.0,0,Normal - Physics Aligned
1675264500,34.0522,-118.2437,427.0,51.2,20.6,49.5,1206.0,0,Normal - Physics Aligned
1675265400,34.0522,-118.2437,433.8,57.7,26.1,39.8,1245.0,0,Normal - Physics Aligned
1675266300,34.0522,-118.2437,455.7,55.3,24.6,43.9,1247.0,0,Normal - Physics Aligned
1675267200,34.0522,-118.2437,449.5,58.0,27.3,39.9,1275.0,0,Normal - Physics Aligned
1675268100,34.0522,-118.2437,442.7,49.2,23.0,46.3,1224.0,0,Normal - Physics Aligned
1675269000,34.0522,-118.2437,428.4,53.5,21.0,50.1,1220.0,0,Normal - Physics Aligned
1675269900,34.0522,-118.2437,429.4,52.4,23.6,45.7,1223.0,0,Normal - Physics Aligned
1675270800,34.0522,-118.2437,425.8,51.9,21.8,49.9,1208.0,0,Normal - Physics Aligned
1675271700,34.0522,-118.2437,453.0,56.8,24.4,42.6,1249.0,0,Normal - Physics Aligned
1675272600,34.0522,-118.2437,473.1,60.9,24.6,42.9,1285.0,0,Normal - Physics Aligned
1675273500,34.0522,-118.2437,445.0,56.5,24.4,42.7,1237.0,0,Normal - Physics Aligned
1675274400,34.0522,-118.2437,451.6,56.6,22.6,48.0,1266.0,0,Normal - Physics Aligned
1675275300,34.0522,-118.2437,415.1,54.5,21.2,51.1,1224.0,0,Normal - Physics Aligned
1675276200,34.0522,-118.2437,448.9,54.9,26.7,39.1,1248.0,0,Normal - Physics Aligned
1675277100,34.0522,-118.2437,463.2,55.4,24.1,45.8,1272.0,0,Normal - Physics Aligned
1675278000,34.0522,-118.2437,455.1,57.2,29.1,46.9,410.0,1,Anomaly - Sensor Bagged
1675278900,34.0522,-118.2437,467.4,57.1,21.8,47.8,1261.0,0,Normal - Physics Aligned
1675279800,34.0522,-118.2437,427.4,53.1,26.2,41.2,1227.0,0,Normal - Physics Aligned
1675280700,34.0522,-118.2437,443.9,55.4,21.5,49.7,1250.0,0,Normal - Physics Aligned
1675281600,36.1627,-115.1398,429.8,52.8,20.9,27.7,403.0,1,Anomaly - Location Spoof
1675282500,34.0522,-118.2437,402.8,50.0,23.3,46.3,1182.0,0,Normal - Physics Aligned
1675283400,34.0522,-118.2437,432.2,52.9,24.8,43.3,1237.0,0,Normal - Physics Aligned
1675284300,34.0522,-118.2437,450.5,52.5,24.7,51.1,411.0,1,Anomaly - Sensor Bagged
1675285200,36.1627,-115.1398,452.3,53.8,21.3,31.1,411.0,1,Anomaly - Location Spoof
1675286100,34.0522,-118.2437,429.4,50.0,25.6,42.8,1217.0,0,Normal - Physics Aligned
1675287000,34.0522,-118.2437,463.7,50.7,24.3,45.6,1257.0,0,Normal - Physics Aligned
1675287900,34.0522,-118.2437,460.8,54.1,23.3,46.6,1266.0,0,Normal - Physics Aligned
1675288800,34.0522,-118.2437,447.4,54.4,23.0,45.8,1233.0,0,Normal - Physics Aligned
1675289700,34.0522,-118.2437,472.7,55.9,24.8,41.0,1259.0,0,Normal - Physics Aligned
1675290600,34.0522,-118.2437,425.8,50.7,25.5,42.7,1216.0,0,Normal - Physics Aligned
1675291500,34.0522,-118.2437,417.9,52.9,27.7,39.6,1223.0,0,Normal - Physics Aligned
1675292400,34.0522,-118.2437,446.7,52.4,26.5,40.7,1240.0,0,Normal - Physics Aligned
1675293300,34.0522,-118.2437,403.2,47.0,23.9,46.9,1189.0,0,Normal - Physics Aligned
1675294200,34.0522,-118.2437,445.9,55.3,26.3,41.2,1253.0,0,Normal - Physics Aligned
1675295100,34.0522,-118.2437,441.0,55.7,22.1,48.8,1245.0,0,Normal - Physics Aligned
1675296000,34.0522,-118.2437,473.6,57.6,24.8,41.6,1274.0,0,Normal - Physics Aligned
1675296900,34.0522,-118.2437,458.0,60.3,21.7,49.9,1281.0,0,Normal - Physics Aligned
1675297800,34.0522,-118.2437,443.7,52.7,24.4,44.3,1240.0,0,Normal - Physics Aligned
1675298700,34.0522,-118.2437,462.3,56.4,24.6,44.5,1265.0,0,Normal - Physics Aligned
1675299600,34.0522,-118.2437,476.3,60.5,25.9,40.9,1303.0,0,Normal - Physics Aligned
1675300500,34.0522,-118.2437,438.0,54.3,22.4,48.7,1238.0,0,Normal - Physics Aligned
1675301400,34.0522,-118.2437,486.4,62.0,22.5,47.3,1299.0,0,Normal - Physics Aligned
1675302300,34.0522,-118.2437,457.9,53.4,24.1,44.2,1263.0,0,Normal - Physics Aligned
1675303200,34.0522,-118.2437,426.2,52.3,22.3,47.6,1207.0,0,Normal - Physics Aligned
1675304100,34.0522,-118.2437,461.7,58.6,26.8,39.5,1270.0,0,Normal - Physics Aligned
1675305000,34.0522,-118.2437,454.3,58.2,24.3,44.5,1262.0,0,Normal - Physics Aligned
1675305900,34.0522,-118.2437,462.6,56.2,19.9,54.2,1259.0,0,Normal - Physics Aligned
1675306800,34.0522,-118.2437,462.8,54.1,21.0,52.5,1274.0,0,Normal - Physics Aligned
1675307700,34.0522,-118.2437,454.3,54.4,23.5,46.3,1245.0,0,Normal - Physics Aligned
1675308600,34.0522,-118.2437,428.3,52.4,30.1,48.7,397.0,1,Anomaly - Sensor Bagged
1675309500,34.0522,-118.2437,449.2,55.7,23.9,45.1,1235.0,0,Normal - Physics Aligned
1675310400,34.0522,-118.2437,457.6,55.5,20.1,51.4,1253.0,0,Normal - Physics Aligned
1675311300,34.0522,-118.2437,472.6,55.4,19.7,52.2,1266.0,0,Normal - Physics Aligned
1675312200,34.0522,-118.2437,459.9,57.5,25.6,48.8,404.0,1,Anomaly - Sensor Bagged
1675313100,34.0522,-118.2437,452.7,53.1,22.9,47.9,1265.0,0,Normal - Physics Aligned
1675314000,34.0522,-118.2437,454.3,53.5,23.1,44.4,1240.0,0,Normal - Physics Aligned
1675314900,36.1627,-115.1398,436.8,49.6,21.9,28.0,405.0,1,Anomaly - Location Spoof
1675315800,34.0522,-118.2437,440.1,56.9,24.2,45.5,1248.0,0,Normal - Physics Aligned
1675316700,34.0522,-118.2437,487.5,62.1,22.4,49.5,1329.0,0,Normal - Physics Aligned
1675317600,34.0522,-118.2437,452.2,57.2,31.2,29.9,1248.0,0,Normal - Physics Aligned
1675318500,34.0522,-118.2437,462.5,57.1,22.6,49.0,1282.0,0,Normal - Physics Aligned
1675319400,34.0522,-118.2437,422.3,52.4,19.3,53.5,1209.0,0,Normal - Physics Aligned
1675320300,34.0522,-118.2437,452.9,57.5,20.2,51.0,1265.0,0,Normal - Physics Aligned
1675321200,34.0522,-118.2437,445.3,51.6,22.8,48.3,1250.0,0,Normal - Physics Aligned
1675322100,34.0522,-118.2437,450.8,52.9,20.0,51.0,1235.0,0,Normal - Physics Aligned
1675323000,34.0522,-118.2437,473.1,58.7,25.1,44.4,1288.0,0,Normal - Physics Aligned
1675323900,34.0522,-118.2437,431.5,51.9,26.4,40.9,1227.0,0,Normal - Physics Aligned
1675324800,34.0522,-118.2437,472.1,56.7,24.9,40.9,1248.0,0,Normal - Physics Aligned
1675325700,34.0522,-118.2437,455.2,56.4,26.3,46.6,398.0,1,Anomaly - Sensor Bagged
1675326600,34.0522,-118.2437,433.4,52.5,23.6,46.7,1237.0,0,Normal - Physics Aligned
1675327500,34.0522,-118.2437,449.3,57.3,26.7,40.3,1239.0,0,Normal - Physics Aligned
1675328400,34.0522,-118.2437,461.9,53.8,21.6,46.5,1246.0,0,Normal - Physics Aligned
1675329300,34.0522,-118.2437,456.6,54.8,21.4,50.4,1256.0,0,Normal - Physics Aligned
1675330200,34.0522,-118.2437,430.3,56.0,23.7,44.9,1230.0,0,Normal - Physics Aligned
1675331100,34.0522,-118.2437,448.4,55.1,22.9,46.2,1235.0,0,Normal - Physics Aligned
1675332000,34.0522,-118.2437,404.6,49.2,24.1,41.2,407.0,1,Anomaly - Sensor Bagged
1675332900,34.0522,-118.2437,432.6,50.2,24.3,43.5,1212.0,0,Normal - Physics Aligned
1675333800,34.0522,-118.2437,466.4,58.4,23.9,44.9,1271.0,0,Normal - Physics Aligned
1675334700,34.0522,-118.2437,444.8,55.4,23.7,47.6,1251.0,0,Normal - Physics Aligned
1675335600,36.1627,-115.1398,432.9,54.9,20.6,31.2,408.0,1,Anomaly - Location Spoof
1675336500,34.0522,-118.2437,477.8,59.4,18.4,56.1,1296.0,0,Normal - Physics Aligned
1675337400,34.0522,-118.2437,445.0,54.2,26.8,38.6,1237.0,0,Normal - Physics Aligned
1675338300,34.0522,-118.2437,420.8,52.8,21.4,49.9,1223.0,0,Normal - Physics Aligned
1675339200,34.0522,-118.2437,483.7,61.7,28.7,48.0,401.0,1,Anomaly - Sensor Bagged
1675340100,34.0522,-118.2437,457.4,58.3,27.0,40.6,1278.0,0,Normal - Physics Aligned
1675341000,34.0522,-118.2437,455.0,56.1,26.9,39.9,1277.0,0,Normal - Physics Aligned
1675341900,34.0522,-118.2437,450.9,62.0,26.3,42.3,1279.0,0,Normal - Physics Aligned
1675342800,34.0522,-118.2437,440.3,59.5,23.4,43.7,1231.0,0,Normal - Physics Aligned
1675343700,34.0522,-118.2437,458.7,56.2,23.0,46.8,1253.0,0,Normal - Physics Aligned
1675344600,34.0522,-118.2437,435.6,49.2,22.3,47.3,1215.0,0,Normal - Physics Aligned
1675345500,36.1627,-115.1398,457.9,55.9,21.1,31.3,418.0,1,Anomaly - Location Spoof
1675346400,34.0522,-118.2437,440.2,57.2,21.9,49.8,1239.0,0,Normal - Physics Aligned
1675347300,34.0522,-118.2437,442.4,59.6,22.1,47.8,1257.0,0,Normal - Physics Aligned
1675348200,34.0522,-118.2437,459.5,54.7,23.5,49.5,1283.0,0,Normal - Physics Aligned
1675349100,34.0522,-118.2437,439.6,57.3,23.9,44.3,1242.0,0,Normal - Physics Aligned
1675350000,34.0522,-118.2437,447.9,57.3,23.0,45.4,1252.0,0,Normal - Physics Aligned
1675350900,34.0522,-118.2437,456.7,58.1,26.3,40.8,1265.0,0,Normal - Physics Aligned
1675351800,34.0522,-118.2437,462.9,57.4,23.4,47.8,1280.0,0,Normal - Physics Aligned
1675352700,34.0522,-118.2437,452.4,54.9,25.5,43.9,1258.0,0,Normal - Physics Aligned
1675353600,34.0522,-118.2437,454.2,56.6,26.6,39.3,1247.0,0,Normal - Physics Aligned
1675354500,34.0522,-118.2437,443.7,55.6,26.7,41.3,1256.0,0,Normal - Physics Aligned
1675355400,34.0522,-118.2437,424.0,50.8,23.6,45.7,1205.0,0,Normal - Physics Aligned
1675356300,34.0522,-118.2437,417.2,51.6,23.1,46.6,397.0,1,Anomaly - Sensor Bagged
1675357200,34.0522,-118.2437,424.6,52.2,25.6,43.1,1222.0,0,Normal - Physics Aligned
1675358100,34.0522,-118.2437,490.4,61.2,25.5,42.3,1304.0,0,Normal - Physics Aligned
1675359000,34.0522,-118.2437,506.2,63.8,24.1,44.2,1317.0,0,Normal - Physics Aligned
1675359900,34.0522,-118.2437,460.2,51.3,22.0,46.9,1243.0,0,Normal - Physics Aligned
1675360800,36.1627,-115.1398,421.3,51.4,20.7,29.4,389.0,1,Anomaly - Location Spoof
1675361700,34.0522,-118.2437,440.9,51.2,24.6,44.5,1235.0,0,Normal - Physics Aligned
1675362600,34.0522,-118.2437,423.0,50.7,25.2,44.9,1218.0,0,Normal - Physics Aligned
1675363500,34.0522,-118.2437,430.6,55.1,24.4,44.6,1238.0,0,Normal - Physics Aligned
1675364400,34.0522,-118.2437,445.7,52.2,23.2,46.2,1235.0,0,Normal - Physics Aligned
1675365300,34.0522,-118.2437,434.5,50.6,21.3,48.8,1227.0,0,Normal - Physics Aligned
1675366200,34.0522,-118.2437,452.9,54.7,24.0,42.8,1242.0,0,Normal - Physics Aligned
1675367100,34.0522,-118.2437,436.4,55.2,23.1,48.5,1257.0,0,Normal - Physics Aligned
1675368000,34.0522,-118.2437,480.7,58.9,20.6,49.6,1283.0,0,Normal - Physics Aligned
1675368900,36.1627,-115.1398,447.4,55.9,20.9,32.2,401.0,1,Anomaly - Location Spoof
1675369800,34.0522,-118.2437,442.4,51.9,23.1,47.2,1220.0,0,Normal - Physics Aligned
1675370700,34.0522,-118.2437,464.9,57.8,22.1,48.1,1278.0,0,Normal - Physics Aligned
1675371600,36.1627,-115.1398,451.3,55.4,22.0,31.4,402.0,1,Anomaly - Location Spoof
1675372500,34.0522,-118.2437,462.4,58.8,21.8,49.4,1271.0,0,Normal - Physics Aligned
1675373400,34.0522,-118.2437,464.7,57.2,22.8,45.2,1255.0,0,Normal - Physics Aligned
1675374300,34.0522,-118.2437,462.4,56.4,25.3,42.5,1263.0,0,Normal - Physics Aligned
1675375200,34.0522,-118.2437,412.3,49.1,24.6,44.6,400.0,1,Anomaly - Sensor Bagged
1675376100,34.0522,-118.2437,466.1,58.5,20.9,51.5,1278.0,0,Normal - Physics Aligned
1675377000,34.0522,-118.2437,447.2,53.9,26.1,41.3,1239.0,0,Normal - Physics Aligned
1675377900,34.0522,-118.2437,431.4,55.0,23.7,45.5,1221.0,0,Normal - Physics Aligned
1675378800,34.0522,-118.2437,450.9,55.9,23.3,44.4,1250.0,0,Normal - Physics Aligned
1675379700,34.0522,-118.2437,445.5,53.9,28.5,48.9,391.0,1,Anomaly - Sensor Bagged
1675380600,34.0522,-118.2437,427.8,54.3,26.2,42.6,1239.0,0,Normal - Physics Aligned
1675381500,34.0522,-118.2437,466.3,55.7,21.2,49.1,1254.0,0,Normal - Physics Aligned
1675382400,34.0522,-118.2437,515.1,59.5,19.1,54.9,1336.0,0,Normal - Physics Aligned
1675383300,34.0522,-118.2437,418.5,51.5,21.1,49.0,1197.0,0,Normal - Physics Aligned
1675384200,34.0522,-118.2437,463.3,60.3,23.2,46.9,1275.0,0,Normal - Physics Aligned
1675385100,34.0522,-118.2437,432.1,55.2,26.2,43.0,1246.0,0,Normal - Physics Aligned
1675386000,34.0522,-118.2437,468.9,59.9,23.0,45.5,1269.0,0,Normal - Physics Aligned
1675386900,34.0522,-118.2437,457.4,58.0,23.6,47.8,1287.0,0,Normal - Physics Aligned
1675387800,34.0522,-118.2437,432.4,56.0,23.3,49.2,1248.0,0,Normal - Physics Aligned
1675388700,34.0522,-118.2437,452.0,53.9,21.3,51.2,1259.0,0,Normal - Physics Aligned
1675389600,34.0522,-118.2437,408.0,49.7,26.4,41.6,1195.0,0,Normal - Physics Aligned
1675390500,34.0522,-118.2437,452.6,55.6,23.1,45.4,1241.0,0,Normal - Physics Aligned
1675391400,34.0522,-118.2437,433.0,52.0,24.3,47.8,400.0,1,Anomaly - Sensor Bagged
1675392300,34.0522,-118.2437,440.3,52.8,22.1,50.7,1252.0,0,Normal - Physics Aligned
1675393200,34.0522,-118.2437,448.6,54.1,22.4,47.4,1236.0,0,Normal - Physics Aligned
1675394100,34.0522,-118.2437,441.3,49.4,24.4,42.7,1223.0,0,Normal - Physics Aligned
1675395000,34.0522,-118.2437,444.8,52.8,26.8,38.8,1216.0,0,Normal - Physics Aligned
1675395900,34.0522,-118.2437,445.7,54.8,30.1,32.8,1254.0,0,Normal - Physics Aligned
1675396800,34.0522,-118.2437,455.0,54.8,25.3,40.7,1225.0,0,Normal - Physics Aligned
1675397700,34.0522,-118.2437,420.6,53.9,24.2,45.1,1230.0,0,Normal - Physics Aligned
1675398600,34.0522,-118.2437,426.6,50.9,18.8,55.0,1211.0,0,Normal - Physics Aligned
1675399500,34.0522,-118.2437,465.5,59.9,23.7,45.6,1278.0,0,Normal - Physics Aligned
1675400400,34.0522,-118.2437,425.0,49.3,22.6,47.4,1210.0,0,Normal - Physics Aligned
1675401300,34.0522,-118.2437,450.4,58.6,26.6,48.6,390.0,1,Anomaly - Sensor Bagged
1675402200,34.0522,-118.2437,462.0,57.2,22.9,46.3,1250.0,0,Normal - Physics Aligned
1675403100,34.0522,-118.2437,425.4,56.8,21.4,51.9,1249.0,0,Normal - Physics Aligned
1675404000,36.1627,-115.1398,427.3,52.5,20.6,27.7,406.0,1,Anomaly - Location Spoof
1675404900,34.0522,-118.2437,445.7,54.7,25.4,42.7,1258.0,0,Normal - Physics Aligned
1675405800,34.0522,-118.2437,457.5,56.8,27.0,39.2,1256.0,0,Normal - Physics Aligned
1675406700,34.0522,-118.2437,449.3,57.4,28.1,37.0,1261.0,0,Normal - Physics Aligned
1675407600,34.0522,-118.2437,440.1,53.8,23.9,45.6,1232.0,0,Normal - Physics Aligned
1675408500,34.0522,-118.2437,424.8,52.4,24.0,44.3,1206.0,0,Normal - Physics Aligned
1675409400,34.0522,-118.2437,479.3,57.3,26.0,43.5,1302.0,0,Normal - Physics Aligned
1675410300,34.0522,-118.2437,465.2,58.6,24.5,43.9,1279.0,0,Normal - Physics Aligned
1675411200,36.1627,-115.1398,445.3,53.0,21.5,28.9,399.0,1,Anomaly - Location Spoof
1675412100,34.0522,-118.2437,501.0,60.8,26.0,40.0,1302.0,0,Normal - Physics Aligned
1675413000,34.0522,-118.2437,455.5,53.8,25.5,42.7,1259.0,0,Normal - Physics Aligned
1675413900,34.0522,-118.2437,445.6,51.3,26.4,41.2,1246.0,0,Normal - Physics Aligned
1675414800,34.0522,-118.2437,437.9,53.0,26.8,37.6,1218.0,0,Normal - Physics Aligned
1675415700,34.0522,-118.2437,456.8,56.1,23.0,46.9,1251.0,0,Normal - Physics Aligned
1675416600,34.0522,-118.2437,452.0,54.9,27.3,38.5,1253.0,0,Normal - Physics Aligned
1675417500,34.0522,-118.2437,445.9,52.8,21.7,49.0,1244.0,0,Normal - Physics Aligned
1675418400,34.0522,-118.2437,482.5,57.6,19.0,53.9,1281.0,0,Normal - Physics Aligned
1675419300,34.0522,-118.2437,451.5,55.9,26.2,40.4,1259.0,0,Normal - Physics Aligned
1675420200,34.0522,-118.2437,427.3,51.0,24.8,45.8,1234.0,0,Normal - Physics Aligned
1675421100,34.0522,-118.2437,471.9,55.9,20.8,50.6,410.0,1,Anomaly - Sensor Bagged
1675422000,34.0522,-118.2437,434.8,49.6,25.6,40.8,1202.0,0,Normal - Physics Aligned
1675422900,34.0522,-118.2437,411.4,49.9,23.1,45.4,1196.0,0,Normal - Physics Aligned
1675423800,34.0522,-118.2437,431.6,52.9,22.9,51.3,400.0,1,Anomaly - Sensor Bagged
1675424700,34.0522,-118.2437,465.9,55.7,25.2,42.9,1272.0,0,Normal - Physics Aligned
1675425600,34.0522,-118.2437,453.8,54.6,20.8,52.3,1250.0,0,Normal - Physics Aligned
1675426500,36.1627,-115.1398,453.4,58.4,21.0,28.2,396.0,1,Anomaly - Location Spoof
1675427400,34.0522,-118.2437,451.7,55.0,23.5,44.9,1245.0,0,Normal - Physics Aligned
1675428300,34.0522,-118.2437,477.0,63.1,25.7,42.3,1300.0,0,Normal - Physics Aligned
1675429200,34.0522,-118.2437,435.9,58.4,27.3,51.2,411.0,1,Anomaly - Sensor Bagged
1675430100,34.0522,-118.2437,421.3,53.9,25.4,41.6,1211.0,0,Normal - Physics Aligned
1675431000,34.0522,-118.2437,468.0,56.4,27.5,36.3,1256.0,0,Normal - Physics Aligned
1675431900,34.0522,-118.2437,454.8,56.2,21.3,49.2,1249.0,0,Normal - Physics Aligned
1675432800,34.0522,-118.2437,492.8,64.0,21.4,48.3,1291.0,0,Normal - Physics Aligned
1675433700,34.0522,-118.2437,456.9,53.5,23.6,45.8,1267.0,0,Normal - Physics Aligned
1675434600,34.0522,-118.2437,416.4,53.6,27.3,38.5,1191.0,0,Normal - Physics Aligned
1675435500,34.0522,-118.2437,464.6,55.2,25.1,44.8,1289.0,0,Normal - Physics Aligned
1675436400,34.0522,-118.2437,457.0,57.5,28.2,36.7,1250.0,0,Normal - Physics Aligned
1675437300,34.0522,-118.2437,440.2,56.1,29.2,32.5,1240.0,0,Normal - Physics Aligned
1675438200,34.0522,-118.2437,487.3,59.4,24.8,42.4,1302.0,0,Normal - Physics Aligned
1675439100,34.0522,-118.2437,445.5,52.9,22.2,49.6,1231.0,0,Normal - Physics Aligned
1675440000,34.0522,-118.2437,433.1,50.7,24.0,43.8,1213.0,0,Normal - Physics Aligned
1675440900,34.0522,-118.2437,449.9,58.2,26.8,39.4,1252.0,0,Normal - Physics Aligned
1675441800,34.0522,-118.2437,447.9,55.2,24.3,43.3,1234.0,0,Normal - Physics Aligned
1675442700,34.0522,-118.2437,480.3,62.7,22.5,48.1,1299.0,0,Normal - Physics Aligned
1675443600,34.0522,-118.2437,461.7,58.9,25.3,40.2,417.0,1,Anomaly - Sensor Bagged
1675444500,34.0522,-118.2437,483.2,60.2,25.7,42.5,1304.0,0,Normal - Physics Aligned
1675445400,34.0522,-118.2437,422.1,51.8,23.3,44.8,1190.0,0,Normal - Physics Aligned
1675446300,34.0522,-118.2437,453.6,57.2,23.8,45.0,1255.0,0,Normal - Physics Aligned
1675447200,36.1627,-115.1398,480.1,59.4,20.7,29.7,403.0,1,Anomaly - Location Spoof
1675448100,34.0522,-118.2437,458.7,56.7,23.7,45.3,1258.0,0,Normal - Physics Aligned
1675449000,34.0522,-118.2437,434.9,54.0,23.2,45.5,1220.0,0,Normal - Physics Aligned
1675449900,34.0522,-118.2437,481.4,58.6,23.9,43.0,406.0,1,Anomaly - Sensor Bagged
1675450800,34.0522,-118.2437,454.8,54.0,27.7,37.4,1246.0,0,Normal - Physics Aligned
1675451700,36.1627,-115.1398,455.1,56.3,21.8,30.4,406.0,1,Anomaly - Location Spoof
1675452600,34.0522,-118.2437,467.9,55.3,25.4,42.2,1284.0,0,Normal - Physics Aligned
1675453500,34.0522,-118.2437,474.5,58.4,20.9,51.6,1296.0,0,Normal - Physics Aligned
1675454400,34.0522,-118.2437,428.7,50.7,28.0,37.3,1216.0,0,Normal - Physics Aligned
1675455300,34.0522,-118.2437,490.4,57.9,23.3,46.8,1309.0,0,Normal - Physics Aligned
1675456200,34.0522,-118.2437,421.2,44.1,20.7,53.0,1199.0,0,Normal - Physics Aligned
1675457100,34.0522,-118.2437,445.4,53.6,19.8,52.1,1239.0,0,Normal - Physics Aligned
1675458000,34.0522,-118.2437,435.4,49.8,25.3,41.8,1210.0,0,Normal - Physics Aligned
1675458900,34.0522,-118.2437,425.6,51.1,22.6,48.5,1229.0,0,Normal - Physics Aligned
1675459800,34.0522,-118.2437,454.2,55.6,22.2,49.6,1264.0,0,Normal - Physics Aligned
1675460700,34.0522,-118.2437,461.1,59.9,21.7,51.4,1290.0,0,Normal - Physics Aligned
1675461600,34.0522,-118.2437,443.8,52.2,26.2,39.8,1215.0,0,Normal - Physics Aligned
1675462500,34.0522,-118.2437,434.7,53.6,24.2,45.0,1230.0,0,Normal - Physics Aligned
1675463400,34.0522,-118.2437,458.5,58.5,21.4,48.8,1247.0,0,Normal - Physics Aligned
1675464300,34.0522,-118.2437,450.8,56.0,27.1,39.3,1258.0,0,Normal - Physics Aligned
1675465200,34.0522,-118.2437,428.8,52.5,23.7,45.5,1228.0,0,Normal - Physics Aligned
1675466100,34.0522,-118.2437,438.9,51.9,24.7,44.4,1220.0,0,Normal - Physics Aligned
1675467000,34.0522,-118.2437,447.4,60.9,27.1,50.0,401.0,1,Anomaly - Sensor Bagged
1675467900,34.0522,-118.2437,468.7,54.5,23.4,45.5,1254.0,0,Normal - Physics Aligned
1675468800,34.0522,-118.2437,475.4,58.8,21.6,49.3,1283.0,0,Normal - Physics Aligned
1675469700,34.0522,-118.2437,445.6,53.8,26.3,40.9,1241.0,0,Normal - Physics Aligned
1675470600,34.0522,-118.2437,461.6,57.5,23.5,45.5,1252.0,0,Normal - Physics Aligned
1675471500,36.1627,-115.1398,422.1,49.9,21.1,29.9,400.0,1,Anomaly - Location Spoof
1675472400,34.0522,-118.2437,410.6,49.7,24.6,41.4,390.0,1,Anomaly - Sensor Bagged
1675473300,34.0522,-118.2437,426.1,51.5,24.9,46.5,399.0,1,Anomaly - Sensor Bagged
1675474200,34.0522,-118.2437,450.1,58.1,25.3,41.2,1263.0,0,Normal - Physics Aligned
1675475100,34.0522,-118.2437,432.4,53.7,27.3,38.3,1219.0,0,Normal - Physics Aligned
1675476000,34.0522,-118.2437,436.2,47.3,25.6,43.4,1223.0,0,Normal - Physics Aligned
1675476900,34.0522,-118.2437,429.7,51.5,20.7,51.5,1212.0,0,Normal - Physics Aligned
1675477800,34.0522,-118.2437,443.5,51.8,23.3,44.5,1225.0,0,Normal - Physics Aligned
1675478700,34.0522,-118.2437,454.1,54.1,27.7,38.3,1257.0,0,Normal - Physics Aligned
1675479600,34.0522,-118.2437,431.2,52.3,24.1,45.0,1219.0,0,Normal - Physics Aligned
1675480500,34.0522,-118.2437,417.7,50.3,24.2,46.5,1219.0,0,Normal - Physics Aligned
1675481400,34.0522,-118.2437,427.5,54.1,26.6,41.0,1230.0,0,Normal - Physics Aligned
1675482300,36.1627,-115.1398,457.9,51.0,21.0,31.5,414.0,1,Anomaly - Location Spoof
1675483200,34.0522,-118.2437,461.5,54.8,21.9,48.8,1271.0,0,Normal - Physics Aligned
1675484100,34.0522,-118.2437,428.8,54.1,24.5,44.2,1217.0,0,Normal - Physics Aligned
1675485000,34.0522,-118.2437,438.6,52.3,27.1,38.3,1225.0,0,Normal - Physics Aligned
1675485900,34.0522,-118.2437,454.7,55.0,25.1,39.4,399.0,1,Anomaly - Sensor Bagged
1675486800,34.0522,-118.2437,441.5,52.3,23.0,46.3,1229.0,0,Normal - Physics Aligned
1675487700,34.0522,-118.2437,455.5,53.3,26.1,46.4,403.0,1,Anomaly - Sensor Bagged
1675488600,36.1627,-115.1398,477.2,58.5,20.7,27.5,392.0,1,Anomaly - Location Spoof
1675489500,34.0522,-118.2437,412.1,52.1,25.0,43.3,1210.0,0,Normal - Physics Aligned
1675490400,34.0522,-118.2437,456.7,56.5,26.2,40.5,1266.0,0,Normal - Physics Aligned
1675491300,34.0522,-118.2437,455.5,57.0,26.0,42.7,1269.0,0,Normal - Physics Aligned
1675492200,34.0522,-118.2437,446.5,52.8,22.5,47.7,1232.0,0,Normal - Physics Aligned
1675493100,36.1627,-115.1398,437.1,50.6,20.3,28.8,404.0,1,Anomaly - Location Spoof
1675494000,34.0522,-118.2437,465.4,59.8,25.6,40.0,1269.0,0,Normal - Physics Aligned
1675494900,34.0522,-118.2437,445.1,53.9,21.6,47.3,1222.0,0,Normal - Physics Aligned
1675495800,34.0522,-118.2437,444.4,54.0,21.6,49.1,1234.0,0,Normal - Physics Aligned
1675496700,34.0522,-118.2437,465.1,57.7,24.3,44.5,1274.0,0,Normal - Physics Aligned
1675497600,34.0522,-118.2437,433.4,53.4,24.8,41.9,411.0,1,Anomaly - Sensor Bagged
1675498500,34.0522,-118.2437,432.9,50.1,24.2,43.6,1215.0,0,Normal - Physics Aligned
1675499400,34.0522,-118.2437,428.8,52.2,23.4,46.0,1230.0,0,Normal - Physics Aligned
1675500300,34.0522,-118.2437,424.4,51.8,21.9,48.6,1217.0,0,Normal - Physics Aligned
1675501200,34.0522,-118.2437,454.8,53.3,22.2,49.8,1256.0,0,Normal - Physics Aligned
1675502100,34.0522,-118.2437,417.6,54.3,21.3,51.9,1235.0,0,Normal - Physics Aligned
1675503000,34.0522,-118.2437,455.6,58.3,22.3,46.0,404.0,1,Anomaly - Sensor Bagged
1675503900,34.0522,-118.2437,480.9,60.1,21.3,49.7,1292.0,0,Normal - Physics Aligned
1675504800,34.0522,-118.2437,448.3,50.4,23.6,48.3,1238.0,0,Normal - Physics Aligned
1675505700,34.0522,-118.2437,466.2,55.1,21.6,49.1,1257.0,0,Normal - Physics Aligned
1675506600,34.0522,-118.2437,445.1,55.1,22.2,48.6,1242.0,0,Normal - Physics Aligned
1675507500,34.0522,-118.2437,435.1,52.1,20.3,52.6,1222.0,0,Normal - Physics Aligned
1675508400,34.0522,-118.2437,477.8,57.5,22.8,45.7,1299.0,0,Normal - Physics Aligned
1675509300,34.0522,-118.2437,444.9,52.5,21.7,49.5,1237.0,0,Normal - Physics Aligned
1675510200,34.0522,-118.2437,431.3,48.8,25.8,42.0,1207.0,0,Normal - Physics Aligned
1675511100,36.1627,-115.1398,429.5,52.8,21.4,31.3,407.0,1,Anomaly - Location Spoof
1675512000,34.0522,-118.2437,429.4,52.3,25.6,45.7,415.0,1,Anomaly - Sensor Bagged
1675512900,34.0522,-118.2437,485.8,58.2,24.8,42.4,1296.0,0,Normal - Physics Aligned
1675513800,34.0522,-118.2437,478.6,56.4,26.1,41.2,1294.0,0,Normal - Physics Aligned
1675514700,34.0522,-118.2437,475.6,57.5,24.1,43.4,1275.0,0,Normal - Physics Aligned
1675515600,34.0522,-118.2437,486.2,58.8,25.9,41.4,416.0,1,Anomaly - Sensor Bagged
1675516500,34.0522,-118.2437,468.5,55.9,22.2,50.4,401.0,1,Anomaly - Sensor Bagged
1675517400,34.0522,-118.2437,427.4,53.9,21.0,52.8,1256.0,0,Normal - Physics Aligned
1675518300,34.0522,-118.2437,438.6,53.3,23.5,47.6,1249.0,0,Normal - Physics Aligned
1675519200,34.0522,-118.2437,479.8,58.4,25.7,40.7,1293.0,0,Normal - Physics Aligned
1675520100,34.0522,-118.2437,451.7,53.5,23.4,46.7,1260.0,0,Normal - Physics Aligned
1675521000,34.0522,-118.2437,451.5,53.7,22.5,49.1,1239.0,0,Normal - Physics Aligned
1675521900,34.0522,-118.2437,457.8,56.6,25.9,41.6,1270.0,0,Normal - Physics Aligned
1675522800,34.0522,-118.2437,467.9,57.8,22.8,47.0,391.0,1,Anomaly - Sensor Bagged
1675523700,34.0522,-118.2437,446.7,52.5,22.2,46.7,1227.0,0,Normal - Physics Aligned
1675524600,34.0522,-118.2437,446.9,57.2,25.1,43.4,1272.0,0,Normal - Physics Aligned
1675525500,34.0522,-118.2437,419.1,51.5,23.0,48.2,1211.0,0,Normal - Physics Aligned
1675526400,36.1627,-115.1398,432.7,52.5,22.0,29.9,403.0,1,Anomaly - Location Spoof
1675527300,34.0522,-118.2437,447.4,54.0,25.1,43.9,1249.0,0,Normal - Physics Aligned
1675528200,34.0522,-118.2437,426.6,52.1,25.4,40.9,1205.0,0,Normal - Physics Aligned
1675529100,34.0522,-118.2437,481.7,59.8,23.5,46.5,1306.0,0,Normal - Physics Aligned
1675530000,36.1627,-115.1398,469.1,54.6,21.0,32.5,415.0,1,Anomaly - Location Spoof
1675530900,34.0522,-118.2437,466.9,56.0,23.2,45.5,430.0,1,Anomaly - Sensor Bagged
1675531800,34.0522,-118.2437,436.7,57.9,23.2,44.2,1231.0,0,Normal - Physics Aligned
1675532700,34.0522,-118.2437,442.0,52.4,22.1,48.4,1237.0,0,Normal - Physics Aligned
1675533600,34.0522,-118.2437,401.1,47.8,23.5,47.2,1199.0,0,Normal - Physics Aligned
1675534500,34.0522,-118.2437,444.2,50.9,27.8,36.4,1220.0,0,Normal - Physics Aligned
1675535400,34.0522,-118.2437,421.2,50.7,24.9,43.1,1210.0,0,Normal - Physics Aligned
1675536300,34.0522,-118.2437,434.0,53.8,26.2,41.9,1231.0,0,Normal - Physics Aligned
1675537200,34.0522,-118.2437,449.9,52.4,26.4,46.0,412.0,1,Anomaly - Sensor Bagged
1675538100,34.0522,-118.2437,386.1,47.5,23.0,46.6,1157.0,0,Normal - Physics Aligned
1675539000,34.0522,-118.2437,463.9,55.7,25.3,39.8,1253.0,0,Normal - Physics Aligned
1675539900,34.0522,-118.2437,431.4,54.2,25.0,43.7,1227.0,0,Normal - Physics Aligned
1675540800,34.0522,-118.2437,456.0,56.5,25.7,41.5,1271.0,0,Normal - Physics Aligned
1675541700,34.0522,-118.2437,438.5,48.2,26.6,41.6,1228.0,0,Normal - Physics Aligned
1675542600,34.0522,-118.2437,458.6,54.1,20.5,50.5,1255.0,0,Normal - Physics Aligned
1675543500,34.0522,-118.2437,455.0,54.7,22.5,44.4,404.0,1,Anomaly - Sensor Bagged
1675544400,34.0522,-118.2437,500.8,61.3,26.1,40.4,422.0,1,Anomaly - Sensor Bagged
1675545300,34.0522,-118.2437,445.4,58.2,23.2,46.9,1259.0,0,Normal - Physics Aligned
1675546200,34.0522,-118.2437,450.6,56.1,26.1,42.4,1274.0,0,Normal - Physics Aligned
1675547100,34.0522,-118.2437,403.9,49.6,19.8,52.2,1184.0,0,Normal - Physics Aligned
1675548000,34.0522,-118.2437,460.4,55.4,22.4,48.0,1251.0,0,Normal - Physics Aligned
1675548900,34.0522,-118.2437,430.6,54.4,25.8,43.0,391.0,1,Anomaly - Sensor Bagged
1675549800,34.0522,-118.2437,447.6,55.2,24.3,43.0,1246.0,0,Normal - Physics Aligned
1675550700,34.0522,-118.2437,433.5,54.0,23.4,49.0,393.0,1,Anomaly - Sensor Bagged
1675551600,34.0522,-118.2437,465.7,56.3,23.6,48.2,1297.0,0,Normal - Physics Aligned
1675552500,36.1627,-115.1398,432.9,52.0,20.7,31.1,424.0,1,Anomaly - Location Spoof
1675553400,34.0522,-118.2437,469.6,60.0,24.8,43.9,1288.0,0,Normal - Physics Aligned
1675554300,34.0522,-118.2437,465.9,54.0,24.4,45.4,398.0,1,Anomaly - Sensor Bagged
1675555200,34.0522,-118.2437,478.8,56.3,26.7,38.3,1277.0,0,Normal - Physics Aligned
1675556100,34.0522,-118.2437,489.7,60.9,21.7,48.6,1302.0,0,Normal - Physics Aligned
1675557000,34.0522,-118.2437,460.6,54.2,21.6,50.1,1256.0,0,Normal - Physics Aligned
1675557900,34.0522,-118.2437,462.3,56.1,27.9,45.8,402.0,1,Anomaly - Sensor Bagged
1675558800,34.0522,-118.2437,399.8,49.8,20.6,49.7,1167.0,0,Normal - Physics Aligned
1675559700,34.0522,-118.2437,460.4,56.8,22.4,49.8,1276.0,0,Normal - Physics Aligned
1675560600,34.0522,-118.2437,470.4,60.6,27.8,39.1,1294.0,0,Normal - Physics Aligned
1675561500,34.0522,-118.2437,458.0,54.9,21.9,51.0,1267.0,0,Normal - Physics Aligned
1675562400,36.1627,-115.1398,444.6,54.2,21.5,28.3,404.0,1,Anomaly - Location Spoof
1675563300,34.0522,-118.2437,453.2,51.1,24.3,46.2,1247.0,0,Normal - Physics Aligned
1675564200,34.0522,-118.2437,472.4,57.3,20.9,50.8,1273.0,0,Normal - Physics Aligned
1675565100,34.0522,-118.2437,473.1,56.4,22.9,48.7,1291.0,0,Normal - Physics Aligned
1675566000,34.0522,-118.2437,441.3,56.3,24.9,45.5,1254.0,0,Normal - Physics Aligned
1675566900,34.0522,-118.2437,415.5,49.5,22.8,48.1,1202.0,0,Normal - Physics Aligned
1675567800,34.0522,-118.2437,457.9,55.9,27.3,40.9,1280.0,0,Normal - Physics Aligned
1675568700,34.0522,-118.2437,481.5,57.0,21.4,50.3,1289.0,0,Normal - Physics Aligned
1675569600,36.1627,-115.1398,424.7,52.0,21.6,29.6,407.0,1,Anomaly - Location Spoof
1675570500,34.0522,-118.2437,464.3,53.6,25.6,42.4,1268.0,0,Normal - Physics Aligned
1675571400,34.0522,-118.2437,437.3,53.1,25.1,42.5,1233.0,0,Normal - Physics Aligned
1675572300,34.0522,-118.2437,443.7,54.3,20.9,50.8,1239.0,0,Normal - Physics Aligned
1675573200,34.0522,-118.2437,448.8,54.3,25.3,44.0,1238.0,0,Normal - Physics Aligned
1675574100,34.0522,-118.2437,478.8,55.4,23.1,45.0,1255.0,0,Normal - Physics Aligned
1675575000,34.0522,-118.2437,429.9,50.2,24.3,46.9,1215.0,0,Normal - Physics Aligned
1675575900,34.0522,-118.2437,447.9,51.8,24.9,43.7,1249.0,0,Normal - Physics Aligned
1675576800,34.0522,-118.2437,435.1,55.3,21.4,49.6,1242.0,0,Normal - Physics Aligned
1675577700,34.0522,-118.2437,478.3,58.2,21.4,50.3,1296.0,0,Normal - Physics Aligned
1675578600,34.0522,-118.2437,460.0,54.1,23.7,45.5,1256.0,0,Normal - Physics Aligned
1675579500,34.0522,-118.2437,480.4,61.1,26.7,42.9,1317.0,0,Normal - Physics Aligned
1675580400,34.0522,-118.2437,453.5,54.5,24.4,44.7,1258.0,0,Normal - Physics Aligned
1675581300,34.0522,-118.2437,449.6,53.2,23.4,45.3,1237.0,0,Normal - Physics Aligned
1675582200,34.0522,-118.2437,478.7,61.3,25.4,39.9,1267.0,0,Normal - Physics Aligned
1675583100,34.0522,-118.2437,475.9,54.0,26.8,38.5,1280.0,0,Normal - Physics Aligned
1675584000,34.0522,-118.2437,426.1,53.8,18.4,57.7,1233.0,0,Normal - Physics Aligned
1675584900,34.0522,-118.2437,464.1,59.2,24.7,44.1,1285.0,0,Normal - Physics Aligned
1675585800,34.0522,-118.2437,426.3,52.0,23.5,46.2,1222.0,0,Normal - Physics Aligned
1675586700,34.0522,-118.2437,476.4,59.6,25.8,40.9,1285.0,0,Normal - Physics Aligned
1675587600,34.0522,-118.2437,478.2,58.5,27.8,36.4,1266.0,0,Normal - Physics Aligned
1675588500,34.0522,-118.2437,453.9,55.1,23.0,45.9,1240.0,0,Normal - Physics Aligned
1675589400,34.0522,-118.2437,431.4,52.7,24.4,49.1,407.0,1,Anomaly - Sensor Bagged
1675590300,34.0522,-118.2437,472.7,58.4,27.7,39.3,1291.0,0,Normal - Physics Aligned
1675591200,34.0522,-118.2437,446.9,53.8,25.2,43.2,1250.0,0,Normal - Physics Aligned
1675592100,34.0522,-118.2437,463.7,54.9,26.0,41.5,1273.0,0,Normal - Physics Aligned
1675593000,34.0522,-118.2437,441.4,55.8,25.3,42.3,1239.0,0,Normal - Physics Aligned
1675593900,34.0522,-118.2437,443.0,54.0,21.0,50.8,1236.0,0,Normal - Physics Aligned
1675594800,34.0522,-118.2437,447.6,54.9,26.0,41.0,1241.0,0,Normal - Physics Aligned
1675595700,34.0522,-118.2437,419.5,51.3,20.4,52.4,1222.0,0,Normal - Physics Aligned
1675596600,34.0522,-118.2437,459.9,53.5,22.3,47.4,1252.0,0,Normal - Physics Aligned
1675597500,34.0522,-118.2437,431.8,55.1,24.4,44.0,1227.0,0,Normal - Physics Aligned
1675598400,34.0522,-118.2437,473.3,56.2,23.6,47.4,1283.0,0,Normal - Physics Aligned
1675599300,34.0522,-118.2437,465.7,57.9,25.8,42.8,1287.0,0,Normal - Physics Aligned
1675600200,34.0522,-118.2437,470.2,58.8,23.4,44.2,1273.0,0,Normal - Physics Aligned
1675601100,34.0522,-118.2437,491.6,58.0,22.5,47.7,1303.0,0,Normal - Physics Aligned
1675602000,34.0522,-118.2437,453.8,56.0,30.5,33.0,1266.0,0,Normal - Physics Aligned
1675602900,34.0522,-118.2437,419.8,52.9,20.3,51.4,1209.0,0,Normal - Physics Aligned
1675603800,34.0522,-118.2437,428.8,56.5,21.2,49.9,1217.0,0,Normal - Physics Aligned
1675604700,34.0522,-118.2437,449.0,47.7,23.6,45.3,1217.0,0,Normal - Physics Aligned
1675605600,34.0522,-118.2437,493.4,59.7,24.0,45.7,1312.0,0,Normal - Physics Aligned
1675606500,34.0522,-118.2437,461.9,57.7,27.6,37.4,1259.0,0,Normal - Physics Aligned
1675607400,34.0522,-118.2437,481.6,59.7,24.8,43.0,1294.0,0,Normal - Physics Aligned
1675608300,34.0522,-118.2437,435.2,51.3,22.3,48.9,1231.0,0,Normal - Physics Aligned
1675609200,34.0522,-118.2437,454.1,53.2,21.3,48.0,1244.0,0,Normal - Physics Aligned
1675610100,34.0522,-118.2437,434.0,51.8,24.6,42.5,1220.0,0,Normal - Physics Aligned
1675611000,34.0522,-118.2437,466.1,57.2,27.2,38.3,1259.0,0,Normal - Physics Aligned
1675611900,34.0522,-118.2437,445.9,54.0,22.2,48.7,1246.0,0,Normal - Physics Aligned
1675612800,34.0522,-118.2437,461.1,57.6,24.9,42.7,1265.0,0,Normal - Physics Aligned
1675613700,34.0522,-118.2437,447.1,56.5,24.4,51.0,411.0,1,Anomaly - Sensor Bagged
1675614600,34.0522,-118.2437,443.8,53.6,24.7,43.9,1240.0,0,Normal - Physics Aligned
1675615500,34.0522,-118.2437,440.3,54.2,28.9,35.7,1243.0,0,Normal - Physics Aligned
1675616400,36.1627,-115.1398,459.5,58.6,20.4,29.9,404.0,1,Anomaly - Location Spoof
1675617300,34.0522,-118.2437,482.5,60.6,25.3,42.8,1303.0,0,Normal - Physics Aligned
1675618200,34.0522,-118.2437,469.2,56.4,25.9,41.1,1273.0,0,Normal - Physics Aligned
1675619100,34.0522,-118.2437,429.2,53.3,21.7,49.2,1227.0,0,Normal - Physics Aligned
1675620000,34.0522,-118.2437,448.2,51.6,25.3,40.5,1231.0,0,Normal - Physics Aligned
1675620900,34.0522,-118.2437,444.7,51.5,22.4,45.6,1214.0,0,Normal - Physics Aligned
1675621800,34.0522,-118.2437,430.6,52.0,28.9,34.7,1220.0,0,Normal - Physics Aligned
1675622700,34.0522,-118.2437,436.8,50.8,26.0,40.8,1228.0,0,Normal - Physics Aligned
1675623600,34.0522,-118.2437,466.3,57.5,24.4,44.3,1274.0,0,Normal - Physics Aligned
1675624500,34.0522,-118.2437,460.5,55.5,22.2,49.8,1261.0,0,Normal - Physics Aligned
1675625400,34.0522,-118.2437,496.3,58.4,25.2,42.5,1311.0,0,Normal - Physics Aligned
1675626300,36.1627,-115.1398,504.9,60.8,20.7,34.2,404.0,1,Anomaly - Location Spoof
1675627200,34.0522,-118.2437,442.6,54.7,25.4,42.4,1244.0,0,Normal - Physics Aligned
1675628100,34.0522,-118.2437,423.3,51.1,23.0,48.4,1221.0,0,Normal - Physics Aligned
1675629000,34.0522,-118.2437,414.7,50.1,22.1,49.0,1202.0,0,Normal - Physics Aligned
1675629900,34.0522,-118.2437,428.6,52.3,28.7,34.1,1220.0,0,Normal - Physics Aligned
1675630800,34.0522,-118.2437,440.0,52.8,23.4,43.3,1216.0,0,Normal - Physics Aligned
1675631700,34.0522,-118.2437,458.7,55.4,25.6,42.7,1263.0,0,Normal - Physics Aligned
1675632600,34.0522,-118.2437,436.0,55.0,25.0,45.9,401.0,1,Anomaly - Sensor Bagged
1675633500,34.0522,-118.2437,451.0,54.3,23.8,44.9,1243.0,0,Normal - Physics Aligned
1675634400,36.1627,-115.1398,480.3,57.5,21.5,30.3,394.0,1,Anomaly - Location Spoof
1675635300,34.0522,-118.2437,444.5,53.4,23.7,46.3,1247.0,0,Normal - Physics Aligned
1675636200,34.0522,-118.2437,446.2,51.7,24.7,44.4,400.0,1,Anomaly - Sensor Bagged
1675637100,34.0522,-118.2437,463.4,59.3,27.1,39.8,1288.0,0,Normal - Physics Aligned
1675638000,36.1627,-115.1398,437.0,52.5,21.8,31.9,409.0,1,Anomaly - Location Spoof
1675638900,34.0522,-118.2437,446.9,50.5,16.8,58.9,1240.0,0,Normal - Physics Aligned
1675639800,34.0522,-118.2437,455.6,54.8,24.4,46.2,1284.0,0,Normal - Physics Aligned
1675640700,34.0522,-118.2437,466.5,57.2,26.5,42.6,1291.0,0,Normal - Physics Aligned
1675641600,34.0522,-118.2437,434.0,52.4,20.0,52.0,1226.0,0,Normal - Physics Aligned
1675642500,34.0522,-118.2437,420.0,51.8,25.1,42.3,1200.0,0,Normal - Physics Aligned
1675643400,34.0522,-118.2437,458.4,51.5,23.6,46.2,1245.0,0,Normal - Physics Aligned
1675644300,34.0522,-118.2437,455.4,56.4,24.5,43.6,1261.0,0,Normal - Physics Aligned
1675645200,34.0522,-118.2437,478.3,59.5,21.2,49.3,1290.0,0,Normal - Physics Aligned
1675646100,34.0522,-118.2437,470.5,58.3,21.4,50.2,1279.0,0,Normal - Physics Aligned
1675647000,34.0522,-118.2437,418.5,47.3,23.3,46.3,1192.0,0,Normal - Physics Aligned
1675647900,34.0522,-118.2437,421.7,51.9,23.2,47.8,1220.0,0,Normal - Physics Aligned
1675648800,34.0522,-118.2437,430.1,55.0,24.6,41.9,1217.0,0,Normal - Physics Aligned
1675649700,34.0522,-118.2437,454.7,56.8,26.5,39.3,1243.0,0,Normal - Physics Aligned
1675650600,34.0522,-118.2437,456.7,57.4,26.4,41.9,1272.0,0,Normal - Physics Aligned
1675651500,34.0522,-118.2437,476.5,57.1,23.6,45.2,1276.0,0,Normal - Physics Aligned
1675652400,34.0522,-118.2437,427.9,50.6,23.9,47.9,1235.0,0,Normal - Physics Aligned
1675653300,34.0522,-118.2437,417.1,49.4,24.8,42.4,1181.0,0,Normal - Physics Aligned
1675654200,34.0522,-118.2437,433.9,52.7,22.7,48.1,1231.0,0,Normal - Physics Aligned
1675655100,34.0522,-118.2437,432.5,53.6,22.3,46.3,399.0,1,Anomaly - Sensor Bagged
1675656000,36.1627,-115.1398,453.4,56.6,20.8,30.9,409.0,1,Anomaly - Location Spoof
1675656900,34.0522,-118.2437,442.3,51.4,22.9,47.2,1233.0,0,Normal - Physics Aligned
1675657800,34.0522,-118.2437,484.3,60.2,22.6,47.9,1284.0,0,Normal - Physics Aligned
1675658700,34.0522,-118.2437,434.9,51.3,27.3,40.3,396.0,1,Anomaly - Sensor Bagged
1675659600,34.0522,-118.2437,440.3,55.3,24.3,44.3,1238.0,0,Normal - Physics Aligned
1675660500,34.0522,-118.2437,411.7,50.0,21.3,51.8,1203.0,0,Normal - Physics Aligned
1675661400,34.0522,-118.2437,452.2,52.9,24.6,49.0,415.0,1,Anomaly - Sensor Bagged
1675662300,34.0522,-118.2437,462.2,55.9,26.0,45.2,1306.0,0,Normal - Physics Aligned
1675663200,34.0522,-118.2437,465.5,53.7,25.3,41.6,1266.0,0,Normal - Physics Aligned
1675664100,36.1627,-115.1398,449.2,57.5,20.8,28.6,406.0,1,Anomaly - Location Spoof
1675665000,34.0522,-118.2437,452.7,55.1,19.2,52.2,1251.0,0,Normal - Physics Aligned
1675665900,36.1627,-115.1398,456.3,58.0,20.9,31.2,409.0,1,Anomaly - Location Spoof
1675666800,34.0522,-118.2437,428.5,51.2,19.7,56.0,1227.0,0,Normal - Physics Aligned
1675667700,34.0522,-118.2437,406.7,49.1,20.4,53.2,1197.0,0,Normal - Physics Aligned
1675668600,34.0522,-118.2437,451.9,57.1,23.8,43.7,1249.0,0,Normal - Physics Aligned
1675669500,34.0522,-118.2437,469.8,55.0,25.7,42.9,1278.0,0,Normal - Physics Aligned
1675670400,34.0522,-118.2437,473.5,56.3,29.8,34.4,1278.0,0,Normal - Physics Aligned
1675671300,34.0522,-118.2437,453.1,49.3,24.3,44.7,1240.0,0,Normal - Physics Aligned
1675672200,34.0522,-118.2437,455.7,55.3,20.8,50.2,1253.0,0,Normal - Physics Aligned
1675673100,34.0522,-118.2437,426.1,50.6,23.7,47.0,1214.0,0,Normal - Physics Aligned
1675674000,34.0522,-118.2437,428.3,49.8,21.5,50.5,1225.0,0,Normal - Physics Aligned
1675674900,34.0522,-118.2437,465.6,59.2,22.4,46.8,1252.0,0,Normal - Physics Aligned
1675675800,34.0522,-118.2437,430.5,54.1,26.9,40.3,1236.0,0,Normal - Physics Aligned
1675676700,34.0522,-118.2437,455.2,55.0,22.1,46.6,1240.0,0,Normal - Physics Aligned
1675677600,34.0522,-118.2437,458.9,54.8,23.4,44.3,1244.0,0,Normal - Physics Aligned
1675678500,34.0522,-118.2437,444.1,55.4,25.1,42.9,1238.0,0,Normal - Physics Aligned
1675679400,34.0522,-118.2437,448.0,55.0,22.0,50.7,1262.0,0,Normal - Physics Aligned
1675680300,34.0522,-118.2437,460.1,58.9,24.6,42.0,1243.0,0,Normal - Physics Aligned
1675681200,34.0522,-118.2437,469.0,57.2,22.0,50.5,1283.0,0,Normal - Physics Aligned
1675682100,34.0522,-118.2437,457.6,56.0,24.1,44.3,1260.0,0,Normal - Physics Aligned
1675683000,34.0522,-118.2437,416.8,51.5,23.6,45.2,1207.0,0,Normal - Physics Aligned
1675683900,34.0522,-118.2437,433.0,50.6,21.6,51.1,1251.0,0,Normal - Physics Aligned
1675684800,34.0522,-118.2437,460.8,53.6,25.6,44.1,1270.0,0,Normal - Physics Aligned
1675685700,34.0522,-118.2437,441.6,57.1,22.5,50.6,1264.0,0,Normal - Physics Aligned
1675686600,34.0522,-118.2437,468.1,57.1,23.4,43.2,1254.0,0,Normal - Physics Aligned
1675687500,34.0522,-118.2437,439.3,55.6,22.5,46.7,1235.0,0,Normal - Physics Aligned
1675688400,34.0522,-118.2437,430.6,53.0,23.8,46.5,1232.0,0,Normal - Physics Aligned
1675689300,34.0522,-118.2437,438.5,53.1,23.5,46.2,1218.0,0,Normal - Physics Aligned
1675690200,34.0522,-118.2437,426.7,53.6,23.7,44.1,1220.0,0,Normal - Physics Aligned
1675691100,34.0522,-118.2437,445.6,52.1,22.0,50.9,1248.0,0,Normal - Physics Aligned
1675692000,34.0522,-118.2437,468.9,57.1,23.0,47.3,1277.0,0,Normal - Physics Aligned
1675692900,34.0522,-118.2437,449.1,53.2,21.3,51.2,1247.0,0,Normal - Physics Aligned
1675693800,34.0522,-118.2437,457.1,57.0,27.2,37.9,1247.0,0,Normal - Physics Aligned
1675694700,36.1627,-115.1398,436.2,53.8,20.1,30.0,401.0,1,Anomaly - Location Spoof
1675695600,34.0522,-118.2437,433.8,53.0,24.7,43.5,1224.0,0,Normal - Physics Aligned
1675696500,34.0522,-118.2437,454.6,52.7,27.7,36.0,1234.0,0,Normal - Physics Aligned
1675697400,34.0522,-118.2437,468.6,55.7,28.6,40.1,395.0,1,Anomaly - Sensor Bagged
1675698300,34.0522,-118.2437,471.7,56.9,22.0,47.4,1266.0,0,Normal - Physics Aligned
1675699200,34.0522,-118.2437,465.0,56.3,23.3,46.8,1265.0,0,Normal - Physics Aligned
1675700100,34.0522,-118.2437,450.6,56.3,22.8,49.3,1254.0,0,Normal - Physics Aligned
1675701000,34.0522,-118.2437,439.4,56.6,22.0,47.8,1242.0,0,Normal - Physics Aligned
1675701900,34.0522,-118.2437,467.5,55.6,22.8,50.3,1280.0,0,Normal - Physics Aligned
1675702800,34.0522,-118.2437,443.8,56.8,27.6,38.9,1256.0,0,Normal - Physics Aligned
1675703700,34.0522,-118.2437,455.3,54.1,19.9,51.9,1256.0,0,Normal - Physics Aligned
1675704600,34.0522,-118.2437,448.0,55.4,26.7,40.4,1247.0,0,Normal - Physics Aligned
1675705500,34.0522,-118.2437,425.5,53.3,23.1,47.0,1211.0,0,Normal - Physics Aligned
1675706400,34.0522,-118.2437,477.2,58.7,24.0,45.0,1289.0,0,Normal - Physics Aligned
1675707300,34.0522,-118.2437,440.2,52.7,20.1,52.9,1223.0,0,Normal - Physics Aligned
1675708200,34.0522,-118.2437,467.8,53.2,21.9,48.1,1250.0,0,Normal - Physics Aligned
1675709100,34.0522,-118.2437,457.4,55.6,22.9,47.8,1285.0,0,Normal - Physics Aligned
1675710000,34.0522,-118.2437,453.4,54.7,25.9,42.7,1264.0,0,Normal - Physics Aligned
1675710900,34.0522,-118.2437,415.8,51.1,23.2,48.8,1214.0,0,Normal - Physics Aligned
1675711800,34.0522,-118.2437,450.9,56.7,19.5,54.8,1265.0,0,Normal - Physics Aligned
1675712700,34.0522,-118.2437,434.5,54.0,25.1,43.3,1219.0,0,Normal - Physics Aligned
1675713600,34.0522,-118.2437,415.9,48.1,25.4,39.7,1177.0,0,Normal - Physics Aligned
1675714500,34.0522,-118.2437,457.7,58.3,26.0,43.1,1272.0,0,Normal - Physics Aligned
1675715400,34.0522,-118.2437,429.8,50.5,23.9,46.1,1217.0,0,Normal - Physics Aligned
1675716300,34.0522,-118.2437,471.5,57.1,25.1,41.9,1267.0,0,Normal - Physics Aligned
1675717200,34.0522,-118.2437,454.7,54.2,22.2,48.8,1269.0,0,Normal - Physics Aligned
1675718100,34.0522,-118.2437,435.3,52.3,26.8,40.3,1231.0,0,Normal - Physics Aligned
1675719000,34.0522,-118.2437,461.4,57.1,21.5,50.3,1257.0,0,Normal - Physics Aligned
1675719900,34.0522,-118.2437,453.7,55.4,21.1,51.7,1265.0,0,Normal - Physics Aligned
1675720800,36.1627,-115.1398,432.1,52.2,21.0,28.4,412.0,1,Anomaly - Location Spoof
1675721700,34.0522,-118.2437,466.6,54.5,21.9,48.9,1262.0,0,Normal - Physics Aligned
1675722600,34.0522,-118.2437,438.7,52.4,25.7,42.0,1242.0,0,Normal - Physics Aligned
1675723500,34.0522,-118.2437,455.1,59.6,24.2,47.5,1288.0,0,Normal - Physics Aligned
1675724400,34.0522,-118.2437,467.3,59.6,24.2,47.1,393.0,1,Anomaly - Sensor Bagged
1675725300,34.0522,-118.2437,414.0,49.5,20.6,52.4,1199.0,0,Normal - Physics Aligned
1675726200,34.0522,-118.2437,437.0,49.9,23.1,48.3,1239.0,0,Normal - Physics Aligned
1675727100,34.0522,-118.2437,454.5,56.0,24.6,41.5,1247.0,0,Normal - Physics Aligned
1675728000,34.0522,-118.2437,454.1,59.0,23.5,45.3,1262.0,0,Normal - Physics Aligned
1675728900,34.0522,-118.2437,433.4,52.1,23.3,47.5,1227.0,0,Normal - Physics Aligned
1675729800,34.0522,-118.2437,472.5,61.1,25.9,41.8,1297.0,0,Normal - Physics Aligned
1675730700,34.0522,-118.2437,433.2,53.2,24.5,43.8,1219.0,0,Normal - Physics Aligned
1675731600,34.0522,-118.2437,457.4,55.2,23.5,45.0,1262.0,0,Normal - Physics Aligned
1675732500,34.0522,-118.2437,446.0,54.9,23.3,46.9,1247.0,0,Normal - Physics Aligned
1675733400,34.0522,-118.2437,444.1,51.9,27.5,47.8,412.0,1,Anomaly - Sensor Bagged
1675734300,34.0522,-118.2437,450.1,48.8,19.8,53.7,1240.0,0,Normal - Physics Aligned
1675735200,34.0522,-118.2437,442.1,54.0,22.6,47.2,1232.0,0,Normal - Physics Aligned
1675736100,34.0522,-118.2437,425.6,51.2,20.8,51.9,1210.0,0,Normal - Physics Aligned
1675737000,34.0522,-118.2437,430.9,50.3,22.7,49.8,1236.0,0,Normal - Physics Aligned
1675737900,34.0522,-118.2437,447.3,54.2,22.2,43.3,406.0,1,Anomaly - Sensor Bagged
1675738800,34.0522,-118.2437,457.9,58.4,21.4,49.6,1271.0,0,Normal - Physics Aligned
1675739700,34.0522,-118.2437,453.3,57.0,24.0,46.0,1272.0,0,Normal - Physics Aligned
1675740600,34.0522,-118.2437,437.5,50.0,23.8,46.1,1230.0,0,Normal - Physics Aligned
1675741500,34.0522,-118.2437,447.5,56.2,22.7,47.1,1257.0,0,Normal - Physics Aligned
1675742400,34.0522,-118.2437,468.4,54.8,21.0,50.2,1274.0,0,Normal - Physics Aligned
1675743300,34.0522,-118.2437,455.3,56.0,25.3,43.1,1258.0,0,Normal - Physics Aligned
1675744200,34.0522,-118.2437,460.9,59.9,24.9,49.5,403.0,1,Anomaly - Sensor Bagged
1675745100,34.0522,-118.2437,425.2,49.4,26.1,39.1,1211.0,0,Normal - Physics Aligned
1675746000,34.0522,-118.2437,449.8,49.0,30.5,32.5,1225.0,0,Normal - Physics Aligned
1675746900,34.0522,-118.2437,443.7,55.6,24.1,46.1,1254.0,0,Normal - Physics Aligned
1675747800,34.0522,-118.2437,447.2,53.7,19.9,53.9,1252.0,0,Normal - Physics Aligned
1675748700,34.0522,-118.2437,444.9,54.4,27.1,39.4,1237.0,0,Normal - Physics Aligned
1675749600,34.0522,-118.2437,471.1,58.0,21.0,50.7,1286.0,0,Normal - Physics Aligned
1675750500,34.0522,-118.2437,445.1,56.0,20.4,51.9,1248.0,0,Normal - Physics Aligned
1675751400,34.0522,-118.2437,422.4,53.5,30.1,35.7,1237.0,0,Normal - Physics Aligned
1675752300,34.0522,-118.2437,447.0,53.8,26.5,39.0,1228.0,0,Normal - Physics Aligned
1675753200,34.0522,-118.2437,443.1,55.6,23.0,47.9,403.0,1,Anomaly - Sensor Bagged
1675754100,34.0522,-118.2437,441.3,49.4,24.0,43.2,1225.0,0,Normal - Physics Aligned
1675755000,34.0522,-118.2437,439.1,54.3,25.9,41.7,1239.0,0,Normal - Physics Aligned
1675755900,34.0522,-118.2437,432.4,52.7,23.7,46.5,1229.0,0,Normal - Physics Aligned
1675756800,34.0522,-118.2437,425.7,49.6,23.4,44.7,1194.0,0,Normal - Physics Aligned
1675757700,34.0522,-118.2437,449.5,56.5,25.7,48.1,413.0,1,Anomaly - Sensor Bagged
1675758600,34.0522,-118.2437,454.8,56.5,24.1,45.1,1261.0,0,Normal - Physics Aligned
1675759500,34.0522,-118.2437,431.5,49.7,21.4,49.0,1202.0,0,Normal - Physics Aligned
1675760400,34.0522,-118.2437,431.6,52.4,21.7,52.2,1240.0,0,Normal - Physics Aligned
1675761300,34.0522,-118.2437,447.5,56.3,26.0,42.7,1262.0,0,Normal - Physics Aligned
1675762200,34.0522,-118.2437,449.4,56.1,24.1,45.9,1254.0,0,Normal - Physics Aligned
1675763100,34.0522,-118.2437,474.8,58.5,25.9,41.9,1292.0,0,Normal - Physics Aligned
1675764000,34.0522,-118.2437,462.7,59.6,24.5,44.1,1274.0,0,Normal - Physics Aligned
1675764900,34.0522,-118.2437,434.9,52.9,25.0,46.7,414.0,1,Anomaly - Sensor Bagged
1675765800,34.0522,-118.2437,452.5,55.4,24.1,46.3,1260.0,0,Normal - Physics Aligned
1675766700,34.0522,-118.2437,446.4,55.5,24.2,45.6,1242.0,0,Normal - Physics Aligned
1675767600,34.0522,-118.2437,440.7,51.9,22.9,44.4,1217.0,0,Normal - Physics Aligned
1675768500,34.0522,-118.2437,420.1,49.5,23.4,46.6,1203.0,0,Normal - Physics Aligned
1675769400,36.1627,-115.1398,437.5,53.7,21.2,26.3,390.0,1,Anomaly - Location Spoof
1675770300,34.0522,-118.2437,443.2,54.8,26.9,38.6,1234.0,0,Normal - Physics Aligned
1675771200,34.0522,-118.2437,432.2,51.1,22.4,45.3,408.0,1,Anomaly - Sensor Bagged
1675772100,34.0522,-118.2437,464.9,58.2,24.9,43.7,1255.0,0,Normal - Physics Aligned
1675773000,34.0522,-118.2437,461.1,59.3,25.4,47.7,414.0,1,Anomaly - Sensor Bagged
1675773900,34.0522,-118.2437,466.7,59.1,20.6,52.7,1281.0,0,Normal - Physics Aligned
1675774800,34.0522,-118.2437,444.5,56.7,21.3,50.8,1243.0,0,Normal - Physics Aligned
1675775700,34.0522,-118.2437,453.1,54.6,25.6,40.4,1244.0,0,Normal - Physics Aligned
1675776600,34.0522,-118.2437,441.6,57.1,25.3,42.2,1247.0,0,Normal - Physics Aligned
1675777500,34.0522,-118.2437,460.6,53.0,23.7,46.4,404.0,1,Anomaly - Sensor Bagged
1675778400,34.0522,-118.2437,468.3,60.9,20.6,53.4,1303.0,0,Normal - Physics Aligned
1675779300,34.0522,-118.2437,463.1,56.9,25.8,41.6,1281.0,0,Normal - Physics Aligned
1675780200,34.0522,-118.2437,456.4,59.5,27.0,47.7,408.0,1,Anomaly - Sensor Bagged
1675781100,34.0522,-118.2437,451.3,56.5,25.4,45.3,1267.0,0,Normal - Physics Aligned
1675782000,34.0522,-118.2437,472.4,55.3,24.8,43.0,1275.0,0,Normal - Physics Aligned
1675782900,34.0522,-118.2437,462.6,56.3,25.9,39.6,1249.0,0,Normal - Physics Aligned
1675783800,34.0522,-118.2437,442.1,53.5,25.9,40.6,1226.0,0,Normal - Physics Aligned
1675784700,34.0522,-118.2437,442.5,55.5,25.2,43.2,1235.0,0,Normal - Physics Aligned
1675785600,34.0522,-118.2437,453.9,59.4,25.7,42.2,1264.0,0,Normal - Physics Aligned
1675786500,34.0522,-118.2437,450.3,54.9,20.4,50.6,1240.0,0,Normal - Physics Aligned
1675787400,34.0522,-118.2437,464.8,54.8,22.1,48.0,1249.0,0,Normal - Physics Aligned
1675788300,34.0522,-118.2437,459.3,54.7,25.3,43.3,1260.0,0,Normal - Physics Aligned
1675789200,34.0522,-118.2437,406.1,50.1,22.9,47.0,1196.0,0,Normal - Physics Aligned
1675790100,34.0522,-118.2437,488.2,60.0,23.7,43.9,1278.0,0,Normal - Physics Aligned
1675791000,34.0522,-118.2437,420.8,51.7,28.2,37.3,1209.0,0,Normal - Physics Aligned
1675791900,34.0522,-118.2437,433.7,50.7,19.6,53.4,1215.0,0,Normal - Physics Aligned
1675792800,34.0522,-118.2437,392.0,47.4,22.4,48.5,1170.0,0,Normal - Physics Aligned
1675793700,34.0522,-118.2437,477.5,57.2,22.9,48.8,1296.0,0,Normal - Physics Aligned
1675794600,34.0522,-118.2437,450.5,55.6,24.0,43.1,1239.0,0,Normal - Physics Aligned
1675795500,34.0522,-118.2437,463.8,57.6,23.8,47.8,414.0,1,Anomaly - Sensor Bagged
1675796400,34.0522,-118.2437,474.0,58.3,19.5,54.1,1293.0,0,Normal - Physics Aligned
1675797300,34.0522,-118.2437,458.6,58.5,24.3,42.8,408.0,1,Anomaly - Sensor Bagged
1675798200,34.0522,-118.2437,427.1,50.9,26.5,41.9,1213.0,0,Normal - Physics Aligned
1675799100,34.0522,-118.2437,449.2,54.2,27.2,39.6,1253.0,0,Normal - Physics Aligned
1675800000,34.0522,-118.2437,459.5,56.0,24.0,46.0,1265.0,0,Normal - Physics Aligned
1675800900,34.0522,-118.2437,436.1,54.1,25.0,43.6,1246.0,0,Normal - Physics Aligned
1675801800,34.0522,-118.2437,414.0,53.4,25.6,44.0,1223.0,0,Normal - Physics Aligned
1675802700,34.0522,-118.2437,429.6,51.1,24.9,43.1,1222.0,0,Normal - Physics Aligned
1675803600,34.0522,-118.2437,434.9,54.5,21.4,48.8,1228.0,0,Normal - Physics Aligned
1675804500,34.0522,-118.2437,431.7,55.6,23.9,45.6,1234.0,0,Normal - Physics Aligned
1675805400,34.0522,-118.2437,493.9,61.3,22.0,48.9,1320.0,0,Normal - Physics Aligned
1675806300,34.0522,-118.2437,458.7,54.3,21.9,48.9,1266.0,0,Normal - Physics Aligned
1675807200,34.0522,-118.2437,432.9,52.3,20.7,53.0,1227.0,0,Normal - Physics Aligned
1675808100,34.0522,-118.2437,434.2,54.0,24.1,43.7,1232.0,0,Normal - Physics Aligned
1675809000,34.0522,-118.2437,457.8,55.4,23.6,46.8,1268.0,0,Normal - Physics Aligned
1675809900,34.0522,-118.2437,447.0,55.0,18.0,56.5,1244.0,0,Normal - Physics Aligned
1675810800,34.0522,-118.2437,404.6,49.2,24.3,45.0,1195.0,0,Normal - Physics Aligned
1675811700,34.0522,-118.2437,433.7,54.2,26.9,45.0,406.0,1,Anomaly - Sensor Bagged
1675812600,34.0522,-118.2437,431.9,51.6,25.5,42.4,1221.0,0,Normal - Physics Aligned
1675813500,34.0522,-118.2437,472.4,58.1,23.4,44.9,1272.0,0,Normal - Physics Aligned
1675814400,34.0522,-118.2437,426.2,50.4,24.5,44.9,1236.0,0,Normal - Physics Aligned
1675815300,34.0522,-118.2437,453.4,55.5,22.0,49.9,1262.0,0,Normal - Physics Aligned
1675816200,34.0522,-118.2437,470.5,54.7,24.5,45.5,1291.0,0,Normal - Physics Aligned
1675817100,34.0522,-118.2437,457.8,54.8,24.9,42.3,1252.0,0,Normal - Physics Aligned
1675818000,34.0522,-118.2437,446.2,52.7,25.3,42.0,1228.0,0,Normal - Physics Aligned
1675818900,34.0522,-118.2437,458.6,56.5,22.2,47.9,1252.0,0,Normal - Physics Aligned
1675819800,34.0522,-118.2437,440.1,53.8,27.0,39.0,1249.0,0,Normal - Physics Aligned
1675820700,34.0522,-118.2437,435.9,50.3,21.1,52.0,1235.0,0,Normal - Physics Aligned
1675821600,34.0522,-118.2437,471.1,59.1,25.0,42.1,1271.0,0,Normal - Physics Aligned
1675822500,34.0522,-118.2437,450.7,55.1,27.7,36.8,1239.0,0,Normal - Physics Aligned
1675823400,34.0522,-118.2437,437.4,54.8,22.7,50.2,1262.0,0,Normal - Physics Aligned
1675824300,34.0522,-118.2437,432.2,56.1,20.7,49.8,1217.0,0,Normal - Physics Aligned
1675825200,34.0522,-118.2437,425.7,51.3,25.4,41.8,1220.0,0,Normal - Physics Aligned
1675826100,34.0522,-118.2437,479.4,56.5,28.1,38.3,1286.0,0,Normal - Physics Aligned
1675827000,34.0522,-118.2437,458.3,52.5,24.2,45.1,1248.0,0,Normal - Physics Aligned
1675827900,34.0522,-118.2437,447.2,54.0,24.6,43.3,1255.0,0,Normal - Physics Aligned
1675828800,34.0522,-118.2437,442.1,53.8,25.3,47.1,394.0,1,Anomaly - Sensor Bagged
1675829700,34.0522,-118.2437,444.6,53.6,22.3,49.1,1247.0,0,Normal - Physics Aligned
1675830600,34.0522,-118.2437,435.9,55.5,28.0,36.2,1232.0,0,Normal - Physics Aligned
1675831500,34.0522,-118.2437,448.5,53.5,23.7,44.9,1238.0,0,Normal - Physics Aligned
1675832400,34.0522,-118.2437,456.9,55.1,26.1,41.6,1256.0,0,Normal - Physics Aligned
1675833300,34.0522,-118.2437,460.5,55.7,23.6,48.1,1279.0,0,Normal - Physics Aligned
1675834200,34.0522,-118.2437,431.5,53.8,24.0,44.1,1225.0,0,Normal - Physics Aligned
1675835100,34.0522,-118.2437,457.7,56.3,23.7,44.8,1258.0,0,Normal - Physics Aligned
1675836000,34.0522,-118.2437,447.6,52.8,20.9,47.6,400.0,1,Anomaly - Sensor Bagged
1675836900,34.0522,-118.2437,458.4,57.9,28.1,36.2,1274.0,0,Normal - Physics Aligned
1675837800,34.0522,-118.2437,469.2,55.8,30.0,50.5,414.0,1,Anomaly - Sensor Bagged
1675838700,34.0522,-118.2437,446.2,53.6,21.0,51.4,1244.0,0,Normal - Physics Aligned
1675839600,34.0522,-118.2437,446.7,52.5,20.1,50.9,1231.0,0,Normal - Physics Aligned
1675840500,34.0522,-118.2437,460.8,55.9,24.3,44.7,1268.0,0,Normal - Physics Aligned
1675841400,34.0522,-118.2437,438.4,55.2,29.6,33.8,1243.0,0,Normal - Physics Aligned
1675842300,34.0522,-118.2437,403.6,50.0,23.2,47.4,1195.0,0,Normal - Physics Aligned
1675843200,36.1627,-115.1398,431.1,48.8,20.8,28.4,413.0,1,Anomaly - Location Spoof
1675844100,36.1627,-115.1398,416.3,51.7,19.9,29.3,407.0,1,Anomaly - Location Spoof
1675845000,34.0522,-118.2437,419.2,51.2,22.7,48.1,1225.0,0,Normal - Physics Aligned
1675845900,34.0522,-118.2437,462.3,55.8,22.5,48.2,1281.0,0,Normal - Physics Aligned
1675846800,34.0522,-118.2437,465.1,58.1,23.6,44.9,1263.0,0,Normal - Physics Aligned
1675847700,34.0522,-118.2437,468.9,56.9,24.6,42.6,1268.0,0,Normal - Physics Aligned
1675848600,34.0522,-118.2437,438.1,54.3,23.4,45.3,1237.0,0,Normal - Physics Aligned
1675849500,36.1627,-115.1398,397.9,49.8,21.6,30.7,398.0,1,Anomaly - Location Spoof
1675850400,34.0522,-118.2437,480.7,60.4,23.5,46.9,1303.0,0,Normal - Physics Aligned
1675851300,34.0522,-118.2437,442.0,59.3,26.0,39.3,1236.0,0,Normal - Physics Aligned
1675852200,34.0522,-118.2437,435.7,51.7,23.0,46.1,1209.0,0,Normal - Physics Aligned
1675853100,34.0522,-118.2437,460.6,58.1,25.3,41.1,1266.0,0,Normal - Physics Aligned
1675854000,34.0522,-118.2437,446.4,52.0,19.9,52.2,1229.0,0,Normal - Physics Aligned
1675854900,34.0522,-118.2437,411.1,50.2,24.2,43.4,1191.0,0,Normal - Physics Aligned
1675855800,34.0522,-118.2437,438.0,51.1,26.4,45.4,410.0,1,Anomaly - Sensor Bagged
1675856700,36.1627,-115.1398,496.7,58.1,21.2,29.2,397.0,1,Anomaly - Location Spoof
1675857600,34.0522,-118.2437,440.2,56.6,26.2,40.2,1228.0,0,Normal - Physics Aligned
1675858500,34.0522,-118.2437,477.6,58.0,24.5,45.0,1287.0,0,Normal - Physics Aligned
1675859400,34.0522,-118.2437,450.7,54.1,23.1,47.0,1254.0,0,Normal - Physics Aligned
1675860300,34.0522,-118.2437,475.0,58.4,24.8,42.1,1274.0,0,Normal - Physics Aligned
1675861200,34.0522,-118.2437,477.5,60.3,22.4,47.9,1295.0,0,Normal - Physics Aligned
1675862100,34.0522,-118.2437,470.7,56.9,26.1,41.5,1272.0,0,Normal - Physics Aligned
1675863000,34.0522,-118.2437,423.5,54.5,23.7,45.7,1223.0,0,Normal - Physics Aligned
1675863900,34.0522,-118.2437,429.1,49.4,24.9,40.6,1207.0,0,Normal - Physics Aligned
1675864800,34.0522,-118.2437,434.7,55.9,28.9,37.2,1236.0,0,Normal - Physics Aligned
1675865700,34.0522,-118.2437,461.6,56.3,22.4,45.2,387.0,1,Anomaly - Sensor Bagged
1675866600,34.0522,-118.2437,456.3,57.6,25.3,42.5,1274.0,0,Normal - Physics Aligned
1675867500,34.0522,-118.2437,434.5,49.9,24.0,44.3,1222.0,0,Normal - Physics Aligned
1675868400,34.0522,-118.2437,456.0,56.2,20.7,46.8,385.0,1,Anomaly - Sensor Bagged
1675869300,34.0522,-118.2437,473.8,54.4,23.6,46.3,1285.0,0,Normal - Physics Aligned
1675870200,34.0522,-118.2437,468.9,57.6,21.9,50.1,1295.0,0,Normal - Physics Aligned
1675871100,34.0522,-118.2437,422.9,52.8,20.5,52.5,1218.0,0,Normal - Physics Aligned
1675872000,34.0522,-118.2437,422.0,55.5,23.1,47.1,1225.0,0,Normal - Physics Aligned
1675872900,34.0522,-118.2437,444.7,56.6,24.0,45.1,1252.0,0,Normal - Physics Aligned
1675873800,34.0522,-118.2437,447.5,54.5,22.0,50.3,1263.0,0,Normal - Physics Aligned
1675874700,34.0522,-118.2437,456.8,58.8,25.1,40.6,1268.0,0,Normal - Physics Aligned
1675875600,34.0522,-118.2437,419.7,50.9,27.2,38.6,1201.0,0,Normal - Physics Aligned
1675876500,34.0522,-118.2437,461.6,56.6,24.3,43.7,1255.0,0,Normal - Physics Aligned
1675877400,34.0522,-118.2437,434.6,50.3,26.3,46.2,404.0,1,Anomaly - Sensor Bagged
1675878300,34.0522,-118.2437,443.2,54.0,22.5,46.8,1232.0,0,Normal - Physics Aligned
1675879200,34.0522,-118.2437,460.3,57.5,25.7,43.9,1287.0,0,Normal - Physics Aligned
1675880100,34.0522,-118.2437,472.4,58.2,24.0,45.0,1288.0,0,Normal - Physics Aligned
1675881000,34.0522,-118.2437,446.3,52.8,21.3,49.8,1243.0,0,Normal - Physics Aligned
1675881900,34.0522,-118.2437,463.8,59.0,21.5,50.8,1282.0,0,Normal - Physics Aligned
1675882800,34.0522,-118.2437,424.1,49.5,23.0,47.4,1222.0,0,Normal - Physics Aligned
1675883700,34.0522,-118.2437,448.6,55.5,26.4,39.5,1256.0,0,Normal - Physics Aligned
1675884600,34.0522,-118.2437,447.2,55.8,24.2,45.7,1259.0,0,Normal - Physics Aligned
1675885500,34.0522,-118.2437,451.5,57.5,22.2,47.1,1257.0,0,Normal - Physics Aligned
1675886400,34.0522,-118.2437,466.1,54.6,21.5,48.8,1259.0,0,Normal - Physics Aligned
1675887300,34.0522,-118.2437,488.2,58.4,25.4,45.5,403.0,1,Anomaly - Sensor Bagged
1675888200,34.0522,-118.2437,457.9,56.7,23.6,45.0,1243.0,0,Normal - Physics Aligned
1675889100,34.0522,-118.2437,457.3,55.3,22.5,48.7,1263.0,0,Normal - Physics Aligned
1675890000,34.0522,-118.2437,428.3,57.3,22.8,48.4,1246.0,0,Normal - Physics Aligned
1675890900,36.1627,-115.1398,465.5,54.6,20.6,30.7,414.0,1,Anomaly - Location Spoof
1675891800,34.0522,-118.2437,465.8,58.3,26.6,40.4,1270.0,0,Normal - Physics Aligned
1675892700,34.0522,-118.2437,454.1,53.7,24.7,42.9,1246.0,0,Normal - Physics Aligned
1675893600,34.0522,-118.2437,411.0,51.6,24.7,43.4,1202.0,0,Normal - Physics Aligned
1675894500,34.0522,-118.2437,435.0,52.5,21.0,48.5,1213.0,0,Normal - Physics Aligned
1675895400,34.0522,-118.2437,454.3,57.5,25.8,41.4,1267.0,0,Normal - Physics Aligned
1675896300,34.0522,-118.2437,463.9,56.9,24.3,42.1,1250.0,0,Normal - Physics Aligned
1675897200,34.0522,-118.2437,494.0,61.9,26.0,39.7,1307.0,0,Normal - Physics Aligned
1675898100,34.0522,-118.2437,442.0,51.7,24.0,45.7,1242.0,0,Normal - Physics Aligned
1675899000,34.0522,-118.2437,445.3,57.6,27.7,38.6,1253.0,0,Normal - Physics Aligned
1675899900,34.0522,-118.2437,448.5,57.7,22.3,47.7,1249.0,0,Normal - Physics Aligned
1675900800,34.0522,-118.2437,450.9,54.1,27.6,47.0,392.0,1,Anomaly - Sensor Bagged
1675901700,34.0522,-118.2437,437.5,52.5,25.5,53.9,410.0,1,Anomaly - Sensor Bagged
1675902600,34.0522,-118.2437,448.3,54.1,25.3,42.5,1236.0,0,Normal - Physics Aligned
1675903500,34.0522,-118.2437,465.3,58.3,23.6,43.8,1258.0,0,Normal - Physics Aligned
1675904400,34.0522,-118.2437,456.0,51.2,23.1,46.2,1252.0,0,Normal - Physics Aligned
1675905300,34.0522,-118.2437,450.4,55.5,24.2,44.6,406.0,1,Anomaly - Sensor Bagged
1675906200,34.0522,-118.2437,466.9,52.1,20.5,52.3,1271.0,0,Normal - Physics Aligned
1675907100,34.0522,-118.2437,462.7,56.4,24.4,46.6,1278.0,0,Normal - Physics Aligned
1675908000,36.1627,-115.1398,430.6,54.4,20.9,32.9,411.0,1,Anomaly - Location Spoof
1675908900,34.0522,-118.2437,450.0,54.1,22.0,50.5,1244.0,0,Normal - Physics Aligned
1675909800,34.0522,-118.2437,445.9,52.5,24.4,42.4,1226.0,0,Normal - Physics Aligned
1675910700,34.0522,-118.2437,456.8,56.5,22.0,48.7,1255.0,0,Normal - Physics Aligned
1675911600,34.0522,-118.2437,448.7,53.3,24.3,45.9,1252.0,0,Normal - Physics Aligned
1675912500,34.0522,-118.2437,466.4,56.3,25.1,41.5,1276.0,0,Normal - Physics Aligned
1675913400,34.0522,-118.2437,444.1,53.9,25.0,42.1,1251.0,0,Normal - Physics Aligned
1675914300,34.0522,-118.2437,420.2,53.2,22.3,45.8,1187.0,0,Normal - Physics Aligned
1675915200,34.0522,-118.2437,450.6,55.0,28.2,37.5,1262.0,0,Normal - Physics Aligned
1675916100,34.0522,-118.2437,463.2,59.1,25.5,44.3,1308.0,0,Normal - Physics Aligned
1675917000,34.0522,-118.2437,448.1,55.3,21.1,50.9,1250.0,0,Normal - Physics Aligned
1675917900,34.0522,-118.2437,420.3,51.8,24.5,52.5,406.0,1,Anomaly - Sensor Bagged
1675918800,34.0522,-118.2437,448.1,56.5,23.6,46.5,1259.0,0,Normal - Physics Aligned
1675919700,34.0522,-118.2437,451.2,54.8,23.9,47.5,1259.0,0,Normal - Physics Aligned
1675920600,34.0522,-118.2437,443.9,54.2,21.3,50.6,1235.0,0,Normal - Physics Aligned
1675921500,34.0522,-118.2437,481.7,58.2,26.4,40.7,1290.0,0,Normal - Physics Aligned
1675922400,34.0522,-118.2437,455.9,55.1,25.0,43.4,1258.0,0,Normal - Physics Aligned
1675923300,34.0522,-118.2437,449.7,49.4,23.8,46.2,1238.0,0,Normal - Physics Aligned
1675924200,36.1627,-115.1398,440.7,54.4,20.8,27.8,408.0,1,Anomaly - Location Spoof
1675925100,34.0522,-118.2437,443.7,57.3,25.5,43.5,1261.0,0,Normal - Physics Aligned
1675926000,34.0522,-118.2437,455.3,54.9,27.5,39.8,1262.0,0,Normal - Physics Aligned
1675926900,34.0522,-118.2437,429.7,53.4,24.4,43.8,1234.0,0,Normal - Physics Aligned
1675927800,34.0522,-118.2437,468.9,55.4,25.7,46.7,417.0,1,Anomaly - Sensor Bagged
1675928700,34.0522,-118.2437,497.8,61.6,25.9,41.1,1317.0,0,Normal - Physics Aligned
1675929600,34.0522,-118.2437,437.4,56.6,20.7,43.5,396.0,1,Anomaly - Sensor Bagged
1675930500,34.0522,-118.2437,469.4,56.7,27.7,38.6,1286.0,0,Normal - Physics Aligned
1675931400,34.0522,-118.2437,452.6,56.3,25.1,43.9,1278.0,0,Normal - Physics Aligned
1675932300,34.0522,-118.2437,462.7,55.8,21.6,48.2,1263.0,0,Normal - Physics Aligned
1675933200,34.0522,-118.2437,420.1,48.3,24.8,42.7,1205.0,0,Normal - Physics Aligned
1675934100,34.0522,-118.2437,483.1,57.6,29.2,34.4,1282.0,0,Normal - Physics Aligned
1675935000,34.0522,-118.2437,459.6,56.2,26.0,37.2,1249.0,0,Normal - Physics Aligned
1675935900,34.0522,-118.2437,446.5,53.9,23.3,46.7,1242.0,0,Normal - Physics Aligned
1675936800,34.0522,-118.2437,435.4,54.1,23.6,45.0,403.0,1,Anomaly - Sensor Bagged
1675937700,34.0522,-118.2437,456.0,55.1,24.9,42.1,1242.0,0,Normal - Physics Aligned
1675938600,34.0522,-118.2437,444.4,54.1,26.1,41.5,1242.0,0,Normal - Physics Aligned
1675939500,34.0522,-118.2437,448.3,51.1,27.7,39.0,1237.0,0,Normal - Physics Aligned
1675940400,34.0522,-118.2437,448.8,55.6,25.6,41.2,1237.0,0,Normal - Physics Aligned
1675941300,34.0522,-118.2437,432.9,53.1,26.7,39.3,1220.0,0,Normal - Physics Aligned
1675942200,34.0522,-118.2437,464.8,56.4,26.7,39.3,1271.0,0,Normal - Physics Aligned
1675943100,34.0522,-118.2437,443.6,57.1,25.6,40.4,1229.0,0,Normal - Physics Aligned
1675944000,34.0522,-118.2437,444.9,54.9,23.9,46.4,1254.0,0,Normal - Physics Aligned
1675944900,34.0522,-118.2437,460.9,57.2,24.1,43.9,1265.0,0,Normal - Physics Aligned
1675945800,34.0522,-118.2437,477.9,59.2,24.0,44.6,1285.0,0,Normal - Physics Aligned
1675946700,34.0522,-118.2437,454.3,57.1,24.4,43.5,1257.0,0,Normal - Physics Aligned
1675947600,34.0522,-118.2437,432.1,51.9,19.8,53.0,1215.0,0,Normal - Physics Aligned
1675948500,34.0522,-118.2437,416.8,51.5,27.6,37.9,1206.0,0,Normal - Physics Aligned
1675949400,34.0522,-118.2437,445.4,55.5,21.7,50.3,1258.0,0,Normal - Physics Aligned
1675950300,34.0522,-118.2437,463.9,56.4,21.9,50.5,1262.0,0,Normal - Physics Aligned
1675951200,34.0522,-118.2437,467.5,56.4,25.5,42.4,1275.0,0,Normal - Physics Aligned
1675952100,34.0522,-118.2437,440.7,53.2,24.3,42.9,1228.0,0,Normal - Physics Aligned
1675953000,34.0522,-118.2437,480.0,57.4,26.4,39.4,1291.0,0,Normal - Physics Aligned
1675953900,34.0522,-118.2437,407.2,48.0,25.4,51.9,405.0,1,Anomaly - Sensor Bagged
1675954800,34.0522,-118.2437,457.9,52.7,22.4,46.1,1234.0,0,Normal - Physics Aligned
1675955700,34.0522,-118.2437,495.9,63.9,24.2,46.0,1336.0,0,Normal - Physics Aligned
1675956600,34.0522,-118.2437,450.9,52.7,23.1,46.2,1225.0,0,Normal - Physics Aligned
1675957500,36.1627,-115.1398,442.4,47.9,21.3,30.0,389.0,1,Anomaly - Location Spoof
1675958400,34.0522,-118.2437,422.8,49.2,23.9,45.5,1199.0,0,Normal - Physics Aligned
1675959300,34.0522,-118.2437,433.0,52.7,24.7,43.0,1229.0,0,Normal - Physics Aligned
1675960200,34.0522,-118.2437,462.4,56.5,23.4,43.1,1239.0,0,Normal - Physics Aligned
1675961100,34.0522,-118.2437,450.3,54.5,23.2,49.5,1270.0,0,Normal - Physics Aligned
1675962000,34.0522,-118.2437,455.7,54.2,25.5,43.4,392.0,1,Anomaly - Sensor Bagged
1675962900,34.0522,-118.2437,439.1,55.5,25.1,42.1,1228.0,0,Normal - Physics Aligned
1675963800,34.0522,-118.2437,471.8,59.3,20.7,52.2,1288.0,0,Normal - Physics Aligned
1675964700,34.0522,-118.2437,439.5,54.4,24.9,43.1,1238.0,0,Normal - Physics Aligned
1675965600,34.0522,-118.2437,427.0,51.9,20.9,52.4,1239.0,0,Normal - Physics Aligned
1675966500,34.0522,-118.2437,474.7,56.1,22.4,48.9,1288.0,0,Normal - Physics Aligned
1675967400,34.0522,-118.2437,439.3,55.5,21.7,49.3,1233.0,0,Normal - Physics Aligned
1675968300,34.0522,-118.2437,446.1,53.3,23.2,46.6,1236.0,0,Normal - Physics Aligned
1675969200,34.0522,-118.2437,451.2,55.9,24.8,43.0,1239.0,0,Normal - Physics Aligned
1675970100,34.0522,-118.2437,493.7,59.7,28.2,35.2,1300.0,0,Normal - Physics Aligned
1675971000,34.0522,-118.2437,442.9,52.5,24.1,44.1,1237.0,0,Normal - Physics Aligned
1675971900,34.0522,-118.2437,449.1,53.5,24.1,44.5,1238.0,0,Normal - Physics Aligned
1675972800,34.0522,-118.2437,469.4,59.4,21.3,50.6,1284.0,0,Normal - Physics Aligned
1675973700,34.0522,-118.2437,444.1,54.3,20.7,50.7,1229.0,0,Normal - Physics Aligned
1675974600,34.0522,-118.2437,465.2,57.3,18.7,55.0,1274.0,0,Normal - Physics Aligned
1675975500,34.0522,-118.2437,447.0,54.2,24.0,46.5,1257.0,0,Normal - Physics Aligned
1675976400,34.0522,-118.2437,431.3,53.3,24.2,44.2,1224.0,0,Normal - Physics Aligned
1675977300,34.0522,-118.2437,451.4,54.3,21.6,51.0,1252.0,0,Normal - Physics Aligned
1675978200,34.0522,-118.2437,435.6,51.0,23.3,47.1,1215.0,0,Normal - Physics Aligned
1675979100,34.0522,-118.2437,478.6,58.4,24.8,44.4,1297.0,0,Normal - Physics Aligned
1675980000,34.0522,-118.2437,467.0,58.0,22.5,46.0,1258.0,0,Normal - Physics Aligned
1675980900,34.0522,-118.2437,437.5,52.1,24.9,43.5,1214.0,0,Normal - Physics Aligned
1675981800,34.0522,-118.2437,431.4,51.5,25.5,42.8,1226.0,0,Normal - Physics Aligned
1675982700,36.1627,-115.1398,453.6,57.9,21.2,27.8,409.0,1,Anomaly - Location Spoof
1675983600,34.0522,-118.2437,456.1,54.0,24.2,43.7,1241.0,0,Normal - Physics Aligned
1675984500,34.0522,-118.2437,447.2,53.6,21.9,50.1,1253.0,0,Normal - Physics Aligned
1675985400,34.0522,-118.2437,433.8,50.7,21.9,48.9,1223.0,0,Normal - Physics Aligned
1675986300,34.0522,-118.2437,426.2,51.6,22.6,48.2,1219.0,0,Normal - Physics Aligned
1675987200,34.0522,-118.2437,487.5,59.1,21.1,51.2,1295.0,0,Normal - Physics Aligned
1675988100,34.0522,-118.2437,438.7,50.6,22.8,48.0,1221.0,0,Normal - Physics Aligned
1675989000,34.0522,-118.2437,444.1,54.4,27.5,39.0,1232.0,0,Normal - Physics Aligned
1675989900,34.0522,-118.2437,461.9,58.1,25.2,43.1,1281.0,0,Normal - Physics Aligned
1675990800,34.0522,-118.2437,452.6,56.8,24.1,43.9,1239.0,0,Normal - Physics Aligned
1675991700,34.0522,-118.2437,476.2,57.6,24.5,51.2,423.0,1,Anomaly - Sensor Bagged
1675992600,34.0522,-118.2437,431.4,50.9,25.0,42.9,1228.0,0,Normal - Physics Aligned
1675993500,34.0522,-118.2437,478.3,57.0,26.1,40.2,1281.0,0,Normal - Physics Aligned
1675994400,34.0522,-118.2437,424.9,55.4,25.2,42.9,1228.0,0,Normal - Physics Aligned
1675995300,34.0522,-118.2437,455.5,55.1,27.4,37.8,1260.0,0,Normal - Physics Aligned
1675996200,34.0522,-118.2437,451.0,55.2,23.4,46.7,1263.0,0,Normal - Physics Aligned
1675997100,34.0522,-118.2437,441.3,52.6,21.2,49.2,1227.0,0,Normal - Physics Aligned
1675998000,34.0522,-118.2437,416.4,50.8,22.4,49.6,1207.0,0,Normal - Physics Aligned
1675998900,34.0522,-118.2437,430.3,55.6,26.3,39.8,1221.0,0,Normal - Physics Aligned
1675999800,34.0522,-118.2437,433.5,53.4,24.5,44.8,1251.0,0,Normal - Physics Aligned
1676000700,34.0522,-118.2437,479.7,61.4,23.9,46.8,1317.0,0,Normal - Physics Aligned
1676001600,34.0522,-118.2437,453.2,53.0,20.3,42.4,419.0,1,Anomaly - Sensor Bagged
1676002500,34.0522,-118.2437,453.7,56.2,28.9,33.1,1245.0,0,Normal - Physics Aligned
1676003400,34.0522,-118.2437,457.4,55.5,24.1,43.6,1270.0,0,Normal - Physics Aligned
1676004300,34.0522,-118.2437,462.9,53.4,23.2,48.2,1274.0,0,Normal - Physics Aligned
1676005200,34.0522,-118.2437,450.0,51.1,26.3,38.3,1227.0,0,Normal - Physics Aligned
1676006100,34.0522,-118.2437,433.0,55.8,20.0,52.0,1226.0,0,Normal - Physics Aligned
1676007000,34.0522,-118.2437,455.6,58.3,29.9,31.5,1239.0,0,Normal - Physics Aligned
1676007900,34.0522,-118.2437,463.8,58.0,21.3,51.7,1282.0,0,Normal - Physics Aligned
1676008800,34.0522,-118.2437,449.4,51.7,25.2,39.2,1213.0,0,Normal - Physics Aligned
1676009700,34.0522,-118.2437,411.6,49.8,22.1,47.7,1196.0,0,Normal - Physics Aligned
1676010600,34.0522,-118.2437,440.7,55.3,24.9,42.6,1241.0,0,Normal - Physics Aligned
1676011500,34.0522,-118.2437,430.6,52.9,24.5,48.8,418.0,1,Anomaly - Sensor Bagged
1676012400,36.1627,-115.1398,470.3,58.2,20.9,31.8,391.0,1,Anomaly - Location Spoof
1676013300,34.0522,-118.2437,433.7,55.0,21.5,49.6,1235.0,0,Normal - Physics Aligned
1676014200,34.0522,-118.2437,431.9,51.6,24.6,43.6,1203.0,0,Normal - Physics Aligned
1676015100,34.0522,-118.2437,472.6,56.9,27.0,40.3,1279.0,0,Normal - Physics Aligned
1676016000,34.0522,-118.2437,435.3,53.4,22.0,47.6,1214.0,0,Normal - Physics Aligned
1676016900,34.0522,-118.2437,495.8,62.4,24.9,44.8,1324.0,0,Normal - Physics Aligned
1676017800,34.0522,-118.2437,467.9,57.0,23.2,48.0,1285.0,0,Normal - Physics Aligned
1676018700,34.0522,-118.2437,446.3,57.1,23.2,49.5,1271.0,0,Normal - Physics Aligned
1676019600,34.0522,-118.2437,455.4,53.7,23.8,44.8,393.0,1,Anomaly - Sensor Bagged
1676020500,34.0522,-118.2437,436.1,54.2,21.9,43.9,404.0,1,Anomaly - Sensor Bagged
1676021400,34.0522,-118.2437,461.9,55.4,24.3,44.1,1267.0,0,Normal - Physics Aligned
1676022300,34.0522,-118.2437,427.9,51.0,28.3,36.1,1212.0,0,Normal - Physics Aligned
1676023200,34.0522,-118.2437,431.3,54.5,25.4,42.8,1235.0,0,Normal - Physics Aligned
1676024100,36.1627,-115.1398,420.7,51.3,20.9,34.5,401.0,1,Anomaly - Location Spoof
1676025000,34.0522,-118.2437,446.2,55.8,21.3,50.2,1249.0,0,Normal - Physics Aligned
1676025900,34.0522,-118.2437,453.6,58.3,23.7,45.3,1256.0,0,Normal - Physics Aligned
1676026800,34.0522,-118.2437,471.3,59.6,27.5,45.5,411.0,1,Anomaly - Sensor Bagged
1676027700,34.0522,-118.2437,445.6,56.2,26.4,40.2,1247.0,0,Normal - Physics Aligned
1676028600,34.0522,-118.2437,459.1,56.7,21.1,49.9,1262.0,0,Normal - Physics Aligned
1676029500,34.0522,-118.2437,446.0,54.5,24.6,47.9,400.0,1,Anomaly - Sensor Bagged
1676030400,34.0522,-118.2437,464.0,57.6,22.5,48.4,1277.0,0,Normal - Physics Aligned
1676031300,34.0522,-118.2437,477.8,57.7,22.9,44.4,1268.0,0,Normal - Physics Aligned
1676032200,36.1627,-115.1398,429.2,55.5,21.2,28.8,394.0,1,Anomaly - Location Spoof
1676033100,34.0522,-118.2437,412.6,52.9,19.7,54.0,1215.0,0,Normal - Physics Aligned
1676034000,34.0522,-118.2437,453.8,56.8,28.2,43.5,406.0,1,Anomaly - Sensor Bagged
1676034900,34.0522,-118.2437,475.4,55.9,23.1,47.4,1288.0,0,Normal - Physics Aligned
1676035800,36.1627,-115.1398,428.4,51.7,20.5,26.3,394.0,1,Anomaly - Location Spoof
1676036700,34.0522,-118.2437,466.0,59.4,24.5,45.4,1289.0,0,Normal - Physics Aligned
1676037600,34.0522,-118.2437,445.6,54.1,26.8,39.0,1253.0,0,Normal - Physics Aligned
1676038500,34.0522,-118.2437,447.0,55.5,24.3,45.1,1259.0,0,Normal - Physics Aligned
1676039400,34.0522,-118.2437,450.4,55.7,21.9,48.3,1258.0,0,Normal - Physics Aligned
1676040300,36.1627,-115.1398,454.0,56.3,21.2,32.9,401.0,1,Anomaly - Location Spoof
1676041200,34.0522,-118.2437,444.2,54.7,23.7,43.9,1234.0,0,Normal - Physics Aligned
1676042100,34.0522,-118.2437,477.7,58.6,22.4,50.2,1317.0,0,Normal - Physics Aligned
1676043000,34.0522,-118.2437,438.1,51.6,23.7,44.7,1222.0,0,Normal - Physics Aligned
1676043900,34.0522,-118.2437,434.2,53.1,23.5,45.6,1220.0,0,Normal - Physics Aligned
1676044800,34.0522,-118.2437,453.9,56.1,23.2,42.6,391.0,1,Anomaly - Sensor Bagged
1676045700,34.0522,-118.2437,456.9,53.8,23.8,46.0,1254.0,0,Normal - Physics Aligned
1676046600,34.0522,-118.2437,418.7,54.3,24.5,49.3,406.0,1,Anomaly - Sensor Bagged
1676047500,34.0522,-118.2437,480.0,59.4,22.1,49.1,1285.0,0,Normal - Physics Aligned
1676048400,34.0522,-118.2437,420.5,53.4,25.6,40.8,1194.0,0,Normal - Physics Aligned
1676049300,34.0522,-118.2437,477.7,62.7,23.2,47.5,1302.0,0,Normal - Physics Aligned
1676050200,36.1627,-115.1398,466.4,57.2,21.0,26.7,410.0,1,Anomaly - Location Spoof
1676051100,34.0522,-118.2437,454.7,55.6,29.5,32.3,1238.0,0,Normal - Physics Aligned
1676052000,34.0522,-118.2437,411.9,50.6,27.6,41.4,1214.0,0,Normal - Physics Aligned
1676052900,34.0522,-118.2437,474.8,58.2,23.8,46.9,1290.0,0,Normal - Physics Aligned
1676053800,34.0522,-118.2437,423.2,49.5,27.6,38.5,1208.0,0,Normal - Physics Aligned
1676054700,34.0522,-118.2437,454.6,53.8,24.8,44.6,1269.0,0,Normal - Physics Aligned
1676055600,34.0522,-118.2437,459.2,57.2,26.8,40.3,1267.0,0,Normal - Physics Aligned
1676056500,34.0522,-118.2437,434.6,51.7,25.2,44.3,1224.0,0,Normal - Physics Aligned
1676057400,34.0522,-118.2437,457.6,58.9,25.5,40.3,1248.0,0,Normal - Physics Aligned
1676058300,34.0522,-118.2437,439.2,52.7,18.9,53.9,1234.0,0,Normal - Physics Aligned
1676059200,34.0522,-118.2437,476.0,57.6,27.5,47.0,400.0,1,Anomaly - Sensor Bagged
1676060100,34.0522,-118.2437,440.3,55.9,21.7,49.8,1244.0,0,Normal - Physics Aligned
1676061000,34.0522,-118.2437,480.8,59.7,27.0,40.5,1303.0,0,Normal - Physics Aligned
1676061900,34.0522,-118.2437,460.0,53.3,23.7,44.6,1256.0,0,Normal - Physics Aligned
1676062800,34.0522,-118.2437,477.5,61.1,26.7,42.8,1320.0,0,Normal - Physics Aligned
1676063700,34.0522,-118.2437,437.3,55.3,22.4,49.2,1247.0,0,Normal - Physics Aligned
1676064600,34.0522,-118.2437,476.2,58.6,23.6,48.0,1295.0,0,Normal - Physics Aligned
1676065500,34.0522,-118.2437,424.8,47.6,24.4,44.3,1206.0,0,Normal - Physics Aligned
1676066400,34.0522,-118.2437,450.0,52.0,22.6,47.8,1243.0,0,Normal - Physics Aligned
1676067300,34.0522,-118.2437,429.3,50.5,25.7,48.6,413.0,1,Anomaly - Sensor Bagged
1676068200,34.0522,-118.2437,449.7,51.5,24.4,45.7,1245.0,0,Normal - Physics Aligned
1676069100,34.0522,-118.2437,474.9,52.1,23.0,48.1,1273.0,0,Normal - Physics Aligned
1676070000,34.0522,-118.2437,469.9,56.7,21.0,52.4,1288.0,0,Normal - Physics Aligned
1676070900,34.0522,-118.2437,451.8,53.1,24.6,54.6,395.0,1,Anomaly - Sensor Bagged
1676071800,34.0522,-118.2437,431.9,55.0,23.0,45.9,1231.0,0,Normal - Physics Aligned
1676072700,34.0522,-118.2437,445.2,54.8,28.7,36.5,1248.0,0,Normal - Physics Aligned
1676073600,34.0522,-118.2437,460.4,56.6,25.9,41.4,1277.0,0,Normal - Physics Aligned
1676074500,34.0522,-118.2437,407.2,50.3,22.9,47.9,1204.0,0,Normal - Physics Aligned
1676075400,36.1627,-115.1398,433.9,52.9,20.4,30.1,413.0,1,Anomaly - Location Spoof
1676076300,34.0522,-118.2437,443.7,54.1,25.4,44.5,1264.0,0,Normal - Physics Aligned
1676077200,36.1627,-115.1398,411.5,51.6,20.6,32.2,408.0,1,Anomaly - Location Spoof
1676078100,34.0522,-118.2437,454.8,52.6,22.2,47.7,1248.0,0,Normal - Physics Aligned
1676079000,34.0522,-118.2437,445.5,55.6,23.2,46.8,1246.0,0,Normal - Physics Aligned
1676079900,34.0522,-118.2437,434.6,54.2,27.2,40.8,1245.0,0,Normal - Physics Aligned
1676080800,34.0522,-118.2437,457.0,54.1,25.4,45.8,407.0,1,Anomaly - Sensor Bagged
1676081700,34.0522,-118.2437,485.0,57.7,27.2,38.3,1302.0,0,Normal - Physics Aligned
1676082600,34.0522,-118.2437,451.8,55.9,22.6,48.2,1254.0,0,Normal - Physics Aligned
1676083500,34.0522,-118.2437,443.6,56.4,24.8,41.6,1241.0,0,Normal - Physics Aligned
1676084400,34.0522,-118.2437,453.7,54.7,26.2,39.8,1247.0,0,Normal - Physics Aligned
1676085300,34.0522,-118.2437,434.8,54.2,25.8,39.9,1219.0,0,Normal - Physics Aligned
1676086200,34.0522,-118.2437,421.3,50.0,23.9,46.5,1220.0,0,Normal - Physics Aligned
1676087100,34.0522,-118.2437,417.8,52.2,21.0,50.5,1209.0,0,Normal - Physics Aligned
1676088000,36.1627,-115.1398,479.6,56.6,21.4,30.4,404.0,1,Anomaly - Location Spoof
1676088900,34.0522,-118.2437,429.0,54.0,21.7,50.1,1238.0,0,Normal - Physics Aligned
1676089800,34.0522,-118.2437,476.9,60.5,27.4,37.6,1292.0,0,Normal - Physics Aligned
1676090700,34.0522,-118.2437,493.5,60.5,25.8,41.5,1297.0,0,Normal - Physics Aligned
1676091600,36.1627,-115.1398,456.3,59.1,21.0,29.7,402.0,1,Anomaly - Location Spoof
1676092500,34.0522,-118.2437,443.3,54.5,26.8,39.3,1247.0,0,Normal - Physics Aligned
1676093400,34.0522,-118.2437,431.5,54.1,26.5,41.2,1234.0,0,Normal - Physics Aligned
1676094300,34.0522,-118.2437,441.5,53.2,24.4,47.6,417.0,1,Anomaly - Sensor Bagged
1676095200,34.0522,-118.2437,440.9,52.9,18.7,54.8,1228.0,0,Normal - Physics Aligned
1676096100,34.0522,-118.2437,423.7,53.5,23.0,47.2,403.0,1,Anomaly - Sensor Bagged
1676097000,34.0522,-118.2437,444.8,54.1,21.0,49.8,1235.0,0,Normal - Physics Aligned
1676097900,34.0522,-118.2437,445.8,54.4,21.9,49.9,1244.0,0,Normal - Physics Aligned
1676098800,34.0522,-118.2437,452.6,57.1,27.0,39.2,1250.0,0,Normal - Physics Aligned
1676099700,34.0522,-118.2437,439.7,52.3,28.6,36.8,1235.0,0,Normal - Physics Aligned
1676100600,34.0522,-118.2437,459.2,58.9,23.5,45.4,1272.0,0,Normal - Physics Aligned
1676101500,34.0522,-118.2437,413.1,48.1,22.8,45.5,1170.0,0,Normal - Physics Aligned
1676102400,34.0522,-118.2437,449.9,56.5,22.8,49.2,1269.0,0,Normal - Physics Aligned
1676103300,34.0522,-118.2437,459.2,57.0,27.5,37.4,1264.0,0,Normal - Physics Aligned
1676104200,34.0522,-118.2437,428.6,48.7,21.7,48.9,1208.0,0,Normal - Physics Aligned
1676105100,34.0522,-118.2437,467.5,61.3,25.0,44.2,1297.0,0,Normal - Physics Aligned
1676106000,34.0522,-118.2437,451.2,54.9,24.6,44.4,1258.0,0,Normal - Physics Aligned
1676106900,34.0522,-118.2437,480.6,58.9,24.1,44.8,1298.0,0,Normal - Physics Aligned
1676107800,34.0522,-118.2437,458.0,57.9,25.3,40.9,1261.0,0,Normal - Physics Aligned
1676108700,34.0522,-118.2437,444.4,53.7,25.3,41.9,1236.0,0,Normal - Physics Aligned
1676109600,36.1627,-115.1398,417.9,50.2,21.1,28.5,395.0,1,Anomaly - Location Spoof
1676110500,34.0522,-118.2437,467.7,59.7,21.7,49.4,1287.0,0,Normal - Physics Aligned
1676111400,34.0522,-118.2437,447.1,54.4,21.2,50.8,1247.0,0,Normal - Physics Aligned
1676112300,34.0522,-118.2437,461.2,59.7,26.4,41.5,1269.0,0,Normal - Physics Aligned
1676113200,34.0522,-118.2437,417.2,49.3,25.0,41.9,1201.0,0,Normal - Physics Aligned
1676114100,34.0522,-118.2437,425.6,53.8,26.3,41.8,1229.0,0,Normal - Physics Aligned
1676115000,34.0522,-118.2437,431.1,53.0,21.8,49.5,1233.0,0,Normal - Physics Aligned
1676115900,34.0522,-118.2437,459.4,50.6,25.6,42.2,1259.0,0,Normal - Physics Aligned
1676116800,34.0522,-118.2437,447.2,53.4,26.2,39.4,1240.0,0,Normal - Physics Aligned
1676117700,34.0522,-118.2437,451.6,55.2,26.1,40.4,1252.0,0,Normal - Physics Aligned
1676118600,34.0522,-118.2437,487.3,58.2,25.6,41.0,1294.0,0,Normal - Physics Aligned
1676119500,34.0522,-118.2437,453.0,54.7,25.7,42.3,1264.0,0,Normal - Physics Aligned
1676120400,34.0522,-118.2437,478.0,58.6,25.4,39.1,1268.0,0,Normal - Physics Aligned
1676121300,34.0522,-118.2437,490.1,57.3,22.4,49.0,1313.0,0,Normal - Physics Aligned
1676122200,34.0522,-118.2437,434.9,54.0,26.4,47.7,406.0,1,Anomaly - Sensor Bagged
1676123100,34.0522,-118.2437,454.7,53.7,24.1,44.0,1267.0,0,Normal - Physics Aligned
1676124000,34.0522,-118.2437,423.4,52.2,25.1,42.6,1219.0,0,Normal - Physics Aligned
1676124900,34.0522,-118.2437,464.2,53.1,23.9,45.1,1272.0,0,Normal - Physics Aligned
1676125800,34.0522,-118.2437,499.1,56.2,22.7,48.7,1310.0,0,Normal - Physics Aligned
1676126700,36.1627,-115.1398,461.7,52.8,21.0,31.1,395.0,1,Anomaly - Location Spoof
1676127600,34.0522,-118.2437,390.4,44.8,22.6,46.9,1154.0,0,Normal - Physics Aligned
1676128500,34.0522,-118.2437,430.1,50.9,25.8,44.4,409.0,1,Anomaly - Sensor Bagged
1676129400,34.0522,-118.2437,457.2,57.0,23.3,45.4,1249.0,0,Normal - Physics Aligned
1676130300,34.0522,-118.2437,420.0,47.8,24.2,45.9,1185.0,0,Normal - Physics Aligned
1676131200,34.0522,-118.2437,427.9,52.8,19.9,53.5,1215.0,0,Normal - Physics Aligned
1676132100,34.0522,-118.2437,471.5,60.1,22.4,47.9,1273.0,0,Normal - Physics Aligned
1676133000,34.0522,-118.2437,461.8,52.8,22.0,48.9,1254.0,0,Normal - Physics Aligned
1676133900,34.0522,-118.2437,434.7,51.2,23.9,46.0,1227.0,0,Normal - Physics Aligned
1676134800,36.1627,-115.1398,497.1,60.7,21.3,31.7,396.0,1,Anomaly - Location Spoof
1676135700,34.0522,-118.2437,430.9,53.9,22.7,41.4,418.0,1,Anomaly - Sensor Bagged
1676136600,34.0522,-118.2437,460.2,52.7,21.5,50.0,1257.0,0,Normal - Physics Aligned
1676137500,34.0522,-118.2437,474.1,58.0,27.2,38.3,1283.0,0,Normal - Physics Aligned
1676138400,34.0522,-118.2437,416.5,49.3,25.3,42.0,1207.0,0,Normal - Physics Aligned
1676139300,34.0522,-118.2437,427.0,53.0,24.9,44.1,1234.0,0,Normal - Physics Aligned
1676140200,36.1627,-115.1398,434.9,54.8,20.5,31.2,400.0,1,Anomaly - Location Spoof
1676141100,34.0522,-118.2437,450.3,55.3,22.2,48.9,1255.0,0,Normal - Physics Aligned
1676142000,34.0522,-118.2437,448.6,50.4,15.7,58.6,1224.0,0,Normal - Physics Aligned
1676142900,34.0522,-118.2437,452.6,52.3,22.1,46.9,1224.0,0,Normal - Physics Aligned
1676143800,34.0522,-118.2437,427.9,53.0,24.0,44.8,1227.0,0,Normal - Physics Aligned
1676144700,34.0522,-118.2437,405.6,48.6,22.8,48.0,1184.0,0,Normal - Physics Aligned
1676145600,34.0522,-118.2437,476.9,60.7,24.2,40.7,1271.0,0,Normal - Physics Aligned
1676146500,34.0522,-118.2437,452.4,55.8,24.4,46.4,1266.0,0,Normal - Physics Aligned
1676147400,34.0522,-118.2437,467.0,58.3,24.8,43.3,1286.0,0,Normal - Physics Aligned
1676148300,34.0522,-118.2437,442.7,53.5,17.1,59.8,1253.0,0,Normal - Physics Aligned
1676149200,34.0522,-118.2437,428.7,52.5,24.2,44.9,1221.0,0,Normal - Physics Aligned
1676150100,34.0522,-118.2437,443.2,54.4,27.8,38.5,1257.0,0,Normal - Physics Aligned
1676151000,34.0522,-118.2437,435.8,53.0,28.8,35.4,1217.0,0,Normal - Physics Aligned
1676151900,34.0522,-118.2437,417.1,52.0,26.6,41.5,1218.0,0,Normal - Physics Aligned
1676152800,34.0522,-118.2437,463.5,55.5,27.1,37.4,1261.0,0,Normal - Physics Aligned
1676153700,34.0522,-118.2437,441.8,52.5,25.5,45.7,405.0,1,Anomaly - Sensor Bagged
1676154600,34.0522,-118.2437,460.2,55.7,23.8,45.6,1267.0,0,Normal - Physics Aligned
1676155500,34.0522,-118.2437,465.9,56.8,26.8,37.9,1277.0,0,Normal - Physics Aligned
1676156400,34.0522,-118.2437,476.2,56.7,26.0,40.6,1270.0,0,Normal - Physics Aligned
1676157300,34.0522,-118.2437,446.5,55.8,22.2,49.7,1249.0,0,Normal - Physics Aligned
1676158200,34.0522,-118.2437,436.4,54.5,22.8,47.2,1234.0,0,Normal - Physics Aligned
1676159100,34.0522,-118.2437,436.9,50.5,20.5,51.6,1217.0,0,Normal - Physics Aligned
1676160000,34.0522,-118.2437,466.6,55.5,24.8,44.5,1265.0,0,Normal - Physics Aligned
1676160900,34.0522,-118.2437,466.7,58.7,26.4,41.1,1289.0,0,Normal - Physics Aligned
1676161800,34.0522,-118.2437,477.5,57.4,24.2,44.9,1285.0,0,Normal - Physics Aligned
1676162700,34.0522,-118.2437,492.2,59.3,25.8,45.2,421.0,1,Anomaly - Sensor Bagged
1676163600,34.0522,-118.2437,469.2,59.0,26.4,39.7,1270.0,0,Normal - Physics Aligned
1676164500,34.0522,-118.2437,440.4,56.1,25.3,41.9,1235.0,0,Normal - Physics Aligned
1676165400,34.0522,-118.2437,453.9,54.9,23.3,46.2,392.0,1,Anomaly - Sensor Bagged
1676166300,34.0522,-118.2437,438.2,54.5,28.6,35.8,1245.0,0,Normal - Physics Aligned
1676167200,34.0522,-118.2437,475.9,58.7,24.9,42.8,1280.0,0,Normal - Physics Aligned
1676168100,34.0522,-118.2437,452.4,56.6,24.0,44.7,1256.0,0,Normal - Physics Aligned
1676169000,34.0522,-118.2437,464.8,56.7,25.1,45.2,400.0,1,Anomaly - Sensor Bagged
1676169900,34.0522,-118.2437,440.4,49.7,26.0,39.7,1217.0,0,Normal - Physics Aligned
1676170800,34.0522,-118.2437,466.9,55.7,26.4,41.2,1266.0,0,Normal - Physics Aligned
1676171700,34.0522,-118.2437,454.4,56.4,24.1,45.6,1269.0,0,Normal - Physics Aligned
1676172600,34.0522,-118.2437,413.0,47.2,27.7,36.5,1165.0,0,Normal - Physics Aligned
1676173500,34.0522,-118.2437,437.1,55.4,24.7,47.1,414.0,1,Anomaly - Sensor Bagged
1676174400,34.0522,-118.2437,456.1,55.4,24.3,44.7,1251.0,0,Normal - Physics Aligned
1676175300,34.0522,-118.2437,452.4,57.9,26.7,41.1,1258.0,0,Normal - Physics Aligned
1676176200,34.0522,-118.2437,455.8,57.2,24.8,44.1,1263.0,0,Normal - Physics Aligned
1676177100,34.0522,-118.2437,427.2,53.5,24.9,41.9,1214.0,0,Normal - Physics Aligned
1676178000,34.0522,-118.2437,448.0,52.3,24.3,50.1,400.0,1,Anomaly - Sensor Bagged
1676178900,36.1627,-115.1398,437.0,56.1,20.1,29.8,400.0,1,Anomaly - Location Spoof
1676179800,34.0522,-118.2437,450.6,57.3,27.1,38.8,1248.0,0,Normal - Physics Aligned
1676180700,36.1627,-115.1398,462.3,59.4,20.5,30.9,406.0,1,Anomaly - Location Spoof
1676181600,34.0522,-118.2437,440.4,54.2,22.6,46.5,1224.0,0,Normal - Physics Aligned
1676182500,34.0522,-118.2437,422.1,49.0,20.8,52.5,1206.0,0,Normal - Physics Aligned
1676183400,34.0522,-118.2437,427.9,53.2,27.7,45.7,415.0,1,Anomaly - Sensor Bagged
1676184300,34.0522,-118.2437,425.2,50.6,27.1,51.1,406.0,1,Anomaly - Sensor Bagged
1676185200,34.0522,-118.2437,454.1,54.5,26.4,39.3,1251.0,0,Normal - Physics Aligned
1676186100,34.0522,-118.2437,446.6,55.1,27.4,38.2,1240.0,0,Normal - Physics Aligned
1676187000,36.1627,-115.1398,465.9,57.3,21.2,32.9,412.0,1,Anomaly - Location Spoof
1676187900,34.0522,-118.2437,464.0,57.3,20.2,51.2,1260.0,0,Normal - Physics Aligned
1676188800,34.0522,-118.2437,457.3,55.8,26.9,39.0,1254.0,0,Normal - Physics Aligned
1676189700,34.0522,-118.2437,443.6,56.2,20.8,48.7,1221.0,0,Normal - Physics Aligned
1676190600,34.0522,-118.2437,425.6,52.7,23.4,47.7,390.0,1,Anomaly - Sensor Bagged
1676191500,34.0522,-118.2437,446.4,56.7,25.8,43.7,1266.0,0,Normal - Physics Aligned
1676192400,34.0522,-118.2437,386.6,48.4,22.3,48.0,1161.0,0,Normal - Physics Aligned
1676193300,34.0522,-118.2437,430.1,55.1,23.0,48.3,1234.0,0,Normal - Physics Aligned
1676194200,34.0522,-118.2437,445.1,54.8,27.7,37.2,1245.0,0,Normal - Physics Aligned
1676195100,34.0522,-118.2437,436.2,51.3,25.5,41.9,1231.0,0,Normal - Physics Aligned
1676196000,34.0522,-118.2437,395.2,46.4,22.9,45.8,1167.0,0,Normal - Physics Aligned
1676196900,34.0522,-118.2437,469.5,58.3,22.4,47.4,1289.0,0,Normal - Physics Aligned
1676197800,34.0522,-118.2437,457.3,59.0,23.4,46.5,1265.0,0,Normal - Physics Aligned
1676198700,34.0522,-118.2437,470.9,58.4,22.5,46.8,1270.0,0,Normal - Physics Aligned
1676199600,34.0522,-118.2437,477.2,58.7,21.1,49.1,1267.0,0,Normal - Physics Aligned
1676200500,34.0522,-118.2437,440.8,55.6,22.6,44.8,415.0,1,Anomaly - Sensor Bagged
1676201400,34.0522,-118.2437,452.8,56.8,23.6,43.4,1252.0,0,Normal - Physics Aligned
1676202300,34.0522,-118.2437,482.6,58.6,29.1,35.7,1296.0,0,Normal - Physics Aligned
1676203200,34.0522,-118.2437,436.1,51.4,27.1,40.0,1231.0,0,Normal - Physics Aligned
1676204100,34.0522,-118.2437,486.0,63.2,23.8,45.8,1317.0,0,Normal - Physics Aligned
1676205000,34.0522,-118.2437,456.0,55.5,26.4,42.0,1268.0,0,Normal - Physics Aligned
1676205900,34.0522,-118.2437,413.0,50.1,24.2,44.3,1199.0,0,Normal - Physics Aligned
1676206800,34.0522,-118.2437,467.0,60.6,23.0,46.8,1270.0,0,Normal - Physics Aligned
1676207700,34.0522,-118.2437,444.1,54.0,23.3,46.3,1238.0,0,Normal - Physics Aligned
1676208600,34.0522,-118.2437,459.7,55.7,26.1,41.0,1247.0,0,Normal - Physics Aligned
1676209500,34.0522,-118.2437,455.0,54.5,27.7,38.6,1266.0,0,Normal - Physics Aligned
1676210400,34.0522,-118.2437,427.5,51.1,28.2,37.4,1221.0,0,Normal - Physics Aligned
1676211300,34.0522,-118.2437,455.5,55.5,26.6,39.1,1259.0,0,Normal - Physics Aligned
1676212200,34.0522,-118.2437,462.5,54.8,23.3,47.9,1272.0,0,Normal - Physics Aligned
1676213100,34.0522,-118.2437,474.2,59.1,24.9,43.0,1285.0,0,Normal - Physics Aligned
1676214000,34.0522,-118.2437,456.1,57.4,22.0,49.4,1272.0,0,Normal - Physics Aligned
1676214900,36.1627,-115.1398,436.3,50.0,21.2,28.1,409.0,1,Anomaly - Location Spoof
1676215800,34.0522,-118.2437,455.0,57.0,27.1,39.3,1264.0,0,Normal - Physics Aligned
1676216700,34.0522,-118.2437,451.0,54.0,25.2,43.3,1249.0,0,Normal - Physics Aligned
1676217600,34.0522,-118.2437,473.3,59.2,22.7,46.7,1278.0,0,Normal - Physics Aligned
1676218500,34.0522,-118.2437,470.6,56.8,27.7,39.0,1278.0,0,Normal - Physics Aligned
1676219400,34.0522,-118.2437,445.6,53.2,23.5,45.0,1236.0,0,Normal - Physics Aligned
1676220300,34.0522,-118.2437,432.6,53.7,24.9,44.9,1230.0,0,Normal - Physics Aligned
1676221200,34.0522,-118.2437,476.5,61.2,24.3,43.0,1275.0,0,Normal - Physics Aligned
1676222100,34.0522,-118.2437,423.3,52.1,23.6,45.6,1221.0,0,Normal - Physics Aligned
1676223000,34.0522,-118.2437,447.6,56.2,23.9,43.4,1241.0,0,Normal - Physics Aligned
1676223900,34.0522,-118.2437,450.7,56.8,23.1,41.3,404.0,1,Anomaly - Sensor Bagged
1676224800,34.0522,-118.2437,432.0,52.6,23.7,45.1,1223.0,0,Normal - Physics Aligned
1676225700,34.0522,-118.2437,431.6,49.6,23.8,45.6,413.0,1,Anomaly - Sensor Bagged
1676226600,34.0522,-118.2437,476.3,60.3,22.6,48.8,1305.0,0,Normal - Physics Aligned
1676227500,34.0522,-118.2437,445.0,52.7,25.1,42.8,1255.0,0,Normal - Physics Aligned
1676228400,34.0522,-118.2437,467.6,59.1,27.8,39.5,1294.0,0,Normal - Physics Aligned
1676229300,34.0522,-118.2437,481.0,60.6,19.4,53.2,1307.0,0,Normal - Physics Aligned
1676230200,34.0522,-118.2437,468.8,56.0,23.8,46.1,1280.0,0,Normal - Physics Aligned
1676231100,34.0522,-118.2437,439.5,55.1,24.9,41.5,1214.0,0,Normal - Physics Aligned
1676232000,34.0522,-118.2437,466.4,57.5,23.2,44.6,1272.0,0,Normal - Physics Aligned
1676232900,36.1627,-115.1398,420.2,50.1,20.9,29.7,408.0,1,Anomaly - Location Spoof
1676233800,34.0522,-118.2437,481.3,58.3,19.8,52.0,1282.0,0,Normal - Physics Aligned
1676234700,34.0522,-118.2437,428.3,57.1,26.4,38.8,1223.0,0,Normal - Physics Aligned
1676235600,34.0522,-118.2437,409.7,48.8,25.5,42.9,1187.0,0,Normal - Physics Aligned
1676236500,34.0522,-118.2437,445.6,53.4,21.3,51.3,1251.0,0,Normal - Physics Aligned
1676237400,34.0522,-118.2437,462.1,53.2,21.3,49.9,1266.0,0,Normal - Physics Aligned
1676238300,34.0522,-118.2437,442.0,55.3,28.2,49.3,400.0,1,Anomaly - Sensor Bagged
1676239200,34.0522,-118.2437,432.2,53.7,21.2,52.3,1253.0,0,Normal - Physics Aligned
1676240100,34.0522,-118.2437,464.7,58.9,25.7,40.9,1271.0,0,Normal - Physics Aligned
1676241000,34.0522,-118.2437,408.7,49.5,20.0,52.4,1180.0,0,Normal - Physics Aligned
1676241900,34.0522,-118.2437,453.0,55.7,25.1,39.8,1232.0,0,Normal - Physics Aligned
1676242800,34.0522,-118.2437,425.7,49.9,27.1,39.9,1220.0,0,Normal - Physics Aligned
1676243700,34.0522,-118.2437,430.7,54.8,29.1,36.8,1235.0,0,Normal - Physics Aligned
1676244600,34.0522,-118.2437,480.8,63.1,26.4,45.2,391.0,1,Anomaly - Sensor Bagged
1676245500,34.0522,-118.2437,431.3,53.8,25.7,43.6,1222.0,0,Normal - Physics Aligned
1676246400,34.0522,-118.2437,462.7,56.0,23.7,46.3,1263.0,0,Normal - Physics Aligned
1676247300,34.0522,-118.2437,442.7,50.7,19.8,52.4,1220.0,0,Normal - Physics Aligned
1676248200,34.0522,-118.2437,455.9,53.1,22.6,46.5,1242.0,0,Normal - Physics Aligned
1676249100,34.0522,-118.2437,463.1,59.5,26.1,43.1,1298.0,0,Normal - Physics Aligned
1676250000,34.0522,-118.2437,490.8,62.3,23.4,43.6,1299.0,0,Normal - Physics Aligned
1676250900,34.0522,-118.2437,471.8,59.6,27.1,38.9,1288.0,0,Normal - Physics Aligned
1676251800,34.0522,-118.2437,426.6,49.7,25.4,40.4,1207.0,0,Normal - Physics Aligned
1676252700,34.0522,-118.2437,421.1,48.6,22.6,46.0,1189.0,0,Normal - Physics Aligned
1676253600,34.0522,-118.2437,436.1,54.3,25.6,42.6,1238.0,0,Normal - Physics Aligned
1676254500,34.0522,-118.2437,467.2,56.6,23.8,47.3,1286.0,0,Normal - Physics Aligned
1676255400,34.0522,-118.2437,461.3,57.2,22.6,47.1,1265.0,0,Normal - Physics Aligned
1676256300,34.0522,-118.2437,454.6,53.1,25.1,41.0,1255.0,0,Normal - Physics Aligned
1676257200,34.0522,-118.2437,485.6,59.5,21.9,47.6,1286.0,0,Normal - Physics Aligned
1676258100,34.0522,-118.2437,452.4,56.4,21.4,49.9,1260.0,0,Normal - Physics Aligned
1676259000,34.0522,-118.2437,462.1,59.8,28.0,37.7,1282.0,0,Normal - Physics Aligned
1676259900,34.0522,-118.2437,421.0,52.3,26.4,41.6,1220.0,0,Normal - Physics Aligned
1676260800,34.0522,-118.2437,432.7,53.0,28.7,36.6,1226.0,0,Normal - Physics Aligned
1676261700,34.0522,-118.2437,471.6,59.8,23.4,45.5,1288.0,0,Normal - Physics Aligned
1676262600,34.0522,-118.2437,452.7,52.1,21.2,47.5,1220.0,0,Normal - Physics Aligned
1676263500,36.1627,-115.1398,411.7,50.8,21.5,29.4,396.0,1,Anomaly - Location Spoof
1676264400,34.0522,-118.2437,455.0,55.6,24.9,42.0,1238.0,0,Normal - Physics Aligned
1676265300,34.0522,-118.2437,452.8,55.2,24.7,44.8,1267.0,0,Normal - Physics Aligned
1676266200,34.0522,-118.2437,394.7,51.1,23.7,45.5,1184.0,0,Normal - Physics Aligned
1676267100,34.0522,-118.2437,425.7,53.1,22.7,46.0,1216.0,0,Normal - Physics Aligned
1676268000,34.0522,-118.2437,438.5,54.3,24.0,45.4,1229.0,0,Normal - Physics Aligned
1676268900,34.0522,-118.2437,432.2,49.5,22.6,49.3,1228.0,0,Normal - Physics Aligned
1676269800,34.0522,-118.2437,442.5,49.3,24.0,43.6,1228.0,0,Normal - Physics Aligned
1676270700,34.0522,-118.2437,439.8,56.5,25.1,43.7,1254.0,0,Normal - Physics Aligned
1676271600,34.0522,-118.2437,444.3,55.8,22.9,46.0,1240.0,0,Normal - Physics Aligned
1676272500,34.0522,-118.2437,443.1,52.2,20.9,52.7,1256.0,0,Normal - Physics Aligned
1676273400,34.0522,-118.2437,452.0,54.9,22.5,48.0,1257.0,0,Normal - Physics Aligned
1676274300,34.0522,-118.2437,441.4,54.0,25.5,40.8,1240.0,0,Normal - Physics Aligned
1676275200,34.0522,-118.2437,448.6,54.7,21.6,49.4,1248.0,0,Normal - Physics Aligned
1676276100,34.0522,-118.2437,452.8,55.3,24.4,44.4,1260.0,0,Normal - Physics Aligned
1676277000,34.0522,-118.2437,468.9,57.2,23.2,48.1,1278.0,0,Normal - Physics Aligned
1676277900,34.0522,-118.2437,435.9,51.8,24.9,42.8,1217.0,0,Normal - Physics Aligned
1676278800,34.0522,-118.2437,453.2,53.7,23.6,46.6,1254.0,0,Normal - Physics Aligned
1676279700,34.0522,-118.2437,467.5,57.7,19.9,49.7,1250.0,0,Normal - Physics Aligned
1676280600,34.0522,-118.2437,455.1,55.9,23.0,46.9,1256.0,0,Normal - Physics Aligned
1676281500,34.0522,-118.2437,463.0,56.3,21.9,49.3,1274.0,0,Normal - Physics Aligned
1676282400,34.0522,-118.2437,445.9,51.7,20.7,49.0,1215.0,0,Normal - Physics Aligned
1676283300,36.1627,-115.1398,453.9,59.0,20.8,33.0,402.0,1,Anomaly - Location Spoof
1676284200,34.0522,-118.2437,460.6,53.5,25.5,45.8,1274.0,0,Normal - Physics Aligned
1676285100,34.0522,-118.2437,439.9,54.0,22.0,49.4,1235.0,0,Normal - Physics Aligned
1676286000,34.0522,-118.2437,473.4,59.7,20.1,50.9,1275.0,0,Normal - Physics Aligned
1676286900,34.0522,-118.2437,480.7,60.5,23.4,46.4,1300.0,0,Normal - Physics Aligned
1676287800,34.0522,-118.2437,482.6,59.7,26.9,48.9,406.0,1,Anomaly - Sensor Bagged
1676288700,34.0522,-118.2437,492.5,62.7,21.5,50.3,1325.0,0,Normal - Physics Aligned
1676289600,34.0522,-118.2437,475.4,57.6,23.3,45.7,1277.0,0,Normal - Physics Aligned
1676290500,34.0522,-118.2437,464.5,56.0,27.6,43.5,399.0,1,Anomaly - Sensor Bagged
1676291400,34.0522,-118.2437,444.9,54.6,26.9,39.4,1237.0,0,Normal - Physics Aligned
1676292300,34.0522,-118.2437,442.0,52.2,21.4,50.0,1239.0,0,Normal - Physics Aligned
1676293200,34.0522,-118.2437,463.9,55.6,22.5,49.8,1292.0,0,Normal - Physics Aligned
1676294100,34.0522,-118.2437,440.0,54.1,26.6,46.4,418.0,1,Anomaly - Sensor Bagged
1676295000,34.0522,-118.2437,432.6,54.4,25.4,40.3,1223.0,0,Normal - Physics Aligned
1676295900,34.0522,-118.2437,424.5,50.5,28.8,36.2,1209.0,0,Normal - Physics Aligned
1676296800,34.0522,-118.2437,484.6,60.1,25.2,43.9,1319.0,0,Normal - Physics Aligned
1676297700,34.0522,-118.2437,455.7,55.4,25.8,41.5,1250.0,0,Normal - Physics Aligned
1676298600,34.0522,-118.2437,447.3,55.2,27.4,41.5,407.0,1,Anomaly - Sensor Bagged
1676299500,34.0522,-118.2437,465.2,58.5,26.5,43.1,403.0,1,Anomaly - Sensor Bagged
1676300400,34.0522,-118.2437,454.8,55.2,25.6,40.8,1246.0,0,Normal - Physics Aligned
1676301300,34.0522,-118.2437,419.7,53.9,21.2,50.8,1212.0,0,Normal - Physics Aligned
1676302200,34.0522,-118.2437,458.4,58.6,23.6,45.7,1279.0,0,Normal - Physics Aligned
1676303100,34.0522,-118.2437,458.0,57.9,20.9,51.2,1269.0,0,Normal - Physics Aligned
1676304000,34.0522,-118.2437,431.9,55.4,23.2,46.8,1226.0,0,Normal - Physics Aligned
1676304900,36.1627,-115.1398,448.9,52.6,21.2,25.9,400.0,1,Anomaly - Location Spoof
1676305800,34.0522,-118.2437,433.0,56.9,20.3,53.1,1238.0,0,Normal - Physics Aligned
1676306700,34.0522,-118.2437,454.1,58.7,24.1,45.7,1282.0,0,Normal - Physics Aligned
1676307600,34.0522,-118.2437,458.7,57.8,26.0,49.8,382.0,1,Anomaly - Sensor Bagged
1676308500,36.1627,-115.1398,409.9,48.2,21.5,28.1,393.0,1,Anomaly - Location Spoof
1676309400,34.0522,-118.2437,427.5,52.4,23.5,44.6,1201.0,0,Normal - Physics Aligned
1676310300,34.0522,-118.2437,445.1,52.6,23.4,43.7,1220.0,0,Normal - Physics Aligned
1676311200,34.0522,-118.2437,466.4,57.9,23.9,44.6,1263.0,0,Normal - Physics Aligned
1676312100,34.0522,-118.2437,459.4,56.0,26.0,40.4,1255.0,0,Normal - Physics Aligned
1676313000,34.0522,-118.2437,460.8,57.3,28.3,36.6,1274.0,0,Normal - Physics Aligned
1676313900,34.0522,-118.2437,483.8,57.6,24.3,44.2,1300.0,0,Normal - Physics Aligned
1676314800,34.0522,-118.2437,471.2,56.8,22.9,46.9,1273.0,0,Normal - Physics Aligned
1676315700,34.0522,-118.2437,406.9,49.3,25.1,44.8,1199.0,0,Normal - Physics Aligned
1676316600,34.0522,-118.2437,422.3,51.9,22.7,47.4,1203.0,0,Normal - Physics Aligned
1676317500,36.1627,-115.1398,425.5,48.9,20.8,31.1,413.0,1,Anomaly - Location Spoof
1676318400,34.0522,-118.2437,470.2,55.7,24.5,42.2,1270.0,0,Normal - Physics Aligned
1676319300,34.0522,-118.2437,452.4,52.8,25.5,41.8,1245.0,0,Normal - Physics Aligned
1676320200,34.0522,-118.2437,442.2,53.6,25.7,41.9,1236.0,0,Normal - Physics Aligned
1676321100,34.0522,-118.2437,440.7,53.6,21.9,49.2,1226.0,0,Normal - Physics Aligned
1676322000,34.0522,-118.2437,423.1,49.2,20.9,51.0,1214.0,0,Normal - Physics Aligned
1676322900,34.0522,-118.2437,443.7,55.3,21.3,50.8,1243.0,0,Normal - Physics Aligned
1676323800,34.0522,-118.2437,441.1,53.7,24.7,42.8,1235.0,0,Normal - Physics Aligned
1676324700,36.1627,-115.1398,464.8,55.3,21.5,27.6,406.0,1,Anomaly - Location Spoof
1676325600,34.0522,-118.2437,438.3,52.5,24.1,45.4,1228.0,0,Normal - Physics Aligned
1676326500,34.0522,-118.2437,459.5,57.5,24.9,42.7,1263.0,0,Normal - Physics Aligned
1676327400,34.0522,-118.2437,459.7,56.2,23.0,45.6,1258.0,0,Normal - Physics Aligned
1676328300,34.0522,-118.2437,408.3,48.5,23.2,42.5,414.0,1,Anomaly - Sensor Bagged
1676329200,34.0522,-118.2437,432.2,53.1,22.6,48.6,1231.0,0,Normal - Physics Aligned
1676330100,34.0522,-118.2437,463.3,57.1,23.4,45.8,1253.0,0,Normal - Physics Aligned
1676331000,34.0522,-118.2437,472.8,56.4,25.7,43.5,1291.0,0,Normal - Physics Aligned
1676331900,34.0522,-118.2437,489.6,58.6,19.6,53.1,1298.0,0,Normal - Physics Aligned
1676332800,34.0522,-118.2437,456.1,52.8,18.2,56.9,1254.0,0,Normal - Physics Aligned
1676333700,34.0522,-118.2437,463.5,56.5,26.0,41.5,1269.0,0,Normal - Physics Aligned
1676334600,34.0522,-118.2437,451.5,55.1,25.6,40.0,1236.0,0,Normal - Physics Aligned
1676335500,34.0522,-118.2437,447.9,55.4,25.7,42.7,1255.0,0,Normal - Physics Aligned
1676336400,34.0522,-118.2437,493.2,58.6,23.3,43.4,1284.0,0,Normal - Physics Aligned
1676337300,34.0522,-118.2437,421.7,49.4,25.2,42.0,1196.0,0,Normal - Physics Aligned
1676338200,34.0522,-118.2437,452.5,56.1,24.0,45.6,1263.0,0,Normal - Physics Aligned
1676339100,34.0522,-118.2437,456.9,57.7,26.1,40.9,1255.0,0,Normal - Physics Aligned
1676340000,34.0522,-118.2437,406.3,55.4,28.4,34.4,1201.0,0,Normal - Physics Aligned
1676340900,34.0522,-118.2437,458.2,54.9,21.3,50.7,1261.0,0,Normal - Physics Aligned
1676341800,34.0522,-118.2437,425.7,52.8,21.4,49.6,1223.0,0,Normal - Physics Aligned
1676342700,34.0522,-118.2437,489.4,59.6,26.2,40.1,1308.0,0,Normal - Physics Aligned
1676343600,34.0522,-118.2437,465.9,59.6,19.8,54.5,1303.0,0,Normal - Physics Aligned
1676344500,34.0522,-118.2437,432.4,51.2,22.0,50.4,1231.0,0,Normal - Physics Aligned
1676345400,34.0522,-118.2437,471.4,56.5,25.5,41.5,1271.0,0,Normal - Physics Aligned
1676346300,34.0522,-118.2437,421.0,53.1,20.5,53.0,1222.0,0,Normal - Physics Aligned
1676347200,34.0522,-118.2437,456.2,58.3,20.0,54.3,1259.0,0,Normal - Physics Aligned
1676348100,34.0522,-118.2437,453.7,54.9,25.5,43.0,1257.0,0,Normal - Physics Aligned
1676349000,34.0522,-118.2437,441.5,52.2,23.3,46.0,1237.0,0,Normal - Physics Aligned
1676349900,34.0522,-118.2437,450.9,53.4,22.9,49.6,1257.0,0,Normal - Physics Aligned
1676350800,34.0522,-118.2437,491.7,59.9,23.7,42.8,398.0,1,Anomaly - Sensor Bagged
1676351700,34.0522,-118.2437,419.9,52.0,24.6,43.8,1209.0,0,Normal - Physics Aligned
1676352600,34.0522,-118.2437,460.5,58.2,23.9,45.0,1274.0,0,Normal - Physics Aligned
1676353500,36.1627,-115.1398,464.8,54.1,20.1,28.2,398.0,1,Anomaly - Location Spoof
1676354400,34.0522,-118.2437,433.2,53.7,24.6,45.4,1232.0,0,Normal - Physics Aligned
1676355300,34.0522,-118.2437,450.5,53.5,24.4,43.8,1257.0,0,Normal - Physics Aligned
1676356200,34.0522,-118.2437,473.9,55.5,25.7,42.2,1275.0,0,Normal - Physics Aligned
1676357100,36.1627,-115.1398,450.4,55.7,20.4,31.8,411.0,1,Anomaly - Location Spoof
1676358000,34.0522,-118.2437,466.2,56.8,22.3,46.6,1268.0,0,Normal - Physics Aligned
1676358900,34.0522,-118.2437,418.5,51.6,24.8,43.5,1205.0,0,Normal - Physics Aligned
1676359800,34.0522,-118.2437,430.8,53.2,26.4,41.1,1240.0,0,Normal - Physics Aligned
1676360700,34.0522,-118.2437,438.9,53.4,23.3,47.3,1246.0,0,Normal - Physics Aligned
1676361600,34.0522,-118.2437,447.4,53.0,23.9,44.3,1224.0,0,Normal - Physics Aligned
1676362500,34.0522,-118.2437,430.9,52.3,24.5,44.6,387.0,1,Anomaly - Sensor Bagged
1676363400,34.0522,-118.2437,430.1,48.4,25.0,41.8,1196.0,0,Normal - Physics Aligned
1676364300,34.0522,-118.2437,466.5,55.7,23.6,44.9,1270.0,0,Normal - Physics Aligned
1676365200,34.0522,-118.2437,449.5,56.0,22.8,48.8,1274.0,0,Normal - Physics Aligned
1676366100,34.0522,-118.2437,434.1,50.4,25.8,40.6,1216.0,0,Normal - Physics Aligned
1676367000,34.0522,-118.2437,469.5,53.3,22.4,46.4,1250.0,0,Normal - Physics Aligned
1676367900,34.0522,-118.2437,445.7,55.0,25.9,41.1,1231.0,0,Normal - Physics Aligned
1676368800,34.0522,-118.2437,427.4,50.0,23.6,47.8,414.0,1,Anomaly - Sensor Bagged
1676369700,34.0522,-118.2437,458.6,56.6,24.2,46.5,1271.0,0,Normal - Physics Aligned
1676370600,34.0522,-118.2437,471.4,57.3,19.1,52.9,1270.0,0,Normal - Physics Aligned
1676371500,34.0522,-118.2437,471.3,58.7,19.0,53.0,1268.0,0,Normal - Physics Aligned
1676372400,34.0522,-118.2437,450.6,52.8,25.1,45.2,1249.0,0,Normal - Physics Aligned
1676373300,34.0522,-118.2437,431.0,51.6,22.9,47.1,1221.0,0,Normal - Physics Aligned
1676374200,34.0522,-118.2437,459.9,53.2,22.4,48.4,1254.0,0,Normal - Physics Aligned
1676375100,34.0522,-118.2437,441.7,55.1,23.0,46.9,1225.0,0,Normal - Physics Aligned
1676376000,34.0522,-118.2437,450.9,54.7,24.5,45.2,1251.0,0,Normal - Physics Aligned
1676376900,34.0522,-118.2437,448.7,53.1,24.4,45.5,415.0,1,Anomaly - Sensor Bagged
1676377800,34.0522,-118.2437,462.7,59.3,24.6,42.7,384.0,1,Anomaly - Sensor Bagged
1676378700,34.0522,-118.2437,456.3,57.4,23.4,46.3,1259.0,0,Normal - Physics Aligned
1676379600,34.0522,-118.2437,422.4,52.1,26.6,39.7,1206.0,0,Normal - Physics Aligned
1676380500,34.0522,-118.2437,472.0,56.3,23.6,44.1,408.0,1,Anomaly - Sensor Bagged
1676381400,34.0522,-118.2437,458.2,58.2,29.4,34.0,1262.0,0,Normal - Physics Aligned
1676382300,34.0522,-118.2437,457.9,55.6,23.1,40.5,412.0,1,Anomaly - Sensor Bagged
1676383200,34.0522,-118.2437,432.8,55.7,23.2,47.6,1249.0,0,Normal - Physics Aligned
1676384100,34.0522,-118.2437,469.9,57.3,27.5,38.4,1273.0,0,Normal - Physics Aligned
1676385000,34.0522,-118.2437,429.1,54.4,23.3,44.3,1221.0,0,Normal - Physics Aligned
1676385900,34.0522,-118.2437,454.0,62.5,24.4,45.2,1287.0,0,Normal - Physics Aligned
1676386800,34.0522,-118.2437,429.4,52.3,29.2,35.2,1212.0,0,Normal - Physics Aligned
1676387700,34.0522,-118.2437,462.6,57.1,24.0,44.9,1266.0,0,Normal - Physics Aligned
1676388600,34.0522,-118.2437,459.0,54.1,24.2,44.8,1247.0,0,Normal - Physics Aligned
1676389500,34.0522,-118.2437,434.9,52.6,22.4,50.6,1247.0,0,Normal - Physics Aligned
1676390400,34.0522,-118.2437,457.9,54.9,29.8,33.4,1252.0,0,Normal - Physics Aligned
1676391300,34.0522,-118.2437,460.9,57.2,26.6,39.6,1258.0,0,Normal - Physics Aligned
1676392200,34.0522,-118.2437,451.3,52.9,24.9,43.2,1228.0,0,Normal - Physics Aligned
1676393100,34.0522,-118.2437,480.4,57.1,23.9,44.6,1287.0,0,Normal - Physics Aligned
1676394000,34.0522,-118.2437,481.5,63.2,24.4,42.7,1299.0,0,Normal - Physics Aligned
1676394900,34.0522,-118.2437,481.6,61.9,24.7,45.2,1319.0,0,Normal - Physics Aligned
1676395800,34.0522,-118.2437,448.1,53.6,21.8,49.4,1239.0,0,Normal - Physics Aligned
1676396700,34.0522,-118.2437,440.2,53.1,24.6,41.5,1210.0,0,Normal - Physics Aligned
1676397600,34.0522,-118.2437,421.3,55.3,25.0,44.3,1240.0,0,Normal - Physics Aligned
1676398500,34.0522,-118.2437,468.6,58.9,21.1,48.8,1273.0,0,Normal - Physics Aligned
1676399400,34.0522,-118.2437,482.3,54.6,25.4,43.3,1282.0,0,Normal - Physics Aligned
1676400300,34.0522,-118.2437,482.0,60.5,22.9,44.1,1290.0,0,Normal - Physics Aligned
1676401200,34.0522,-118.2437,492.8,60.2,21.7,50.7,1323.0,0,Normal - Physics Aligned
1676402100,34.0522,-118.2437,462.1,57.6,22.3,50.1,1277.0,0,Normal - Physics Aligned
1676403000,34.0522,-118.2437,453.3,55.5,21.6,48.5,1248.0,0,Normal - Physics Aligned
1676403900,36.1627,-115.1398,450.8,55.2,20.7,32.4,408.0,1,Anomaly - Location Spoof
1676404800,34.0522,-118.2437,436.2,52.5,24.6,43.4,1228.0,0,Normal - Physics Aligned
1676405700,34.0522,-118.2437,465.7,58.3,20.3,53.1,1269.0,0,Normal - Physics Aligned
1676406600,34.0522,-118.2437,416.2,52.2,20.9,49.1,1189.0,0,Normal - Physics Aligned
1676407500,34.0522,-118.2437,495.5,62.5,27.8,38.2,1309.0,0,Normal - Physics Aligned
1676408400,34.0522,-118.2437,440.7,53.0,22.8,46.7,1250.0,0,Normal - Physics Aligned
1676409300,34.0522,-118.2437,453.4,53.2,26.0,40.1,1239.0,0,Normal - Physics Aligned
1676410200,34.0522,-118.2437,475.6,60.1,22.1,49.4,1280.0,0,Normal - Physics Aligned
1676411100,34.0522,-118.2437,452.5,57.0,22.2,46.8,1250.0,0,Normal - Physics Aligned
1676412000,34.0522,-118.2437,484.8,60.0,22.4,47.3,1299.0,0,Normal - Physics Aligned
1676412900,34.0522,-118.2437,481.1,61.4,26.5,40.3,1284.0,0,Normal - Physics Aligned
1676413800,34.0522,-118.2437,466.1,56.8,26.7,43.7,402.0,1,Anomaly - Sensor Bagged
1676414700,34.0522,-118.2437,444.7,57.0,20.9,50.8,1246.0,0,Normal - Physics Aligned
1676415600,34.0522,-118.2437,417.2,48.6,28.2,37.2,1197.0,0,Normal - Physics Aligned
1676416500,34.0522,-118.2437,434.9,52.4,21.6,47.4,1214.0,0,Normal - Physics Aligned
1676417400,34.0522,-118.2437,448.8,56.5,24.2,45.6,1260.0,0,Normal - Physics Aligned
1676418300,34.0522,-118.2437,428.5,50.4,21.7,48.0,1199.0,0,Normal - Physics Aligned
1676419200,34.0522,-118.2437,431.0,53.8,28.1,39.0,1246.0,0,Normal - Physics Aligned
1676420100,36.1627,-115.1398,487.6,60.8,21.8,30.2,401.0,1,Anomaly - Location Spoof
1676421000,34.0522,-118.2437,461.9,56.3,25.0,42.8,1251.0,0,Normal - Physics Aligned
1676421900,34.0522,-118.2437,423.1,54.2,22.5,47.7,1228.0,0,Normal - Physics Aligned
1676422800,34.0522,-118.2437,452.8,53.2,25.5,41.7,1251.0,0,Normal - Physics Aligned
1676423700,34.0522,-118.2437,486.6,58.4,20.8,50.1,1275.0,0,Normal - Physics Aligned
1676424600,34.0522,-118.2437,465.9,58.4,24.5,43.8,1279.0,0,Normal - Physics Aligned
1676425500,34.0522,-118.2437,434.6,52.1,27.2,40.5,1228.0,0,Normal - Physics Aligned
1676426400,34.0522,-118.2437,440.7,53.6,24.7,44.5,414.0,1,Anomaly - Sensor Bagged
1676427300,34.0522,-118.2437,462.2,53.1,23.9,44.9,1267.0,0,Normal - Physics Aligned
1676428200,34.0522,-118.2437,448.0,55.5,29.8,35.6,1257.0,0,Normal - Physics Aligned
1676429100,34.0522,-118.2437,438.5,56.1,26.5,37.4,1221.0,0,Normal - Physics Aligned
1676430000,34.0522,-118.2437,432.1,52.7,22.1,48.9,1235.0,0,Normal - Physics Aligned
1676430900,34.0522,-118.2437,434.6,55.2,24.7,45.7,1249.0,0,Normal - Physics Aligned
1676431800,34.0522,-118.2437,486.6,59.0,26.8,39.6,1295.0,0,Normal - Physics Aligned
1676432700,34.0522,-118.2437,472.2,57.0,24.8,42.1,1269.0,0,Normal - Physics Aligned
1676433600,34.0522,-118.2437,450.4,55.1,21.4,48.7,1247.0,0,Normal - Physics Aligned
1676434500,34.0522,-118.2437,430.5,50.6,20.3,52.4,1228.0,0,Normal - Physics Aligned
1676435400,34.0522,-118.2437,422.7,50.6,23.8,45.4,1209.0,0,Normal - Physics Aligned
1676436300,34.0522,-118.2437,386.7,47.7,24.9,48.0,407.0,1,Anomaly - Sensor Bagged
1676437200,36.1627,-115.1398,470.5,58.0,20.6,28.0,408.0,1,Anomaly - Location Spoof
1676438100,36.1627,-115.1398,426.3,50.8,19.8,30.1,403.0,1,Anomaly - Location Spoof
1676439000,34.0522,-118.2437,446.8,56.2,26.7,40.7,1247.0,0,Normal - Physics Aligned
1676439900,34.0522,-118.2437,473.6,60.2,25.8,42.0,1294.0,0,Normal - Physics Aligned
1676440800,34.0522,-118.2437,494.6,63.1,28.8,36.7,1315.0,0,Normal - Physics Aligned
1676441700,34.0522,-118.2437,467.3,57.1,25.2,44.4,1296.0,0,Normal - Physics Aligned
1676442600,34.0522,-118.2437,464.2,58.2,26.7,39.2,1278.0,0,Normal - Physics Aligned
1676443500,34.0522,-118.2437,459.3,53.6,22.1,47.6,1245.0,0,Normal - Physics Aligned
1676444400,34.0522,-118.2437,451.7,50.8,25.6,42.0,1237.0,0,Normal - Physics Aligned
1676445300,34.0522,-118.2437,439.2,54.1,20.8,53.1,1250.0,0,Normal - Physics Aligned
1676446200,34.0522,-118.2437,445.4,55.6,23.2,46.9,1265.0,0,Normal - Physics Aligned
1676447100,34.0522,-118.2437,472.3,55.2,24.3,42.9,1264.0,0,Normal - Physics Aligned
1676448000,34.0522,-118.2437,437.6,57.9,25.8,41.7,1253.0,0,Normal - Physics Aligned
1676448900,34.0522,-118.2437,452.5,56.5,25.5,42.7,1267.0,0,Normal - Physics Aligned
1676449800,34.0522,-118.2437,462.1,53.7,22.2,47.2,1247.0,0,Normal - Physics Aligned
1676450700,34.0522,-118.2437,447.5,55.9,22.1,50.3,1261.0,0,Normal - Physics Aligned
1676451600,34.0522,-118.2437,445.8,55.2,22.5,46.8,1246.0,0,Normal - Physics Aligned
1676452500,34.0522,-118.2437,447.2,56.9,20.3,50.3,1235.0,0,Normal - Physics Aligned
1676453400,34.0522,-118.2437,443.2,53.6,22.0,48.0,1238.0,0,Normal - Physics Aligned
1676454300,34.0522,-118.2437,433.1,50.4,25.4,41.4,1223.0,0,Normal - Physics Aligned
1676455200,34.0522,-118.2437,447.5,54.6,25.8,50.0,405.0,1,Anomaly - Sensor Bagged
1676456100,34.0522,-118.2437,450.7,52.2,20.3,54.1,1265.0,0,Normal - Physics Aligned
1676457000,34.0522,-118.2437,420.4,51.8,22.8,48.0,1227.0,0,Normal - Physics Aligned
1676457900,34.0522,-118.2437,420.3,52.1,20.4,51.4,1219.0,0,Normal - Physics Aligned
1676458800,34.0522,-118.2437,441.6,53.0,24.7,43.4,1228.0,0,Normal - Physics Aligned
1676459700,34.0522,-118.2437,424.1,54.0,24.9,43.1,1214.0,0,Normal - Physics Aligned
1676460600,34.0522,-118.2437,465.0,55.1,21.3,51.1,1268.0,0,Normal - Physics Aligned
1676461500,34.0522,-118.2437,465.8,53.7,24.0,46.6,1255.0,0,Normal - Physics Aligned
1676462400,34.0522,-118.2437,460.7,55.5,20.9,48.7,1247.0,0,Normal - Physics Aligned
1676463300,34.0522,-118.2437,440.5,55.1,24.9,44.3,1244.0,0,Normal - Physics Aligned
1676464200,34.0522,-118.2437,439.9,51.6,26.1,42.7,1242.0,0,Normal - Physics Aligned
1676465100,34.0522,-118.2437,417.8,45.7,25.1,50.5,402.0,1,Anomaly - Sensor Bagged
1676466000,34.0522,-118.2437,465.6,59.9,25.1,42.2,1276.0,0,Normal - Physics Aligned
1676466900,34.0522,-118.2437,448.0,54.3,24.0,45.4,1245.0,0,Normal - Physics Aligned
1676467800,34.0522,-118.2437,426.2,50.6,22.3,49.1,1219.0,0,Normal - Physics Aligned
1676468700,34.0522,-118.2437,437.5,50.3,23.6,41.2,414.0,1,Anomaly - Sensor Bagged
1676469600,34.0522,-118.2437,435.7,54.2,22.5,48.6,1235.0,0,Normal - Physics Aligned
1676470500,34.0522,-118.2437,463.7,56.9,28.0,37.1,1276.0,0,Normal - Physics Aligned
1676471400,34.0522,-118.2437,458.7,54.5,21.6,50.9,1259.0,0,Normal - Physics Aligned
1676472300,34.0522,-118.2437,482.4,60.2,29.7,35.5,1310.0,0,Normal - Physics Aligned
1676473200,34.0522,-118.2437,447.8,53.7,22.3,50.0,1260.0,0,Normal - Physics Aligned
1676474100,34.0522,-118.2437,416.2,49.6,22.2,48.6,1200.0,0,Normal - Physics Aligned
1676475000,34.0522,-118.2437,481.3,58.6,22.5,44.4,401.0,1,Anomaly - Sensor Bagged
1676475900,34.0522,-118.2437,467.9,57.9,25.3,43.3,1292.0,0,Normal - Physics Aligned
1676476800,34.0522,-118.2437,444.7,57.4,24.7,43.4,1247.0,0,Normal - Physics Aligned
1676477700,34.0522,-118.2437,419.8,51.2,22.7,46.2,412.0,1,Anomaly - Sensor Bagged
1676478600,34.0522,-118.2437,426.5,49.1,23.9,45.6,1213.0,0,Normal - Physics Aligned
1676479500,34.0522,-118.2437,440.1,51.4,27.2,40.2,1245.0,0,Normal - Physics Aligned
1676480400,34.0522,-118.2437,451.4,53.2,24.1,44.5,1244.0,0,Normal - Physics Aligned
1676481300,34.0522,-118.2437,450.1,56.9,28.8,35.7,1261.0,0,Normal - Physics Aligned
1676482200,34.0522,-118.2437,470.0,54.9,23.3,45.6,1273.0,0,Normal - Physics Aligned
1676483100,34.0522,-118.2437,482.6,58.7,26.4,40.2,1290.0,0,Normal - Physics Aligned
1676484000,34.0522,-118.2437,449.0,57.1,22.0,46.7,400.0,1,Anomaly - Sensor Bagged
1676484900,34.0522,-118.2437,426.2,50.8,20.7,51.7,1225.0,0,Normal - Physics Aligned
1676485800,34.0522,-118.2437,483.4,57.6,21.6,48.9,1290.0,0,Normal - Physics Aligned
1676486700,34.0522,-118.2437,445.7,52.1,21.2,51.7,1256.0,0,Normal - Physics Aligned
1676487600,34.0522,-118.2437,426.8,55.2,26.3,42.4,1241.0,0,Normal - Physics Aligned
1676488500,34.0522,-118.2437,397.8,49.0,21.3,50.7,1178.0,0,Normal - Physics Aligned
1676489400,34.0522,-118.2437,456.5,57.3,20.5,52.9,1271.0,0,Normal - Physics Aligned
1676490300,34.0522,-118.2437,474.3,56.4,23.1,46.1,400.0,1,Anomaly - Sensor Bagged
1676491200,34.0522,-118.2437,474.6,59.5,25.2,40.9,1284.0,0,Normal - Physics Aligned
1676492100,34.0522,-118.2437,428.7,51.1,21.4,50.8,1226.0,0,Normal - Physics Aligned
1676493000,34.0522,-118.2437,483.8,60.7,23.2,47.4,1313.0,0,Normal - Physics Aligned
1676493900,34.0522,-118.2437,451.0,51.8,26.2,44.0,401.0,1,Anomaly - Sensor Bagged
1676494800,34.0522,-118.2437,441.2,52.9,27.9,38.7,1240.0,0,Normal - Physics Aligned
1676495700,34.0522,-118.2437,416.0,52.1,24.3,42.0,1198.0,0,Normal - Physics Aligned
1676496600,34.0522,-118.2437,465.5,57.3,24.1,45.1,1265.0,0,Normal - Physics Aligned
1676497500,34.0522,-118.2437,474.5,59.5,25.1,41.9,1287.0,0,Normal - Physics Aligned
1676498400,34.0522,-118.2437,491.7,59.5,20.4,51.8,1308.0,0,Normal - Physics Aligned
1676499300,34.0522,-118.2437,455.5,53.6,25.0,43.6,1249.0,0,Normal - Physics Aligned
1676500200,36.1627,-115.1398,443.1,49.4,21.2,27.7,403.0,1,Anomaly - Location Spoof
1676501100,34.0522,-118.2437,405.0,50.7,25.4,44.5,393.0,1,Anomaly - Sensor Bagged
1676502000,34.0522,-118.2437,487.8,61.9,26.9,40.6,1310.0,0,Normal - Physics Aligned
1676502900,34.0522,-118.2437,452.0,55.3,26.7,41.9,1268.0,0,Normal - Physics Aligned
1676503800,34.0522,-118.2437,449.4,52.9,24.0,45.4,1263.0,0,Normal - Physics Aligned
1676504700,34.0522,-118.2437,440.2,51.4,24.3,43.0,1232.0,0,Normal - Physics Aligned
1676505600,34.0522,-118.2437,398.5,50.3,27.2,38.7,1195.0,0,Normal - Physics Aligned
1676506500,34.0522,-118.2437,457.7,55.9,28.0,36.9,1248.0,0,Normal - Physics Aligned
1676507400,34.0522,-118.2437,459.7,54.5,22.3,47.4,1272.0,0,Normal - Physics Aligned
1676508300,34.0522,-118.2437,460.0,55.7,25.9,43.7,1280.0,0,Normal - Physics Aligned
1676509200,34.0522,-118.2437,439.6,54.4,22.7,46.3,1223.0,0,Normal - Physics Aligned
1676510100,34.0522,-118.2437,433.5,54.3,24.8,43.3,1228.0,0,Normal - Physics Aligned
1676511000,34.0522,-118.2437,458.0,57.2,23.8,45.5,1259.0,0,Normal - Physics Aligned
1676511900,34.0522,-118.2437,447.2,55.2,20.7,51.8,1251.0,0,Normal - Physics Aligned
1676512800,34.0522,-118.2437,482.5,61.6,24.6,43.5,1299.0,0,Normal - Physics Aligned
1676513700,36.1627,-115.1398,422.2,51.9,20.5,31.0,417.0,1,Anomaly - Location Spoof
1676514600,34.0522,-118.2437,442.3,55.6,22.6,47.4,1253.0,0,Normal - Physics Aligned
1676515500,34.0522,-118.2437,462.6,54.6,25.4,42.2,1258.0,0,Normal - Physics Aligned
1676516400,34.0522,-118.2437,464.1,56.3,26.7,39.8,1270.0,0,Normal - Physics Aligned
1676517300,34.0522,-118.2437,452.2,54.9,23.0,47.6,1254.0,0,Normal - Physics Aligned
1676518200,34.0522,-118.2437,495.6,62.2,25.1,47.1,391.0,1,Anomaly - Sensor Bagged
1676519100,34.0522,-118.2437,445.0,56.6,25.4,47.2,412.0,1,Anomaly - Sensor Bagged
1676520000,34.0522,-118.2437,484.7,56.7,19.9,53.3,1293.0,0,Normal - Physics Aligned
1676520900,34.0522,-118.2437,461.9,56.8,21.1,49.9,1263.0,0,Normal - Physics Aligned
1676521800,34.0522,-118.2437,443.8,53.3,25.6,42.4,1244.0,0,Normal - Physics Aligned
1676522700,34.0522,-118.2437,412.7,52.0,23.1,45.7,1195.0,0,Normal - Physics Aligned
1676523600,34.0522,-118.2437,477.8,60.1,25.5,48.8,399.0,1,Anomaly - Sensor Bagged
1676524500,34.0522,-118.2437,426.5,51.4,24.6,43.0,1215.0,0,Normal - Physics Aligned
1676525400,34.0522,-118.2437,441.9,56.1,25.4,42.1,1236.0,0,Normal - Physics Aligned
1676526300,34.0522,-118.2437,432.5,54.6,24.5,44.7,1231.0,0,Normal - Physics Aligned
1676527200,34.0522,-118.2437,464.3,54.5,20.1,51.9,1272.0,0,Normal - Physics Aligned
1676528100,36.1627,-115.1398,432.2,54.0,21.0,28.7,402.0,1,Anomaly - Location Spoof
1676529000,34.0522,-118.2437,455.9,57.0,23.5,47.1,1275.0,0,Normal - Physics Aligned
1676529900,34.0522,-118.2437,441.8,52.8,23.8,46.3,1232.0,0,Normal - Physics Aligned
1676530800,34.0522,-118.2437,476.7,58.7,25.2,41.2,1285.0,0,Normal - Physics Aligned
1676531700,34.0522,-118.2437,472.2,58.8,24.7,51.8,401.0,1,Anomaly - Sensor Bagged
1676532600,34.0522,-118.2437,454.0,57.1,20.8,51.0,1272.0,0,Normal - Physics Aligned
1676533500,34.0522,-118.2437,424.7,52.9,21.6,49.2,1204.0,0,Normal - Physics Aligned
1676534400,34.0522,-118.2437,449.9,55.0,25.7,42.9,1249.0,0,Normal - Physics Aligned
1676535300,34.0522,-118.2437,422.2,53.8,23.1,47.4,1214.0,0,Normal - Physics Aligned
1676536200,34.0522,-118.2437,475.9,56.8,23.9,44.0,1285.0,0,Normal - Physics Aligned
1676537100,34.0522,-118.2437,435.6,51.3,24.8,44.0,1212.0,0,Normal - Physics Aligned
1676538000,36.1627,-115.1398,439.1,53.5,22.0,26.9,405.0,1,Anomaly - Location Spoof
1676538900,34.0522,-118.2437,504.2,61.1,20.6,51.0,1318.0,0,Normal - Physics Aligned
1676539800,36.1627,-115.1398,439.5,53.9,21.6,30.3,399.0,1,Anomaly - Location Spoof
1676540700,34.0522,-118.2437,469.3,60.0,23.3,46.0,417.0,1,Anomaly - Sensor Bagged
1676541600,34.0522,-118.2437,468.3,56.5,23.0,44.8,1262.0,0,Normal - Physics Aligned
1676542500,34.0522,-118.2437,452.7,55.4,17.0,58.7,1264.0,0,Normal - Physics Aligned
1676543400,34.0522,-118.2437,444.8,58.3,26.7,39.8,1257.0,0,Normal - Physics Aligned
1676544300,34.0522,-118.2437,484.7,60.8,20.6,51.4,1302.0,0,Normal - Physics Aligned
1676545200,34.0522,-118.2437,441.0,54.5,25.8,41.9,1241.0,0,Normal - Physics Aligned
1676546100,34.0522,-118.2437,434.8,52.2,22.0,50.8,1233.0,0,Normal - Physics Aligned
1676547000,34.0522,-118.2437,449.0,52.9,23.0,48.3,1239.0,0,Normal - Physics Aligned
1676547900,34.0522,-118.2437,457.2,54.4,21.9,49.6,1255.0,0,Normal - Physics Aligned
1676548800,34.0522,-118.2437,436.0,56.1,26.2,39.7,1226.0,0,Normal - Physics Aligned
1676549700,34.0522,-118.2437,488.3,57.1,23.0,45.8,1304.0,0,Normal - Physics Aligned
1676550600,34.0522,-118.2437,460.2,55.7,21.0,51.7,1268.0,0,Normal - Physics Aligned
1676551500,34.0522,-118.2437,423.9,50.9,18.8,55.3,1212.0,0,Normal - Physics Aligned
1676552400,34.0522,-118.2437,439.7,54.5,23.8,46.2,1237.0,0,Normal - Physics Aligned
1676553300,34.0522,-118.2437,441.1,55.0,28.0,40.3,415.0,1,Anomaly - Sensor Bagged
1676554200,34.0522,-118.2437,444.4,52.5,24.5,44.8,1249.0,0,Normal - Physics Aligned
1676555100,34.0522,-118.2437,431.1,50.2,22.7,50.0,1234.0,0,Normal - Physics Aligned
1676556000,34.0522,-118.2437,483.8,57.4,25.0,44.1,1296.0,0,Normal - Physics Aligned
1676556900,34.0522,-118.2437,449.5,54.6,22.2,49.2,408.0,1,Anomaly - Sensor Bagged
1676557800,34.0522,-118.2437,446.1,55.9,23.3,45.4,1240.0,0,Normal - Physics Aligned
1676558700,34.0522,-118.2437,437.3,53.6,24.2,44.6,1224.0,0,Normal - Physics Aligned
1676559600,34.0522,-118.2437,477.4,60.3,26.4,42.2,1314.0,0,Normal - Physics Aligned
1676560500,34.0522,-118.2437,476.8,58.5,26.2,41.5,1279.0,0,Normal - Physics Aligned
1676561400,34.0522,-118.2437,480.0,60.4,24.9,42.7,1283.0,0,Normal - Physics Aligned
1676562300,34.0522,-118.2437,449.7,54.7,23.2,47.0,1255.0,0,Normal - Physics Aligned
1676563200,34.0522,-118.2437,450.4,57.6,23.7,45.1,1258.0,0,Normal - Physics Aligned
1676564100,34.0522,-118.2437,440.4,51.9,23.1,45.3,1221.0,0,Normal - Physics Aligned
1676565000,34.0522,-118.2437,435.3,53.2,21.7,47.2,1207.0,0,Normal - Physics Aligned
1676565900,34.0522,-118.2437,454.5,53.5,22.6,47.1,1247.0,0,Normal - Physics Aligned
1676566800,34.0522,-118.2437,456.3,52.0,21.9,48.8,1245.0,0,Normal - Physics Aligned
1676567700,34.0522,-118.2437,427.6,55.1,17.0,58.6,1229.0,0,Normal - Physics Aligned
1676568600,34.0522,-118.2437,451.1,56.1,24.5,44.6,1271.0,0,Normal - Physics Aligned
1676569500,34.0522,-118.2437,463.5,57.0,22.4,48.2,1264.0,0,Normal - Physics Aligned
1676570400,34.0522,-118.2437,446.9,58.2,22.5,47.6,1250.0,0,Normal - Physics Aligned
1676571300,36.1627,-115.1398,437.5,52.5,21.0,30.1,396.0,1,Anomaly - Location Spoof
1676572200,34.0522,-118.2437,486.2,57.8,25.3,41.8,1276.0,0,Normal - Physics Aligned
1676573100,34.0522,-118.2437,455.4,56.5,20.6,52.5,1257.0,0,Normal - Physics Aligned
1676574000,34.0522,-118.2437,447.8,50.1,24.8,42.8,1226.0,0,Normal - Physics Aligned
1676574900,34.0522,-118.2437,458.9,53.9,26.9,39.8,1263.0,0,Normal - Physics Aligned
1676575800,34.0522,-118.2437,469.5,55.4,23.1,48.2,1278.0,0,Normal - Physics Aligned
1676576700,34.0522,-118.2437,433.0,53.8,24.3,45.9,1237.0,0,Normal - Physics Aligned
1676577600,34.0522,-118.2437,455.1,56.8,28.0,39.4,1277.0,0,Normal - Physics Aligned
1676578500,34.0522,-118.2437,428.1,50.9,20.6,52.5,1214.0,0,Normal - Physics Aligned
1676579400,34.0522,-118.2437,426.5,52.8,24.2,45.8,1222.0,0,Normal - Physics Aligned
1676580300,34.0522,-118.2437,424.1,47.8,21.6,48.9,1198.0,0,Normal - Physics Aligned
1676581200,34.0522,-118.2437,460.3,53.8,23.6,47.3,1261.0,0,Normal - Physics Aligned
1676582100,34.0522,-118.2437,457.4,54.5,24.7,44.1,409.0,1,Anomaly - Sensor Bagged
1676583000,34.0522,-118.2437,431.6,50.8,25.6,41.7,1227.0,0,Normal - Physics Aligned
1676583900,34.0522,-118.2437,447.3,55.6,27.2,40.1,1251.0,0,Normal - Physics Aligned
1676584800,34.0522,-118.2437,484.5,56.8,22.7,49.0,1301.0,0,Normal - Physics Aligned
1676585700,34.0522,-118.2437,446.7,52.1,23.2,45.4,1229.0,0,Normal - Physics Aligned
1676586600,34.0522,-118.2437,409.6,52.2,26.5,42.2,1208.0,0,Normal - Physics Aligned
1676587500,34.0522,-118.2437,438.9,55.4,28.9,35.0,1243.0,0,Normal - Physics Aligned
1676588400,34.0522,-118.2437,455.4,54.7,28.7,36.0,1247.0,0,Normal - Physics Aligned
1676589300,36.1627,-115.1398,478.9,59.1,21.2,31.1,410.0,1,Anomaly - Location Spoof
1676590200,34.0522,-118.2437,492.4,58.5,26.3,40.0,1304.0,0,Normal - Physics Aligned
1676591100,34.0522,-118.2437,421.7,50.0,19.6,52.9,1192.0,0,Normal - Physics Aligned
1676592000,36.1627,-115.1398,460.4,53.9,21.1,31.5,417.0,1,Anomaly - Location Spoof
1676592900,34.0522,-118.2437,443.9,52.9,21.4,46.2,406.0,1,Anomaly - Sensor Bagged
1676593800,34.0522,-118.2437,450.3,58.5,23.7,45.1,1263.0,0,Normal - Physics Aligned
1676594700,34.0522,-118.2437,445.3,50.9,26.3,40.6,394.0,1,Anomaly - Sensor Bagged
1676595600,34.0522,-118.2437,453.3,58.3,23.0,48.5,1270.0,0,Normal - Physics Aligned
1676596500,34.0522,-118.2437,456.1,52.1,19.7,51.8,1227.0,0,Normal - Physics Aligned
1676597400,34.0522,-118.2437,461.6,59.7,23.5,48.1,1290.0,0,Normal - Physics Aligned
1676598300,34.0522,-118.2437,443.9,53.6,23.7,45.6,1242.0,0,Normal - Physics Aligned
1676599200,34.0522,-118.2437,457.0,57.2,21.2,50.5,1269.0,0,Normal - Physics Aligned
1676600100,34.0522,-118.2437,430.1,53.2,22.6,46.6,1211.0,0,Normal - Physics Aligned
1676601000,34.0522,-118.2437,430.7,51.2,24.5,45.8,1232.0,0,Normal - Physics Aligned
1676601900,34.0522,-118.2437,486.0,60.0,25.8,41.4,1302.0,0,Normal - Physics Aligned
1676602800,34.0522,-118.2437,453.9,56.6,27.4,52.1,407.0,1,Anomaly - Sensor Bagged
1676603700,34.0522,-118.2437,478.2,60.6,25.3,42.6,1289.0,0,Normal - Physics Aligned
1676604600,34.0522,-118.2437,476.0,58.1,23.9,46.4,1299.0,0,Normal - Physics Aligned
1676605500,34.0522,-118.2437,423.7,51.9,24.6,45.4,1210.0,0,Normal - Physics Aligned
1676606400,34.0522,-118.2437,450.3,51.3,24.8,43.8,1255.0,0,Normal - Physics Aligned
1676607300,34.0522,-118.2437,454.7,56.3,21.9,49.1,1253.0,0,Normal - Physics Aligned
1676608200,34.0522,-118.2437,433.9,54.4,23.6,46.9,1237.0,0,Normal - Physics Aligned
1676609100,34.0522,-118.2437,397.5,47.3,26.2,40.0,1158.0,0,Normal - Physics Aligned
1676610000,34.0522,-118.2437,442.2,51.6,20.6,50.1,1212.0,0,Normal - Physics Aligned
1676610900,34.0522,-118.2437,453.7,60.1,19.7,52.3,1265.0,0,Normal - Physics Aligned
1676611800,34.0522,-118.2437,441.9,54.2,22.7,45.8,1228.0,0,Normal - Physics Aligned
1676612700,34.0522,-118.2437,444.5,54.1,18.9,56.3,1273.0,0,Normal - Physics Aligned
1676613600,34.0522,-118.2437,449.6,53.3,24.2,44.3,1237.0,0,Normal - Physics Aligned
1676614500,34.0522,-118.2437,459.4,48.3,20.6,49.4,1236.0,0,Normal - Physics Aligned
1676615400,34.0522,-118.2437,456.0,57.9,26.0,42.6,1277.0,0,Normal - Physics Aligned
1676616300,34.0522,-118.2437,478.8,56.2,23.5,45.9,1277.0,0,Normal - Physics Aligned
1676617200,34.0522,-118.2437,460.3,56.3,25.3,40.8,1262.0,0,Normal - Physics Aligned
1676618100,34.0522,-118.2437,451.5,58.3,22.8,48.6,1259.0,0,Normal - Physics Aligned
1676619000,34.0522,-118.2437,439.9,53.8,26.0,42.3,1245.0,0,Normal - Physics Aligned
1676619900,34.0522,-118.2437,442.6,58.1,27.2,36.9,1237.0,0,Normal - Physics Aligned
1676620800,34.0522,-118.2437,418.1,53.6,24.4,43.3,1212.0,0,Normal - Physics Aligned
1676621700,34.0522,-118.2437,451.9,53.2,23.7,45.6,1252.0,0,Normal - Physics Aligned
1676622600,34.0522,-118.2437,458.7,56.1,23.5,47.1,1271.0,0,Normal - Physics Aligned
1676623500,34.0522,-118.2437,473.9,56.1,23.4,45.4,1284.0,0,Normal - Physics Aligned
1676624400,36.1627,-115.1398,449.4,51.9,20.8,30.5,406.0,1,Anomaly - Location Spoof
1676625300,34.0522,-118.2437,464.7,59.0,26.8,36.7,1265.0,0,Normal - Physics Aligned
1676626200,34.0522,-118.2437,430.9,54.5,26.2,41.1,1232.0,0,Normal - Physics Aligned
1676627100,34.0522,-118.2437,451.9,58.4,22.3,48.0,409.0,1,Anomaly - Sensor Bagged
1676628000,34.0522,-118.2437,454.8,53.9,27.0,38.6,1237.0,0,Normal - Physics Aligned
1676628900,34.0522,-118.2437,443.7,56.8,25.3,42.7,1238.0,0,Normal - Physics Aligned
1676629800,34.0522,-118.2437,464.5,60.0,23.4,45.9,1271.0,0,Normal - Physics Aligned
1676630700,34.0522,-118.2437,462.4,57.6,21.0,49.7,1258.0,0,Normal - Physics Aligned
1676631600,34.0522,-118.2437,454.1,57.1,18.2,55.5,1252.0,0,Normal - Physics Aligned
1676632500,34.0522,-118.2437,442.9,52.9,24.0,46.5,1252.0,0,Normal - Physics Aligned
1676633400,34.0522,-118.2437,449.6,53.2,25.7,41.6,1249.0,0,Normal - Physics Aligned
1676634300,36.1627,-115.1398,479.7,57.6,20.1,32.1,408.0,1,Anomaly - Location Spoof
1676635200,34.0522,-118.2437,454.5,57.8,25.7,41.8,1257.0,0,Normal - Physics Aligned
1676636100,34.0522,-118.2437,455.6,55.9,23.0,46.6,1270.0,0,Normal - Physics Aligned
1676637000,34.0522,-118.2437,417.1,50.2,24.0,42.4,1196.0,0,Normal - Physics Aligned
1676637900,34.0522,-118.2437,438.2,50.0,23.1,48.8,1235.0,0,Normal - Physics Aligned
1676638800,34.0522,-118.2437,422.4,50.5,23.1,45.7,1213.0,0,Normal - Physics Aligned
1676639700,34.0522,-118.2437,475.1,59.8,24.0,44.4,1290.0,0,Normal - Physics Aligned
1676640600,34.0522,-118.2437,458.6,57.0,24.1,45.7,1262.0,0,Normal - Physics Aligned
1676641500,34.0522,-118.2437,437.9,54.3,20.1,51.3,1242.0,0,Normal - Physics Aligned
1676642400,34.0522,-118.2437,448.5,54.7,26.1,46.2,396.0,1,Anomaly - Sensor Bagged
1676643300,34.0522,-118.2437,452.3,55.5,25.0,41.8,1248.0,0,Normal - Physics Aligned
1676644200,34.0522,-118.2437,490.1,59.3,25.5,40.6,1297.0,0,Normal - Physics Aligned
1676645100,34.0522,-118.2437,462.8,57.0,21.4,52.3,1292.0,0,Normal - Physics Aligned
1676646000,34.0522,-118.2437,436.0,53.6,25.7,40.6,1244.0,0,Normal - Physics Aligned
1676646900,34.0522,-118.2437,410.3,47.4,23.8,44.5,414.0,1,Anomaly - Sensor Bagged
1676647800,34.0522,-118.2437,509.0,61.5,28.1,36.5,1324.0,0,Normal - Physics Aligned
1676648700,34.0522,-118.2437,426.6,51.0,25.2,43.1,1220.0,0,Normal - Physics Aligned
1676649600,34.0522,-118.2437,444.6,53.2,24.7,42.5,1225.0,0,Normal - Physics Aligned
1676650500,34.0522,-118.2437,479.3,58.6,24.2,45.3,1298.0,0,Normal - Physics Aligned
1676651400,34.0522,-118.2437,452.5,54.1,26.9,38.9,1245.0,0,Normal - Physics Aligned
1676652300,34.0522,-118.2437,471.5,56.1,24.4,45.2,1268.0,0,Normal - Physics Aligned
1676653200,34.0522,-118.2437,473.0,58.6,24.8,42.6,1279.0,0,Normal - Physics Aligned
1676654100,34.0522,-118.2437,511.8,61.8,25.6,43.2,1335.0,0,Normal - Physics Aligned
1676655000,34.0522,-118.2437,435.7,52.8,24.9,43.1,1219.0,0,Normal - Physics Aligned
1676655900,34.0522,-118.2437,429.1,54.5,19.2,52.2,1216.0,0,Normal - Physics Aligned
1676656800,34.0522,-118.2437,461.6,56.3,24.3,48.3,387.0,1,Anomaly - Sensor Bagged
1676657700,34.0522,-118.2437,424.8,52.5,27.1,38.7,1210.0,0,Normal - Physics Aligned
1676658600,34.0522,-118.2437,448.5,54.0,24.6,43.6,413.0,1,Anomaly - Sensor Bagged
1676659500,36.1627,-115.1398,472.2,58.5,19.7,33.9,401.0,1,Anomaly - Location Spoof
1676660400,34.0522,-118.2437,465.9,54.2,19.0,56.8,1281.0,0,Normal - Physics Aligned
1676661300,34.0522,-118.2437,451.8,54.3,27.3,42.1,1265.0,0,Normal - Physics Aligned
1676662200,34.0522,-118.2437,441.2,51.5,24.0,44.8,1232.0,0,Normal - Physics Aligned
1676663100,34.0522,-118.2437,475.5,59.3,20.5,51.9,1286.0,0,Normal - Physics Aligned
1676664000,34.0522,-118.2437,432.4,55.5,22.7,48.5,416.0,1,Anomaly - Sensor Bagged
1676664900,34.0522,-118.2437,478.9,55.7,24.1,44.1,1286.0,0,Normal - Physics Aligned
1676665800,34.0522,-118.2437,456.0,56.1,29.4,37.0,1278.0,0,Normal - Physics Aligned
1676666700,34.0522,-118.2437,458.3,56.0,25.0,44.5,1278.0,0,Normal - Physics Aligned
1676667600,36.1627,-115.1398,467.7,55.8,20.8,27.8,407.0,1,Anomaly - Location Spoof
1676668500,34.0522,-118.2437,416.8,54.1,25.8,41.1,1218.0,0,Normal - Physics Aligned
1676669400,34.0522,-118.2437,495.7,60.7,30.9,31.5,1319.0,0,Normal - Physics Aligned
1676670300,34.0522,-118.2437,412.1,52.3,18.1,56.5,1189.0,0,Normal - Physics Aligned
1676671200,34.0522,-118.2437,433.0,51.7,26.0,41.5,1233.0,0,Normal - Physics Aligned
1676672100,34.0522,-118.2437,435.9,54.2,23.3,47.4,1245.0,0,Normal - Physics Aligned
1676673000,34.0522,-118.2437,467.8,59.8,27.0,38.4,1290.0,0,Normal - Physics Aligned
1676673900,34.0522,-118.2437,433.4,54.4,27.0,40.4,1243.0,0,Normal - Physics Aligned
1676674800,34.0522,-118.2437,426.9,54.1,24.6,45.9,1227.0,0,Normal - Physics Aligned
1676675700,34.0522,-118.2437,448.5,53.1,26.7,39.4,1240.0,0,Normal - Physics Aligned
1676676600,34.0522,-118.2437,445.8,57.3,25.0,45.6,1255.0,0,Normal - Physics Aligned
1676677500,34.0522,-118.2437,457.7,54.0,21.6,48.8,1257.0,0,Normal - Physics Aligned
1676678400,34.0522,-118.2437,477.2,61.2,22.8,46.7,1298.0,0,Normal - Physics Aligned
1676679300,36.1627,-115.1398,445.8,52.7,20.7,28.6,402.0,1,Anomaly - Location Spoof
1676680200,34.0522,-118.2437,463.9,56.9,25.3,43.1,1263.0,0,Normal - Physics Aligned
1676681100,34.0522,-118.2437,465.6,56.9,20.9,52.5,1282.0,0,Normal - Physics Aligned
1676682000,34.0522,-118.2437,463.2,58.0,23.0,45.7,1276.0,0,Normal - Physics Aligned
1676682900,34.0522,-118.2437,473.5,58.7,23.0,45.4,1268.0,0,Normal - Physics Aligned
1676683800,34.0522,-118.2437,465.9,57.8,27.1,40.4,1279.0,0,Normal - Physics Aligned
1676684700,34.0522,-118.2437,424.4,48.7,25.3,45.7,1223.0,0,Normal - Physics Aligned
1676685600,34.0522,-118.2437,451.7,53.2,28.9,38.1,1268.0,0,Normal - Physics Aligned
1676686500,34.0522,-118.2437,479.6,57.4,23.3,45.9,1295.0,0,Normal - Physics Aligned
1676687400,34.0522,-118.2437,441.7,54.0,24.0,44.6,1244.0,0,Normal - Physics Aligned
1676688300,34.0522,-118.2437,436.5,54.1,27.2,40.0,1245.0,0,Normal - Physics Aligned
1676689200,34.0522,-118.2437,446.2,54.0,25.6,41.6,1235.0,0,Normal - Physics Aligned
1676690100,34.0522,-118.2437,437.5,55.1,25.6,41.5,1235.0,0,Normal - Physics Aligned
1676691000,36.1627,-115.1398,466.4,56.9,21.1,29.4,414.0,1,Anomaly - Location Spoof
1676691900,34.0522,-118.2437,454.2,54.8,23.8,44.9,1263.0,0,Normal - Physics Aligned
1676692800,34.0522,-118.2437,475.1,57.9,28.9,35.1,1280.0,0,Normal - Physics Aligned
1676693700,34.0522,-118.2437,436.4,51.2,27.6,37.8,1226.0,0,Normal - Physics Aligned
1676694600,34.0522,-118.2437,447.9,53.7,27.8,42.4,403.0,1,Anomaly - Sensor Bagged
1676695500,36.1627,-115.1398,485.2,60.5,20.5,28.9,394.0,1,Anomaly - Location Spoof
1676696400,34.0522,-118.2437,476.4,57.7,24.3,42.2,1282.0,0,Normal - Physics Aligned
1676697300,34.0522,-118.2437,455.5,53.9,25.5,45.5,402.0,1,Anomaly - Sensor Bagged
1676698200,34.0522,-118.2437,468.5,57.6,26.3,47.3,391.0,1,Anomaly - Sensor Bagged
1676699100,34.0522,-118.2437,418.1,52.6,21.6,50.0,1213.0,0,Normal - Physics Aligned
1676700000,34.0522,-118.2437,458.2,55.7,20.1,53.8,1269.0,0,Normal - Physics Aligned
1676700900,34.0522,-118.2437,473.2,58.2,19.3,54.3,1290.0,0,Normal - Physics Aligned
1676701800,34.0522,-118.2437,445.3,57.0,23.5,46.7,1261.0,0,Normal - Physics Aligned
1676702700,34.0522,-118.2437,430.7,52.1,22.6,46.7,1220.0,0,Normal - Physics Aligned
1676703600,34.0522,-118.2437,443.6,54.6,23.2,48.0,1262.0,0,Normal - Physics Aligned
1676704500,34.0522,-118.2437,465.9,56.1,26.6,39.0,1265.0,0,Normal - Physics Aligned
1676705400,34.0522,-118.2437,472.0,55.0,21.6,48.6,1263.0,0,Normal - Physics Aligned
1676706300,34.0522,-118.2437,405.6,49.8,23.6,45.4,1194.0,0,Normal - Physics Aligned
1676707200,34.0522,-118.2437,424.5,50.6,22.0,47.2,1198.0,0,Normal - Physics Aligned
1676708100,34.0522,-118.2437,450.9,59.4,24.9,43.3,1271.0,0,Normal - Physics Aligned
1676709000,34.0522,-118.2437,456.3,56.5,25.1,43.8,1263.0,0,Normal - Physics Aligned
1676709900,34.0522,-118.2437,437.7,51.6,22.8,48.3,1232.0,0,Normal - Physics Aligned
1676710800,34.0522,-118.2437,451.4,55.7,19.9,52.8,1261.0,0,Normal - Physics Aligned
1676711700,34.0522,-118.2437,460.6,56.6,26.5,40.0,1267.0,0,Normal - Physics Aligned
1676712600,34.0522,-118.2437,417.9,51.3,24.5,42.4,1202.0,0,Normal - Physics Aligned
1676713500,34.0522,-118.2437,462.7,59.6,22.0,48.1,1271.0,0,Normal - Physics Aligned
1676714400,34.0522,-118.2437,445.3,54.4,23.8,47.1,1241.0,0,Normal - Physics Aligned
1676715300,34.0522,-118.2437,460.2,59.6,21.4,50.5,1279.0,0,Normal - Physics Aligned
1676716200,34.0522,-118.2437,439.6,54.9,24.6,44.9,1255.0,0,Normal - Physics Aligned
1676717100,34.0522,-118.2437,435.4,51.1,25.2,43.4,1234.0,0,Normal - Physics Aligned
1676718000,34.0522,-118.2437,476.1,59.7,21.3,48.9,1285.0,0,Normal - Physics Aligned
1676718900,34.0522,-118.2437,456.8,55.9,25.8,44.9,400.0,1,Anomaly - Sensor Bagged
1676719800,34.0522,-118.2437,462.7,59.7,23.4,46.8,1278.0,0,Normal - Physics Aligned
1676720700,34.0522,-118.2437,459.9,58.1,25.5,42.0,1254.0,0,Normal - Physics Aligned
1676721600,34.0522,-118.2437,451.8,55.7,21.8,48.9,1243.0,0,Normal - Physics Aligned
1676722500,34.0522,-118.2437,431.9,51.1,20.0,52.4,1210.0,0,Normal - Physics Aligned
1676723400,34.0522,-118.2437,476.4,58.6,27.2,38.8,1278.0,0,Normal - Physics Aligned
1676724300,34.0522,-118.2437,421.2,52.4,21.3,50.5,1214.0,0,Normal - Physics Aligned
1676725200,34.0522,-118.2437,435.7,51.6,26.4,40.5,1225.0,0,Normal - Physics Aligned
1676726100,34.0522,-118.2437,475.1,58.2,24.1,42.9,1266.0,0,Normal - Physics Aligned
1676727000,34.0522,-118.2437,453.8,53.1,20.1,50.5,1242.0,0,Normal - Physics Aligned
1676727900,34.0522,-118.2437,459.7,56.9,22.8,48.7,1275.0,0,Normal - Physics Aligned
1676728800,36.1627,-115.1398,417.0,52.2,20.3,31.5,404.0,1,Anomaly - Location Spoof
1676729700,34.0522,-118.2437,444.8,53.8,23.8,44.1,1229.0,0,Normal - Physics Aligned
1676730600,34.0522,-118.2437,447.5,52.5,25.4,43.4,1249.0,0,Normal - Physics Aligned
1676731500,34.0522,-118.2437,439.4,53.6,23.3,47.1,1230.0,0,Normal - Physics Aligned
1676732400,34.0522,-118.2437,467.4,55.7,20.8,49.6,1254.0,0,Normal - Physics Aligned
1676733300,34.0522,-118.2437,474.2,57.2,23.0,44.8,1271.0,0,Normal - Physics Aligned
1676734200,34.0522,-118.2437,436.1,53.2,29.7,33.3,1248.0,0,Normal - Physics Aligned
1676735100,34.0522,-118.2437,434.0,52.5,20.9,50.9,1223.0,0,Normal - Physics Aligned
1676736000,34.0522,-118.2437,448.2,52.4,24.0,45.1,1239.0,0,Normal - Physics Aligned
1676736900,34.0522,-118.2437,468.2,55.2,24.7,43.0,1282.0,0,Normal - Physics Aligned
1676737800,36.1627,-115.1398,479.5,53.2,21.1,31.3,400.0,1,Anomaly - Location Spoof
1676738700,34.0522,-118.2437,465.9,54.3,22.1,48.3,1264.0,0,Normal - Physics Aligned
1676739600,34.0522,-118.2437,464.9,56.5,24.4,42.8,1267.0,0,Normal - Physics Aligned
1676740500,34.0522,-118.2437,430.9,52.0,21.7,49.8,1229.0,0,Normal - Physics Aligned
1676741400,34.0522,-118.2437,428.1,52.2,24.4,43.5,1214.0,0,Normal - Physics Aligned
1676742300,34.0522,-118.2437,464.8,53.5,21.8,49.6,1268.0,0,Normal - Physics Aligned
1676743200,34.0522,-118.2437,457.4,53.3,22.3,50.4,1257.0,0,Normal - Physics Aligned
1676744100,34.0522,-118.2437,444.8,54.8,23.6,46.3,1250.0,0,Normal - Physics Aligned
1676745000,34.0522,-118.2437,485.8,60.6,25.9,42.6,1307.0,0,Normal - Physics Aligned
1676745900,34.0522,-118.2437,465.7,52.4,25.9,42.1,1265.0,0,Normal - Physics Aligned
1676746800,34.0522,-118.2437,449.2,53.3,26.3,46.9,392.0,1,Anomaly - Sensor Bagged
1676747700,34.0522,-118.2437,474.1,58.7,22.8,47.8,1286.0,0,Normal - Physics Aligned
1676748600,34.0522,-118.2437,471.9,56.7,24.3,45.0,1278.0,0,Normal - Physics Aligned
1676749500,34.0522,-118.2437,428.9,48.0,20.6,48.8,1183.0,0,Normal - Physics Aligned
1676750400,34.0522,-118.2437,435.1,54.7,22.6,47.0,1220.0,0,Normal - Physics Aligned
1676751300,34.0522,-118.2437,443.2,55.7,26.6,39.3,1245.0,0,Normal - Physics Aligned
1676752200,34.0522,-118.2437,437.7,52.2,20.7,49.3,1218.0,0,Normal - Physics Aligned
1676753100,36.1627,-115.1398,442.3,53.1,20.5,31.5,411.0,1,Anomaly - Location Spoof
1676754000,34.0522,-118.2437,442.0,52.3,20.5,50.7,1236.0,0,Normal - Physics Aligned
1676754900,36.1627,-115.1398,409.4,47.8,21.3,25.1,412.0,1,Anomaly - Location Spoof
1676755800,34.0522,-118.2437,433.5,55.0,24.7,42.4,1223.0,0,Normal - Physics Aligned
1676756700,34.0522,-118.2437,479.7,59.2,27.6,38.5,1299.0,0,Normal - Physics Aligned
1676757600,34.0522,-118.2437,507.6,60.0,27.5,46.4,415.0,1,Anomaly - Sensor Bagged
1676758500,34.0522,-118.2437,431.4,52.0,23.1,48.2,1237.0,0,Normal - Physics Aligned
1676759400,34.0522,-118.2437,461.2,54.5,18.6,55.9,1262.0,0,Normal - Physics Aligned
1676760300,34.0522,-118.2437,481.5,58.7,23.0,44.1,413.0,1,Anomaly - Sensor Bagged
1676761200,34.0522,-118.2437,461.7,55.5,27.3,39.2,1259.0,0,Normal - Physics Aligned
1676762100,34.0522,-118.2437,440.6,54.6,19.9,51.8,1217.0,0,Normal - Physics Aligned
1676763000,34.0522,-118.2437,461.0,58.6,25.7,39.2,1270.0,0,Normal - Physics Aligned
1676763900,34.0522,-118.2437,428.7,54.8,19.6,53.4,1228.0,0,Normal - Physics Aligned
1676764800,34.0522,-118.2437,424.0,52.9,26.9,39.9,1223.0,0,Normal - Physics Aligned
1676765700,34.0522,-118.2437,434.1,53.4,22.3,48.7,1225.0,0,Normal - Physics Aligned
1676766600,36.1627,-115.1398,471.3,59.3,20.8,28.8,403.0,1,Anomaly - Location Spoof
1676767500,34.0522,-118.2437,461.7,56.5,23.2,46.9,1278.0,0,Normal - Physics Aligned
1676768400,34.0522,-118.2437,450.3,54.8,21.3,50.3,1249.0,0,Normal - Physics Aligned
1676769300,36.1627,-115.1398,441.9,57.3,20.9,31.1,397.0,1,Anomaly - Location Spoof
1676770200,34.0522,-118.2437,464.6,56.4,25.7,39.6,1252.0,0,Normal - Physics Aligned
1676771100,34.0522,-118.2437,480.5,58.9,29.3,35.3,1299.0,0,Normal - Physics Aligned
1676772000,34.0522,-118.2437,457.8,54.2,23.0,46.5,1245.0,0,Normal - Physics Aligned
1676772900,34.0522,-118.2437,440.5,52.0,24.9,44.8,1234.0,0,Normal - Physics Aligned
1676773800,34.0522,-118.2437,413.3,52.2,28.2,36.5,1212.0,0,Normal - Physics Aligned
1676774700,34.0522,-118.2437,456.9,56.0,22.6,46.4,1251.0,0,Normal - Physics Aligned
1676775600,34.0522,-118.2437,432.5,49.2,26.7,40.6,1224.0,0,Normal - Physics Aligned
1676776500,34.0522,-118.2437,457.3,54.1,24.2,44.3,1251.0,0,Normal - Physics Aligned
1676777400,34.0522,-118.2437,419.9,52.4,23.7,46.3,1214.0,0,Normal - Physics Aligned
1676778300,34.0522,-118.2437,429.8,55.0,26.8,45.9,399.0,1,Anomaly - Sensor Bagged
1676779200,34.0522,-118.2437,461.7,58.1,26.8,39.0,1257.0,0,Normal - Physics Aligned
1676780100,34.0522,-118.2437,480.7,57.9,26.6,44.5,398.0,1,Anomaly - Sensor Bagged
1676781000,34.0522,-118.2437,442.3,56.5,20.4,51.6,1236.0,0,Normal - Physics Aligned
1676781900,36.1627,-115.1398,416.7,50.8,21.0,27.0,386.0,1,Anomaly - Location Spoof
1676782800,36.1627,-115.1398,444.0,53.9,21.2,29.3,408.0,1,Anomaly - Location Spoof
1676783700,34.0522,-118.2437,436.7,54.5,24.8,47.0,402.0,1,Anomaly - Sensor Bagged
1676784600,34.0522,-118.2437,471.5,54.7,28.6,34.9,1269.0,0,Normal - Physics Aligned
1676785500,34.0522,-118.2437,443.1,54.5,24.7,43.7,1237.0,0,Normal - Physics Aligned
1676786400,34.0522,-118.2437,441.5,53.9,26.6,42.3,1243.0,0,Normal - Physics Aligned
1676787300,34.0522,-118.2437,436.3,51.6,25.4,41.8,1209.0,0,Normal - Physics Aligned
1676788200,34.0522,-118.2437,420.6,52.2,25.0,42.4,397.0,1,Anomaly - Sensor Bagged
1676789100,34.0522,-118.2437,420.5,49.2,20.1,52.2,1204.0,0,Normal - Physics Aligned
1676790000,34.0522,-118.2437,469.6,53.4,25.5,42.1,1258.0,0,Normal - Physics Aligned
1676790900,34.0522,-118.2437,469.4,54.4,22.8,46.8,1273.0,0,Normal - Physics Aligned
1676791800,34.0522,-118.2437,445.1,49.8,21.4,48.9,1225.0,0,Normal - Physics Aligned
1676792700,34.0522,-118.2437,491.2,61.0,25.4,39.8,1296.0,0,Normal - Physics Aligned
1676793600,34.0522,-118.2437,417.1,45.9,23.9,44.8,1183.0,0,Normal - Physics Aligned
1676794500,34.0522,-118.2437,445.9,52.1,28.3,36.7,1240.0,0,Normal - Physics Aligned
1676795400,36.1627,-115.1398,440.5,53.9,20.5,30.0,416.0,1,Anomaly - Location Spoof
1676796300,34.0522,-118.2437,431.7,52.3,24.0,45.3,1225.0,0,Normal - Physics Aligned
1676797200,34.0522,-118.2437,423.4,48.6,21.5,49.3,1199.0,0,Normal - Physics Aligned
1676798100,34.0522,-118.2437,427.1,55.4,20.3,53.8,1238.0,0,Normal - Physics Aligned
1676799000,34.0522,-118.2437,481.9,58.5,26.7,42.0,1317.0,0,Normal - Physics Aligned
1676799900,34.0522,-118.2437,461.6,57.6,27.4,38.5,1264.0,0,Normal - Physics Aligned
1676800800,34.0522,-118.2437,440.7,54.1,25.7,42.7,1241.0,0,Normal - Physics Aligned
1676801700,34.0522,-118.2437,430.7,52.6,21.5,50.8,1233.0,0,Normal - Physics Aligned
1676802600,34.0522,-118.2437,467.4,56.4,24.4,44.9,1280.0,0,Normal - Physics Aligned
1676803500,34.0522,-118.2437,485.9,56.3,24.0,44.9,1278.0,0,Normal - Physics Aligned
1676804400,34.0522,-118.2437,484.4,58.9,23.1,46.5,1294.0,0,Normal - Physics Aligned
1676805300,36.1627,-115.1398,447.6,55.9,21.0,31.0,399.0,1,Anomaly - Location Spoof
1676806200,36.1627,-115.1398,474.5,62.6,20.8,27.6,399.0,1,Anomaly - Location Spoof
1676807100,34.0522,-118.2437,452.8,54.3,21.9,49.3,1244.0,0,Normal - Physics Aligned
1676808000,34.0522,-118.2437,455.5,53.9,21.7,50.9,1257.0,0,Normal - Physics Aligned
1676808900,34.0522,-118.2437,461.9,56.2,23.0,47.1,1253.0,0,Normal - Physics Aligned
1676809800,36.1627,-115.1398,441.4,55.3,20.3,30.2,410.0,1,Anomaly - Location Spoof
1676810700,34.0522,-118.2437,455.5,56.0,26.2,41.3,1265.0,0,Normal - Physics Aligned
1676811600,34.0522,-118.2437,425.3,50.5,20.0,52.7,1215.0,0,Normal - Physics Aligned
1676812500,34.0522,-118.2437,451.3,51.4,20.8,51.7,1232.0,0,Normal - Physics Aligned
1676813400,34.0522,-118.2437,439.1,52.6,23.6,45.8,1255.0,0,Normal - Physics Aligned
1676814300,34.0522,-118.2437,453.4,56.2,23.3,44.4,1248.0,0,Normal - Physics Aligned
1676815200,34.0522,-118.2437,442.1,55.7,22.2,48.3,1244.0,0,Normal - Physics Aligned
1676816100,34.0522,-118.2437,435.8,54.2,19.3,54.5,1215.0,0,Normal - Physics Aligned
1676817000,36.1627,-115.1398,431.7,51.4,21.9,30.3,407.0,1,Anomaly - Location Spoof
1676817900,34.0522,-118.2437,458.2,55.9,22.6,47.5,1271.0,0,Normal - Physics Aligned
1676818800,34.0522,-118.2437,447.2,53.4,24.3,43.8,1239.0,0,Normal - Physics Aligned
1676819700,34.0522,-118.2437,482.8,58.6,20.2,51.0,1283.0,0,Normal - Physics Aligned
1676820600,34.0522,-118.2437,419.1,49.9,27.5,48.1,406.0,1,Anomaly - Sensor Bagged
1676821500,34.0522,-118.2437,411.1,47.8,24.7,44.3,1205.0,0,Normal - Physics Aligned
1676822400,34.0522,-118.2437,433.0,51.5,23.8,44.9,1234.0,0,Normal - Physics Aligned
1676823300,34.0522,-118.2437,489.4,60.7,25.9,43.1,1326.0,0,Normal - Physics Aligned
1676824200,34.0522,-118.2437,480.1,55.2,18.6,54.3,1288.0,0,Normal - Physics Aligned
1676825100,34.0522,-118.2437,468.6,60.8,22.6,51.5,1300.0,0,Normal - Physics Aligned
1676826000,34.0522,-118.2437,493.9,61.3,26.9,45.9,411.0,1,Anomaly - Sensor Bagged
1676826900,36.1627,-115.1398,437.4,55.7,20.2,26.4,392.0,1,Anomaly - Location Spoof
1676827800,34.0522,-118.2437,488.5,60.2,22.2,47.9,1301.0,0,Normal - Physics Aligned
1676828700,34.0522,-118.2437,432.8,47.9,18.6,55.8,1206.0,0,Normal - Physics Aligned
1676829600,34.0522,-118.2437,474.8,58.5,25.1,40.5,1270.0,0,Normal - Physics Aligned
1676830500,34.0522,-118.2437,434.0,52.9,24.0,47.3,1244.0,0,Normal - Physics Aligned
1676831400,34.0522,-118.2437,444.4,52.2,25.4,42.8,1233.0,0,Normal - Physics Aligned
1676832300,34.0522,-118.2437,433.5,56.8,20.7,51.3,1227.0,0,Normal - Physics Aligned
1676833200,34.0522,-118.2437,412.0,50.6,25.7,42.4,1204.0,0,Normal - Physics Aligned
1676834100,34.0522,-118.2437,435.9,55.5,23.8,45.6,1233.0,0,Normal - Physics Aligned
1676835000,34.0522,-118.2437,451.8,55.5,21.8,49.0,1244.0,0,Normal - Physics Aligned
1676835900,34.0522,-118.2437,438.6,50.0,21.0,50.5,1217.0,0,Normal - Physics Aligned
1676836800,34.0522,-118.2437,419.1,52.5,21.2,52.2,1236.0,0,Normal - Physics Aligned
1676837700,34.0522,-118.2437,437.9,52.6,24.9,44.6,1240.0,0,Normal - Physics Aligned
1676838600,34.0522,-118.2437,432.3,53.6,21.9,49.1,1226.0,0,Normal - Physics Aligned
1676839500,34.0522,-118.2437,449.1,55.9,22.2,47.1,1258.0,0,Normal - Physics Aligned
1676840400,34.0522,-118.2437,492.6,61.4,24.7,43.3,1311.0,0,Normal - Physics Aligned
1676841300,34.0522,-118.2437,448.4,52.3,25.3,41.4,1230.0,0,Normal - Physics Aligned
1676842200,34.0522,-118.2437,470.8,58.2,26.5,42.1,409.0,1,Anomaly - Sensor Bagged
1676843100,34.0522,-118.2437,429.5,50.8,22.3,47.7,1209.0,0,Normal - Physics Aligned
1676844000,34.0522,-118.2437,451.1,57.8,23.4,49.0,1296.0,0,Normal - Physics Aligned
1676844900,34.0522,-118.2437,457.6,60.3,25.2,40.7,1264.0,0,Normal - Physics Aligned
1676845800,34.0522,-118.2437,478.3,63.0,25.4,42.4,1300.0,0,Normal - Physics Aligned
1676846700,34.0522,-118.2437,431.0,50.0,23.3,47.4,1230.0,0,Normal - Physics Aligned
1676847600,34.0522,-118.2437,444.1,55.5,26.4,38.0,1233.0,0,Normal - Physics Aligned
1676848500,34.0522,-118.2437,457.9,57.6,25.3,41.6,1259.0,0,Normal - Physics Aligned
1676849400,34.0522,-118.2437,454.5,51.8,24.1,43.8,1230.0,0,Normal - Physics Aligned
1676850300,34.0522,-118.2437,451.8,57.6,21.1,46.8,402.0,1,Anomaly - Sensor Bagged
1676851200,34.0522,-118.2437,388.3,47.3,25.2,43.1,1167.0,0,Normal - Physics Aligned
1676852100,34.0522,-118.2437,407.8,48.2,25.3,46.1,412.0,1,Anomaly - Sensor Bagged
1676853000,34.0522,-118.2437,436.2,54.1,26.1,39.7,1219.0,0,Normal - Physics Aligned
1676853900,34.0522,-118.2437,451.0,54.7,21.7,49.3,1246.0,0,Normal - Physics Aligned
1676854800,34.0522,-118.2437,464.3,56.3,25.6,41.6,1275.0,0,Normal - Physics Aligned
1676855700,34.0522,-118.2437,476.5,58.7,28.4,37.5,1295.0,0,Normal - Physics Aligned
1676856600,34.0522,-118.2437,456.4,58.8,25.0,42.4,1263.0,0,Normal - Physics Aligned
1676857500,34.0522,-118.2437,479.4,62.4,24.5,45.5,1314.0,0,Normal - Physics Aligned
1676858400,34.0522,-118.2437,464.4,56.7,21.6,49.8,1261.0,0,Normal - Physics Aligned
1676859300,34.0522,-118.2437,422.5,51.2,25.3,40.6,1207.0,0,Normal - Physics Aligned
1676860200,34.0522,-118.2437,455.5,54.2,26.2,40.5,1244.0,0,Normal - Physics Aligned
1676861100,36.1627,-115.1398,445.6,57.2,21.2,27.6,412.0,1,Anomaly - Location Spoof
1676862000,34.0522,-118.2437,486.9,57.7,23.5,45.3,1298.0,0,Normal - Physics Aligned
1676862900,34.0522,-118.2437,410.4,47.5,22.1,51.6,1199.0,0,Normal - Physics Aligned
1676863800,34.0522,-118.2437,454.5,56.2,24.3,43.0,1247.0,0,Normal - Physics Aligned
1676864700,34.0522,-118.2437,415.8,48.6,23.3,47.4,412.0,1,Anomaly - Sensor Bagged
1676865600,34.0522,-118.2437,471.4,56.2,26.6,39.6,1273.0,0,Normal - Physics Aligned
1676866500,34.0522,-118.2437,475.3,54.9,24.0,45.9,1275.0,0,Normal - Physics Aligned
1676867400,34.0522,-118.2437,444.3,55.3,22.5,48.3,1245.0,0,Normal - Physics Aligned
1676868300,34.0522,-118.2437,439.0,56.1,20.3,49.6,1224.0,0,Normal - Physics Aligned
1676869200,34.0522,-118.2437,419.0,51.4,23.1,46.8,1203.0,0,Normal - Physics Aligned
1676870100,34.0522,-118.2437,465.0,56.5,22.2,46.8,1257.0,0,Normal - Physics Aligned
1676871000,36.1627,-115.1398,455.0,56.9,20.9,28.9,414.0,1,Anomaly - Location Spoof
1676871900,34.0522,-118.2437,448.5,53.2,23.9,44.3,1243.0,0,Normal - Physics Aligned
1676872800,34.0522,-118.2437,443.9,58.6,21.5,47.6,1229.0,0,Normal - Physics Aligned
1676873700,34.0522,-118.2437,449.7,53.6,21.3,48.4,1232.0,0,Normal - Physics Aligned
1676874600,34.0522,-118.2437,446.9,57.0,20.9,46.3,385.0,1,Anomaly - Sensor Bagged
1676875500,34.0522,-118.2437,449.9,54.2,23.7,45.9,1242.0,0,Normal - Physics Aligned
1676876400,34.0522,-118.2437,449.2,53.3,23.5,45.8,1252.0,0,Normal - Physics Aligned
1676877300,34.0522,-118.2437,445.4,50.9,22.3,47.2,1227.0,0,Normal - Physics Aligned
1676878200,34.0522,-118.2437,436.8,54.1,20.8,50.1,1239.0,0,Normal - Physics Aligned
1676879100,34.0522,-118.2437,438.6,52.3,26.9,43.9,414.0,1,Anomaly - Sensor Bagged
1676880000,34.0522,-118.2437,439.4,56.9,21.7,50.1,1238.0,0,Normal - Physics Aligned
1676880900,34.0522,-118.2437,470.7,54.7,21.6,46.7,396.0,1,Anomaly - Sensor Bagged
1676881800,36.1627,-115.1398,461.6,58.1,20.8,32.6,392.0,1,Anomaly - Location Spoof
1676882700,34.0522,-118.2437,441.5,53.0,22.7,48.9,1240.0,0,Normal - Physics Aligned
1676883600,34.0522,-118.2437,476.8,59.8,24.3,46.0,1294.0,0,Normal - Physics Aligned
1676884500,34.0522,-118.2437,459.6,53.0,24.3,44.3,1264.0,0,Normal - Physics Aligned
1676885400,34.0522,-118.2437,432.1,53.3,29.7,33.6,1229.0,0,Normal - Physics Aligned
1676886300,34.0522,-118.2437,464.1,53.6,21.2,49.9,1269.0,0,Normal - Physics Aligned
1676887200,34.0522,-118.2437,437.2,53.2,24.2,44.8,1220.0,0,Normal - Physics Aligned
1676888100,34.0522,-118.2437,457.4,54.4,24.3,43.9,1256.0,0,Normal - Physics Aligned
1676889000,34.0522,-118.2437,460.1,57.2,23.0,46.9,1261.0,0,Normal - Physics Aligned
1676889900,34.0522,-118.2437,442.1,53.9,25.4,39.6,1220.0,0,Normal - Physics Aligned
1676890800,34.0522,-118.2437,498.8,59.1,22.8,46.2,1302.0,0,Normal - Physics Aligned
1676891700,34.0522,-118.2437,440.2,53.1,24.4,47.1,400.0,1,Anomaly - Sensor Bagged
1676892600,34.0522,-118.2437,417.3,52.3,24.5,48.5,407.0,1,Anomaly - Sensor Bagged
1676893500,34.0522,-118.2437,478.8,60.2,28.7,36.0,1297.0,0,Normal - Physics Aligned
1676894400,34.0522,-118.2437,449.0,52.7,24.2,44.5,1250.0,0,Normal - Physics Aligned
1676895300,34.0522,-118.2437,436.1,56.4,25.7,40.4,1230.0,0,Normal - Physics Aligned
1676896200,34.0522,-118.2437,435.4,51.8,22.0,47.7,1219.0,0,Normal - Physics Aligned
1676897100,34.0522,-118.2437,468.0,59.2,20.8,52.0,1284.0,0,Normal - Physics Aligned
1676898000,34.0522,-118.2437,428.6,49.9,24.8,43.9,1213.0,0,Normal - Physics Aligned
1676898900,34.0522,-118.2437,453.3,57.0,21.8,49.3,1258.0,0,Normal - Physics Aligned
1676899800,34.0522,-118.2437,432.0,51.1,26.0,43.0,1234.0,0,Normal - Physics Aligned
1676900700,34.0522,-118.2437,469.5,59.1,24.2,45.4,1280.0,0,Normal - Physics Aligned
1676901600,34.0522,-118.2437,445.6,56.9,26.7,41.1,1251.0,0,Normal - Physics Aligned
1676902500,34.0522,-118.2437,442.7,54.8,26.6,47.6,421.0,1,Anomaly - Sensor Bagged
1676903400,34.0522,-118.2437,457.4,55.0,24.9,44.0,1253.0,0,Normal - Physics Aligned
1676904300,34.0522,-118.2437,451.7,55.0,23.8,46.5,1254.0,0,Normal - Physics Aligned
1676905200,34.0522,-118.2437,462.3,59.4,30.0,33.2,1276.0,0,Normal - Physics Aligned
1676906100,34.0522,-118.2437,460.8,54.0,22.9,46.9,1251.0,0,Normal - Physics Aligned
1676907000,34.0522,-118.2437,513.6,64.0,20.6,52.3,1349.0,0,Normal - Physics Aligned
1676907900,34.0522,-118.2437,429.3,52.8,25.7,42.9,1225.0,0,Normal - Physics Aligned
1676908800,34.0522,-118.2437,498.9,58.6,24.3,42.8,1291.0,0,Normal - Physics Aligned
1676909700,34.0522,-118.2437,438.0,55.8,20.8,51.4,1238.0,0,Normal - Physics Aligned
1676910600,34.0522,-118.2437,445.3,51.8,21.2,49.5,1232.0,0,Normal - Physics Aligned
1676911500,36.1627,-115.1398,455.5,58.6,20.8,32.7,394.0,1,Anomaly - Location Spoof
1676912400,34.0522,-118.2437,431.1,54.1,23.2,47.1,1234.0,0,Normal - Physics Aligned
1676913300,34.0522,-118.2437,472.6,58.4,24.1,44.9,405.0,1,Anomaly - Sensor Bagged
1676914200,34.0522,-118.2437,435.5,55.9,27.5,37.0,1249.0,0,Normal - Physics Aligned
1676915100,34.0522,-118.2437,466.0,57.2,24.4,43.6,1258.0,0,Normal - Physics Aligned
1676916000,34.0522,-118.2437,454.8,56.3,23.1,45.7,1252.0,0,Normal - Physics Aligned
1676916900,34.0522,-118.2437,476.5,57.9,28.4,36.3,1280.0,0,Normal - Physics Aligned
1676917800,34.0522,-118.2437,418.7,49.8,27.6,37.1,1201.0,0,Normal - Physics Aligned
1676918700,34.0522,-118.2437,455.2,56.6,25.9,38.3,1243.0,0,Normal - Physics Aligned
1676919600,34.0522,-118.2437,451.5,54.2,23.8,45.2,1252.0,0,Normal - Physics Aligned
1676920500,34.0522,-118.2437,516.8,64.7,27.5,37.4,1351.0,0,Normal - Physics Aligned
1676921400,34.0522,-118.2437,468.6,56.0,24.7,44.9,1274.0,0,Normal - Physics Aligned
1676922300,34.0522,-118.2437,470.8,56.5,23.3,43.8,1249.0,0,Normal - Physics Aligned
1676923200,34.0522,-118.2437,471.4,53.5,21.8,50.1,399.0,1,Anomaly - Sensor Bagged
1676924100,34.0522,-118.2437,431.2,50.1,26.7,39.0,1210.0,0,Normal - Physics Aligned
1676925000,34.0522,-118.2437,477.8,55.8,28.3,48.4,409.0,1,Anomaly - Sensor Bagged
1676925900,34.0522,-118.2437,415.0,52.7,26.3,42.3,1221.0,0,Normal - Physics Aligned
1676926800,34.0522,-118.2437,436.8,54.5,24.8,44.9,1239.0,0,Normal - Physics Aligned
1676927700,34.0522,-118.2437,477.5,61.9,24.5,44.0,1299.0,0,Normal - Physics Aligned
1676928600,34.0522,-118.2437,435.8,54.3,23.7,48.9,1248.0,0,Normal - Physics Aligned
1676929500,36.1627,-115.1398,481.5,56.9,21.3,28.5,392.0,1,Anomaly - Location Spoof
1676930400,34.0522,-118.2437,448.0,54.4,25.3,47.0,392.0,1,Anomaly - Sensor Bagged
1676931300,34.0522,-118.2437,464.2,57.4,23.6,44.3,1269.0,0,Normal - Physics Aligned
1676932200,34.0522,-118.2437,463.9,56.5,26.9,39.4,1279.0,0,Normal - Physics Aligned
1676933100,34.0522,-118.2437,441.5,52.2,25.3,43.0,1230.0,0,Normal - Physics Aligned
1676934000,34.0522,-118.2437,447.0,57.7,24.2,46.5,1258.0,0,Normal - Physics Aligned
1676934900,34.0522,-118.2437,428.1,51.9,25.2,43.6,1225.0,0,Normal - Physics Aligned
1676935800,34.0522,-118.2437,395.8,47.6,25.7,40.0,1161.0,0,Normal - Physics Aligned
1676936700,34.0522,-118.2437,467.0,57.7,30.9,31.3,1293.0,0,Normal - Physics Aligned
1676937600,34.0522,-118.2437,418.8,50.6,23.3,44.7,1194.0,0,Normal - Physics Aligned
1676938500,34.0522,-118.2437,443.3,52.2,22.2,45.5,1209.0,0,Normal - Physics Aligned
1676939400,34.0522,-118.2437,448.4,53.3,24.3,42.5,1219.0,0,Normal - Physics Aligned
1676940300,34.0522,-118.2437,456.5,58.2,24.7,45.1,415.0,1,Anomaly - Sensor Bagged
1676941200,34.0522,-118.2437,451.6,59.6,24.3,43.3,1267.0,0,Normal - Physics Aligned
1676942100,34.0522,-118.2437,447.7,52.7,24.5,42.3,405.0,1,Anomaly - Sensor Bagged
1676943000,34.0522,-118.2437,451.7,54.4,27.4,37.9,1237.0,0,Normal - Physics Aligned
1676943900,34.0522,-118.2437,468.2,59.8,24.3,44.4,1268.0,0,Normal - Physics Aligned
1676944800,34.0522,-118.2437,476.3,57.5,24.0,44.5,1282.0,0,Normal - Physics Aligned
1676945700,34.0522,-118.2437,494.9,59.1,23.5,44.1,1304.0,0,Normal - Physics Aligned
1676946600,34.0522,-118.2437,461.5,53.2,22.8,49.6,1273.0,0,Normal - Physics Aligned
1676947500,34.0522,-118.2437,456.6,56.7,22.6,47.3,1266.0,0,Normal - Physics Aligned
1676948400,36.1627,-115.1398,455.7,57.7,20.6,28.5,419.0,1,Anomaly - Location Spoof
1676949300,34.0522,-118.2437,417.0,50.0,25.2,40.8,1196.0,0,Normal - Physics Aligned
1676950200,34.0522,-118.2437,431.2,55.0,22.3,44.2,403.0,1,Anomaly - Sensor Bagged
1676951100,34.0522,-118.2437,501.8,63.0,23.6,45.0,1320.0,0,Normal - Physics Aligned
1676952000,34.0522,-118.2437,469.6,58.0,22.6,49.2,1294.0,0,Normal - Physics Aligned
1676952900,34.0522,-118.2437,431.4,54.6,26.0,47.9,416.0,1,Anomaly - Sensor Bagged
1676953800,34.0522,-118.2437,457.5,57.5,19.6,51.8,1260.0,0,Normal - Physics Aligned
1676954700,36.1627,-115.1398,441.7,53.7,21.3,28.4,396.0,1,Anomaly - Location Spoof
1676955600,34.0522,-118.2437,433.1,53.7,29.4,35.2,1224.0,0,Normal - Physics Aligned
1676956500,34.0522,-118.2437,461.2,58.3,23.4,43.4,1248.0,0,Normal - Physics Aligned
1676957400,34.0522,-118.2437,470.4,57.2,22.1,48.1,1271.0,0,Normal - Physics Aligned
1676958300,34.0522,-118.2437,466.2,57.0,26.8,37.5,1251.0,0,Normal - Physics Aligned
1676959200,34.0522,-118.2437,452.0,54.6,26.9,38.0,1240.0,0,Normal - Physics Aligned
1676960100,34.0522,-118.2437,441.9,53.3,28.5,36.0,1237.0,0,Normal - Physics Aligned
1676961000,34.0522,-118.2437,436.4,52.6,21.3,49.4,1226.0,0,Normal - Physics Aligned
1676961900,34.0522,-118.2437,473.0,59.1,27.6,37.3,1280.0,0,Normal - Physics Aligned
1676962800,34.0522,-118.2437,491.5,60.5,18.5,55.4,1315.0,0,Normal - Physics Aligned
1676963700,34.0522,-118.2437,459.0,56.7,22.9,47.1,1260.0,0,Normal - Physics Aligned
1676964600,34.0522,-118.2437,478.8,58.3,25.8,41.6,1303.0,0,Normal - Physics Aligned
1676965500,34.0522,-118.2437,462.8,55.3,24.1,43.7,1274.0,0,Normal - Physics Aligned
1676966400,34.0522,-118.2437,455.9,54.8,20.0,53.6,1270.0,0,Normal - Physics Aligned
1676967300,34.0522,-118.2437,412.7,55.9,23.2,48.0,1223.0,0,Normal - Physics Aligned
1676968200,34.0522,-118.2437,436.2,50.1,23.2,46.2,1226.0,0,Normal - Physics Aligned
1676969100,34.0522,-118.2437,432.4,51.0,26.0,40.6,1210.0,0,Normal - Physics Aligned
1676970000,34.0522,-118.2437,441.7,52.1,23.9,43.4,1214.0,0,Normal - Physics Aligned
1676970900,34.0522,-118.2437,482.3,58.9,24.3,44.2,1290.0,0,Normal - Physics Aligned
1676971800,34.0522,-118.2437,437.1,58.3,22.6,46.0,1231.0,0,Normal - Physics Aligned
1676972700,34.0522,-118.2437,442.2,53.0,25.7,41.7,1241.0,0,Normal - Physics Aligned
1676973600,34.0522,-118.2437,456.1,56.9,22.7,46.6,1252.0,0,Normal - Physics Aligned
1676974500,34.0522,-118.2437,445.9,57.1,22.3,47.6,1253.0,0,Normal - Physics Aligned
1676975400,34.0522,-118.2437,449.5,56.5,23.7,45.9,1267.0,0,Normal - Physics Aligned
1676976300,34.0522,-118.2437,449.3,54.5,24.8,43.0,1251.0,0,Normal - Physics Aligned
1676977200,34.0522,-118.2437,446.1,53.7,23.4,47.0,1261.0,0,Normal - Physics Aligned
1676978100,34.0522,-118.2437,448.3,49.7,25.2,43.4,1226.0,0,Normal - Physics Aligned
1676979000,34.0522,-118.2437,460.2,57.6,23.8,45.8,1279.0,0,Normal - Physics Aligned
1676979900,34.0522,-118.2437,459.9,54.8,26.3,39.0,1244.0,0,Normal - Physics Aligned
1676980800,34.0522,-118.2437,460.1,52.2,23.6,44.0,1237.0,0,Normal - Physics Aligned
1676981700,34.0522,-118.2437,456.1,58.3,25.1,42.6,1258.0,0,Normal - Physics Aligned
1676982600,34.0522,-118.2437,461.9,53.2,25.5,41.0,1245.0,0,Normal - Physics Aligned
1676983500,34.0522,-118.2437,474.2,56.8,24.5,44.8,1272.0,0,Normal - Physics Aligned
1676984400,34.0522,-118.2437,482.0,60.5,24.5,46.0,396.0,1,Anomaly - Sensor Bagged
1676985300,34.0522,-118.2437,441.8,52.7,26.2,41.0,1239.0,0,Normal - Physics Aligned
1676986200,34.0522,-118.2437,470.7,56.5,22.2,50.5,1287.0,0,Normal - Physics Aligned
1676987100,34.0522,-118.2437,430.3,56.7,24.5,44.7,1240.0,0,Normal - Physics Aligned
1676988000,34.0522,-118.2437,447.0,56.7,24.2,45.4,1259.0,0,Normal - Physics Aligned
1676988900,34.0522,-118.2437,470.3,59.0,24.8,43.9,1285.0,0,Normal - Physics Aligned
1676989800,34.0522,-118.2437,411.1,51.4,24.4,43.3,1186.0,0,Normal - Physics Aligned
1676990700,34.0522,-118.2437,460.8,55.8,23.0,45.1,1256.0,0,Normal - Physics Aligned
1676991600,34.0522,-118.2437,453.1,54.8,24.8,43.7,1240.0,0,Normal - Physics Aligned
1676992500,34.0522,-118.2437,435.4,51.4,19.7,53.1,1234.0,0,Normal - Physics Aligned
1676993400,34.0522,-118.2437,466.8,59.0,23.7,45.7,1267.0,0,Normal - Physics Aligned
1676994300,34.0522,-118.2437,464.8,56.4,22.8,45.9,1266.0,0,Normal - Physics Aligned
1676995200,36.1627,-115.1398,442.2,50.2,20.8,29.7,397.0,1,Anomaly - Location Spoof
1676996100,34.0522,-118.2437,465.0,55.4,23.4,44.6,1251.0,0,Normal - Physics Aligned
1676997000,34.0522,-118.2437,461.1,54.9,24.4,46.2,1261.0,0,Normal - Physics Aligned
1676997900,34.0522,-118.2437,444.9,56.6,26.1,54.2,410.0,1,Anomaly - Sensor Bagged
1676998800,34.0522,-118.2437,451.6,50.0,18.0,57.0,1238.0,0,Normal - Physics Aligned
1676999700,34.0522,-118.2437,451.0,55.7,24.7,44.8,1275.0,0,Normal - Physics Aligned
1677000600,34.0522,-118.2437,478.5,59.3,21.7,48.3,1290.0,0,Normal - Physics Aligned
1677001500,34.0522,-118.2437,430.8,49.5,20.9,51.2,1229.0,0,Normal - Physics Aligned
1677002400,34.0522,-118.2437,440.1,55.5,26.0,40.8,1251.0,0,Normal - Physics Aligned
1677003300,34.0522,-118.2437,446.5,53.2,22.0,48.9,1245.0,0,Normal - Physics Aligned
1677004200,34.0522,-118.2437,463.0,53.3,22.9,48.3,1259.0,0,Normal - Physics Aligned
1677005100,34.0522,-118.2437,471.4,55.4,24.8,44.4,1283.0,0,Normal - Physics Aligned
1677006000,34.0522,-118.2437,446.4,51.3,22.4,49.2,1232.0,0,Normal - Physics Aligned
1677006900,34.0522,-118.2437,411.6,54.8,23.8,46.6,405.0,1,Anomaly - Sensor Bagged
1677007800,34.0522,-118.2437,443.8,57.4,20.7,52.6,1262.0,0,Normal - Physics Aligned
1677008700,34.0522,-118.2437,485.4,53.9,26.8,39.0,1271.0,0,Normal - Physics Aligned
1677009600,34.0522,-118.2437,422.5,51.5,25.3,44.0,1218.0,0,Normal - Physics Aligned
1677010500,34.0522,-118.2437,458.1,54.9,23.3,45.6,1245.0,0,Normal - Physics Aligned